claim_id,claim,theorem_or_lemma,proof_or_implementation,checker_or_source,experiment,figure_or_table,raw_evidence,maturity,fresh_recheck,limitations
C01,Exact target bounds form one integer interval,thm:interval-general,paper/sections/regular.tex; theory.md; regular_contracts.contract_interval,contract_oracle.py,regular-one-bit; regular-blocks; regular-annotated,fig:regular-interface; tab:stateful-validation,results/regular-one-bit.csv; results/regular-blocks.csv; results/regular-annotated.csv,paper-proved; finite-checked,2026-09-18: theorem/implementation definitions reconciled; 407040 fixed-bound comparisons report zero mismatch,deterministic finite-state non-erasing expanders; at least one reset symbol; not mechanized
C02,Safe ceiling is infinite exactly on a reachable zero-free source-safe cycle; otherwise longest-path profiles compute it,lem:zero-cycle; thm:safe-algorithm; lem:profile-sufficiency; lem:peak-completeness,paper/sections/regular.tex; paper/appendices/endpoint-details.tex; regular_contracts.py,contract_oracle.py; test_zero_free_safe_cycle_has_infinite_ceiling,regular-one-bit; regular-blocks; regular-annotated,tab:stateful-validation,results/regular-*.csv,paper-proved; finite-checked,2026-09-18: recurrence and witnesses rechecked against independent oracle and state relabeling,pseudo-polynomial in binary-encoded B; finite output blocks are explicit
C03,Invalid floor has an explicit finite lasso horizon and monotone complete search,lem:fixed-reflection; lem:bounded-lasso; thm:floor-algorithm,paper/sections/synthesis.tex; paper/appendices/certificates-details.tex; regular_contracts.py,contract_oracle.py; test_exact_interval_and_lasso_witness,regular-decisions; stateful endpoint families,tab:stateful-validation; tab:decision-validation,results/regular-decisions.csv; results/regular-*.csv,paper-proved; finite-checked,2026-09-18: horizon H=t+(((B+2)|Q|)+2)L and search domain reconciled with code,horizon is complete but deliberately loose; not claimed minimal
C04,Fixed exact contracts have locally checkable closure/liveness certificates,thm:positive-certificate; lem:local-live-dead,paper/sections/synthesis.tex; paper/appendices/certificates-details.tex; contract_certificates.py,independent packet checker; test_contract_certificate_and_mutations,regular-certificates,tab:decision-validation,results/regular-certificates.csv; results/contract-certificates/,paper-proved; executable checker,2026-09-18: 150 packets accepted; 374 mutations rejected,handwritten Python checker; not proof-assistant extracted
C05,Every fixed candidate has an exact packet or at least one directional negative packet; negative directions may overlap and generation uses exact/forward/reverse precedence,def:decision-witnesses; thm:decision-packets,paper/sections/synthesis.tex; paper/appendices/certificates-details.tex; contract_decisions.py,independent packet checker; test_complete_decision_packets; test_decision_witness_directions_can_overlap,regular-decisions,tab:decision-validation,results/regular-decisions.csv; results/decision-certificates/,paper-proved; executable finite evidence,2026-09-18: 29680 precedence-ordered packets checked; 29807 mutations rejected; overlap regression accepts both valid negative directions for one tuple; zero oracle mismatch,finite-state deterministic model only; packet counts follow reporting precedence and do not count every available reverse witness
C06,Exact contracts compose under ordinary deterministic transducer composition,thm:regular-composition,paper/sections/synthesis.tex; transducers.py,contract_oracle.py; finite emitted-word extensional checks,regular-composition; annotated-composition,tab:composition-validation,results/regular-composition.csv; results/annotated-composition.csv,paper-proved; finite-checked,"2026-09-25: 584 exact composites and 47,104 emitted-word checks; zero mismatch","requires exact intermediate language equality and non-erasing deterministic passes; the 47,104 checks compare emitted words, not final implementation-state identifiers"
C07,One-state binary block contracts have complete closed forms including B=0 and B=1,sec:stateless; thm:interval; thm:large; thm:one; thm:zero,paper/sections/stateless.tex; morphisms.py,omega_oracle.py; regular endpoint algorithms; direct fixed-bound reflection oracle; decision lasso checker,classify0..classify4,tab:stateless-validation,results/classify-0.csv through results/classify-4.csv; results/stateless-floor-0.csv through results/stateless-floor-4.csv,paper-proved special case; finite-checked,"2026-09-25: 449,820 configurations and 2,232 exact cells; 1,980 semantic-floor formulas, 3,960 R-1/R reflection decisions, and 1,980 lasso witnesses; zero disagreement",special case only; resetful-miss exceptions at small bounds retained; one-plus-syntactic-upper is valid for the floor only when the exact interval is nonempty
C08,Canonical microstep expansion is a bijection on infinite runs and preserves reset words and erased low labels,thm:run-bijection; lem:finite-factorization; lem:infinite-boundaries,paper/sections/reactive.tex; paper/appendices/reactive-details.tex; expansion.py,finite path traversal by stable source/target edge identifiers; inverse chain parser,canonical-expansions; annotated-expansions,fig:microstep; tab:expansion-validation,results/canonical-expansions.csv; results/annotated-expansions.csv,paper-proved; finite-path checked,"2026-09-25: 7,200 systems; 262,176 paths; 814,592 source labels; parallel identical length-one edges and mixed chain lengths round-trip by identity","canonical deterministic chains only; uniqueness uses complete target edge runs and chain identities, not boundary-state pairs alone; no compiler pass implemented"
C09,An exact word contract restricts the run bijection to fair runs and equates fair low-observation sets,thm:fair-expansion; lem:restrict-bijection,paper/sections/reactive.tex; paper/appendices/reactive-details.tex; theory.md,graph viability comparison,canonical-expansions; annotated-expansions,tab:expansion-validation,results/canonical-expansions.csv; results/annotated-expansions.csv,paper-proved conditional theorem; finite viability checked,2026-09-18: 16650 exact-contract viability agreements,richer observation equality follows from proof; finite campaign checks viability only
C10,"Observation equality preserves viability, may, universal, nonvacuous must, visible progress, and possibilistic low-trace noninterference",cor:four-modes; cor:visible-progress; cor:secret,paper/sections/reactive.tex; theory.md,set-theoretic proof; auxiliary graph query checks,graphs; saturation,tab:aux-validation,results/properties.csv; results/saturation.csv,paper-proved; auxiliary finite-checked,2026-09-18: 216000 Boolean graph answers and all 256 saturation cases agree,"not probabilistic security, constant time, or strategy synthesis"
C11,"Coordinatewise exact contracts are sufficient on one common expanded run, but vector exactness need not imply scalar exactness",prop:coordinatewise,paper/sections/reactive.tex; paper/appendices/reactive-details.tex,proof inspection; multi-obligation monitor baseline,monitor; graphs,tab:aux-validation,results/monitor.csv; results/graphs.csv,paper-proved scope condition,"2026-09-25: common-run proof retained; masking regression uses two L(1,0) source coordinates, output (0,x), and target bounds (0,1)","sufficient direction only; independent per-coordinate runs do not establish simultaneous fairness, and scalar necessity fails under intersection masking"
C12,Ready-set monitor product is adequate for bounded-fair infinite runs,prop:monitor,paper/sections/semantics.tex; fairness.py,reference.window_accepts; graph product checks,monitor; graphs,tab:aux-validation,results/monitor.csv; results/graphs.csv,paper-proved baseline; finite-checked,2026-09-18: 21844 event words and 900 products checked,finite deadlocks are not stuttered into infinite runs
C13,Filtering after projection factors through observations exactly under fiber saturation,prop:saturation,paper/sections/semantics.tex; fairness.py,exhaustive finite set algebra,saturation; boundaries,tab:aux-validation,results/saturation.csv; results/boundaries.csv,paper-proved elementary boundary; finite-checked,2026-09-18: all 256 four-run/two-observation cases agree,abstract run sets; not a complete scheduler knowledge model
C14,"Stateful endpoint validation totals are 576 machines, 23040 tuples, 407040 target bounds, and zero disagreements",none,regular_checks.py; reproduce.py,check_reproduction.py,regular-one-bit; regular-blocks; regular-annotated,tab:stateful-validation,results/summary.json; results/regular-*.csv,measured deterministic finite evidence,2026-09-25: result summaries reconciled; clean comparator matched 60 deterministic scientific files with zero mismatch,not 23040 independent theorem proofs; small finite controls and blocks
C15,"Decision validation returns 130 exact, 6061 forward, and 23489 reverse-by-precedence packets and rejects 29807 mutations",none,regular_checks.py; contract_decisions.py,packet checker; check_reproduction.py,regular-decisions,tab:decision-validation,results/regular-decisions.csv; results/decision-certificates/,measured deterministic finite evidence,2026-09-18: totals reconciled to 29680 precedence-selected packets; clean comparator matched retained packets and summaries with zero mismatch; overlap regression confirms the negative directions are not disjoint,packet counts follow exact/forward/reverse reporting precedence and do not count every available reverse witness; mutation rejection is not a statistical security score
C16,"Reactive expansion validation totals are 7200 systems, 262176 paths, 814592 source labels, and 16650 viability checks",none,regular_checks.py; expansion.py,independent stored-chain walk; check_reproduction.py,canonical-expansions; annotated-expansions,tab:expansion-validation,results/canonical-expansions.csv; results/annotated-expansions.csv,measured deterministic finite evidence,2026-09-18: binary and annotated subtotals reconciled; clean comparator matched retained expansion outputs with zero mismatch,small two-state source systems and bounded path depths
C17,The retained campaign uses one worker and stays within the declared local resource contract,none,reproduce.py,resource module; per-stage records,all 22 stages,sec:validation resource envelope,results/*-resources.json; results/campaign-resources.json; results/clean-reproduction/clean-stage-resources.json,measured,2026-09-25: retained campaign 73.176 CPU s / 73.186 wall s / max 104876 KiB; clean replay 72.587 CPU s / 72.593 wall s / max 104752 KiB; one worker and 3 GiB limit,"machine-dependent; excludes literature, interactive work, uninstrumented exploratory checks, compilation, and other work outside each stated measurement boundary"
C18,"The closest-work delta is the exact bounded-reset interface, not a general semantics or liveness logic",sec:related,paper/sections/related.tex; literature.md,primary scholarly sources and calibration matrix,none,tab:related-delta,literature.md; references.bib,literature-supported scope statement,"2026-09-18: 40 unique cited scholarly works, 14 TOPLAS articles, documented 12-paper full-text TOPLAS calibration, five influential foundations, and five adjacent 2023--2026 papers reconciled across manuscript, BibTeX, literature matrix, and provenance ledger",no priority or acceptance claim; independent expert novelty review absent
C19,"The final manuscript is exactly 50 pages with nine top-level sections, three proof appendices, four native TikZ figures, ten tables, and 40 cited sources",none,paper/main.tex; paper/build.py; paper/sections/; paper/appendices/; paper/figures/,pdfinfo; pdffonts; source-only clean build; 200-DPI page render and visual QA,paper build,entire PDF,paper/main.pdf; results/clean-reproduction/paper-pdfinfo.txt; results/clean-reproduction/paper-fonts.txt; results/clean-reproduction/paper-warning-scan.txt,document-build fact,"2026-09-25: source-only clean build produced 50 pages and 40 bibliography entries; critical warning scan empty; all fonts embedded; all 50 pages rendered at 220 DPI, five contact sheets inspected, and pages 7 and 24 checked at full size",internal acmsmall review/nonacm layout; bibliography ends normally with whitespace on page 50; official live initial-upload and policy rules require manual recheck before external use
