name,url,stable_identifier,license,access_date,resource_type,acquisition_method,integration_mode,supported_claim,internals_modified
Omnisemantics: Smooth Handling of Nondeterminism,https://adam.chlipala.net/papers/OmniTOPLAS23/OmniTOPLAS23.pdf,10.1145/3579834,rights not asserted; not redistributed,2026-09-15,scholarly article,author-hosted PDF; full technical sections inspected,citation and comparison,nondeterministic total/partial judgments and reactive-work boundary,no
"Smooth, Integrated Proofs of Cryptographic Constant Time for Nondeterministic Programs and Compilers",https://adam.chlipala.net/papers/TimingPLDI25/TimingPLDI25.pdf,10.1145/3729318,rights not asserted; not redistributed,2026-09-15,scholarly article,author-hosted PDF; semantic and limitation sections inspected,citation and comparison,leakage-aware nondeterministic compiler contracts for terminating semantics,no
Foundational Verification of Running-Time Bounds for Interactive Programs,https://adam.chlipala.net/papers/MetricsCPP26/MetricsCPP26.pdf,10.1145/3779031.3779088,CC BY 4.0 at source; not redistributed,2026-09-15,scholarly article,author-hosted PDF; reactive and cost sections inspected,citation and comparison,interactive event-loop semantics and verified cost boundary,no
Fair Operational Semantics,https://sf.snu.ac.kr/publications/fairness.pdf,10.1145/3591253,rights not asserted; not redistributed,2026-09-15,scholarly article,author-hosted PDF; definitions and adequacy inspected,citation and comparison,fair operational semantics and simulation baseline,no
"Lilo: A Higher-Order, Relational Concurrent Separation Logic for Liveness",https://sf.snu.ac.kr/publications/lilo.pdf,10.1145/3720525,rights not asserted; not redistributed,2026-09-15,scholarly article,author-hosted PDF; logic and adequacy inspected,citation and comparison,relational compositional liveness reasoning,no
Lawyer: Modular Obligations-Based Liveness Reasoning in Higher-Order Impredicative Concurrent Separation Logic,https://iris-project.org/pdfs/2026-oopsla-lawyer.pdf,10.1145/3798240,CC BY 4.0 at source; not redistributed,2026-09-15,scholarly article,author-hosted PDF; model and adequacy inspected,citation and comparison,obligation-based liveness and weak-fair refinement,no
Promptness and Bounded Fairness in Concurrent and Parameterized Systems,https://people.cs.aau.dk/~mzi/publications/parapara.pdf,10.1007/978-3-030-39322-9_16,author-hosted copy; not redistributed,2026-09-15,scholarly article,author-hosted PDF; definitions and results inspected,citation and comparison,bounded fairness and promptness baseline,no
Verifying Asynchronous Hyperproperties in Reactive Systems,https://finkbeiner.groups.cispa.de/_assets/paper.C3IgFKRj.pdf,10.1145/3763130,CC BY 4.0 at source; not redistributed,2026-09-15,scholarly article,author-hosted PDF; statement and examples inspected,citation and comparison,asynchronous reactive hyperproperty baseline,no
Finitary Fairness,https://doi.org/10.1145/295656.295659,10.1145/295656.295659,rights not asserted; not redistributed,2026-09-15,scholarly article,publisher metadata and accessible text,citation and comparison,finitary fairness foundation,no
Promptness in omega-Regular Automata,https://doi.org/10.1007/978-3-642-15643-4_4,10.1007/978-3-642-15643-4_4,rights not asserted; not redistributed,2026-09-15,scholarly article,publisher/author metadata and accessible text,citation and comparison,promptness automata baseline,no
Regular Transformations of Infinite Strings,https://doi.org/10.1109/LICS.2012.18,10.1109/LICS.2012.18,rights not asserted; not redistributed,2026-09-15,scholarly article,publisher/author metadata and accessible text,citation and comparison,finite-state transformations of omega words,no
"Regular Cost Functions, Part I: Logic and Algebra over Words",https://doi.org/10.2168/LMCS-9(3:3)2013,10.2168/LMCS-9(3:3)2013,open-access article; not redistributed,2026-09-15,scholarly article,open-access article text,citation and comparison,general regular quantitative word framework,no
Quantitative Languages,https://doi.org/10.1145/1805950.1805953,10.1145/1805950.1805953,rights not asserted; not redistributed,2026-09-15,scholarly article,publisher/author metadata and accessible text,citation and comparison,quantitative language foundation,no
Interaction Trees: Representing Recursive and Impure Programs in Coq,https://doi.org/10.1145/3371119,10.1145/3371119,open-access article; not redistributed,2026-09-15,scholarly article,publisher/author text,citation and comparison,coinductive interactive computation representation,no
An Extended Account of Trace-Relating Compiler Correctness and Secure Compilation,https://doi.org/10.1145/3460860,10.1145/3460860,rights not asserted; not redistributed,2026-09-15,scholarly article,publisher/author text,citation and comparison,trace relations and secure compiler property transfer,no
Hyperproperties,https://doi.org/10.3233/JCS-2009-0393,10.3233/JCS-2009-0393,rights not asserted; not redistributed,2026-09-15,scholarly article,publisher/author text,citation and comparison,properties of trace sets,no
The Existence of Refinement Mappings,https://doi.org/10.1016/0304-3975(91)90224-P,10.1016/0304-3975(91)90224-P,rights not asserted; not redistributed,2026-09-15,scholarly article,publisher/author text,citation and comparison,classical refinement mapping conditions,no
Forward and Backward Simulations—I: Untimed Systems,https://doi.org/10.1006/inco.1995.1134,10.1006/inco.1995.1134,rights not asserted; not redistributed,2026-09-15,scholarly article,publisher/author text,citation and comparison,simulation completeness and behavior relation baseline,no
Formal Verification of a Realistic Compiler,https://doi.org/10.1145/1538788.1538814,10.1145/1538788.1538814,rights not asserted; not redistributed,2026-09-15,scholarly article,publisher/author text,citation and comparison,verified production compiler baseline,no
Coinductive Big-Step Operational Semantics,https://doi.org/10.1016/j.ic.2007.12.004,10.1016/j.ic.2007.12.004,rights not asserted; not redistributed,2026-09-15,scholarly article,publisher/author text,citation and comparison,coinductive infinite-behavior semantics,no
TaDA Live: Compositional Reasoning for Termination of Fine-Grained Concurrent Programs,https://doi.org/10.1145/3477082,10.1145/3477082,rights not asserted; not redistributed,2026-09-15,scholarly article,publisher/author text,citation and structural calibration,compositional liveness logic baseline,no
Recognizing Safety and Liveness,https://doi.org/10.1007/BF01782772,10.1007/BF01782772,rights not asserted; not redistributed,2026-09-15,scholarly article,publisher/author text,citation and comparison,safety/liveness decomposition,no
Supplied acmart class,https://www.acm.org/publications/authors/submissions,user-supplied acmart template,LPPL 1.3c; upstream LICENSE retained,2026-09-15,publisher template,user-supplied matched template archive,unmodified paper/acmart.cls,internal acmsmall journal-family layout,no
Supplied ACM-Reference-Format bibliography style,https://www.acm.org/publications/authors/submissions,user-supplied ACM-Reference-Format.bst,public-domain notice in style header,2026-09-15,publisher bibliography style,user-supplied matched template archive,unmodified paper/ACM-Reference-Format.bst,bibliography formatting,no
Python standard library,https://docs.python.org/3/license.html,Python 3 standard library,PSF license; runtime not redistributed,2026-09-15,runtime,preinstalled local runtime,unmodified interpreter,deterministic finite checking and generation,no
TOPLAS author guide,https://dl.acm.org/journal/toplas/author-guidelines,current official guide,not redistributed,2026-09-18,workflow rule page,official URL and search metadata rechecked; full page access remained inconsistent in this environment,no substantive text integrated,"live venue, template, authorship, and disclosure rules require a final manual first-party check before external submission",no
ACM author submissions,https://www.acm.org/publications/authors/submissions,current official submissions page,not redistributed,2026-09-18,workflow rule page,official URL and search metadata rechecked; full page access remained inconsistent in this environment,no substantive text integrated,"live venue, template, authorship, and disclosure rules require a final manual first-party check before external submission",no
ACM authorship policy,https://www.acm.org/publications/policies/new-acm-policy-on-authorship,current official policy,not redistributed,2026-09-18,workflow policy page,official URL and search metadata rechecked; full page access remained inconsistent in this environment,no substantive rule text integrated,"live venue, template, authorship, and disclosure rules require a final manual first-party check before external submission",no
Transition Predicate Abstraction and Fair Termination,https://doi.org/10.1145/1232420.1232422,10.1145/1232420.1232422,rights not asserted; not redistributed,2026-09-18,scholarly article,"publisher metadata and author/repository full text; theorem, algorithm, and evaluation structure inspected","citation, closest-work comparison, and structural calibration",fair termination via transition predicate abstraction; safety/liveness proof separation,no
Abstract Interpretation of Reactive Systems,https://doi.org/10.1145/244795.244800,10.1145/244795.244800,rights not asserted; not redistributed,2026-09-18,scholarly article,publisher metadata and institutional-repository full text; preservation and abstraction sections inspected,"citation, closest-work comparison, and structural calibration",property-preserving abstraction for existential and universal reactive properties,no
Model Checking and Abstraction,https://doi.org/10.1145/186025.186051,10.1145/186025.186051,rights not asserted; not redistributed,2026-09-18,scholarly article,publisher metadata and accessible full text; abstraction construction and preservation results inspected,"citation, closest-work comparison, and structural calibration","abstraction, preservation, and counterexample-oriented model checking baseline",no
Model Checking and Modular Verification,https://doi.org/10.1145/177492.177725,10.1145/177492.177725,rights not asserted; not redistributed,2026-09-18,scholarly article,publisher metadata and accessible substantive text; module/environment construction inspected,"citation, closest-work comparison, and structural calibration",modular model checking and explicit environment assumptions,no
Composing Specifications,https://doi.org/10.1145/151646.151649,10.1145/151646.151649,rights not asserted; not redistributed,2026-09-18,scholarly article,publisher metadata and accessible full text; composition and liveness conditions inspected,"citation, closest-work comparison, and structural calibration",composition of safety and liveness specifications,no
Compositional Specification and Verification of Distributed Systems,https://doi.org/10.1145/174662.174665,10.1145/174662.174665,rights not asserted; not redistributed,2026-09-18,scholarly article,publisher metadata and accessible full text; interface and compositionality results inspected,"citation, closest-work comparison, and structural calibration",compositional distributed-system specification and verification,no
An Automata-Theoretic Approach to Modular Model Checking,https://doi.org/10.1145/345099.345104,10.1145/345099.345104,rights not asserted; not redistributed,2026-09-18,scholarly article,publisher metadata and accessible full text; automata reduction and complexity sections inspected,"citation, closest-work comparison, and structural calibration",automata-theoretic modular verification and environment quantification,no
CSim2: Compositional Top-down Verification of Concurrent Systems using Rely-Guarantee,https://doi.org/10.1145/3436808,10.1145/3436808,rights not asserted; not redistributed,2026-09-18,scholarly article,"publisher metadata and accessible author/publisher text; framework, proof, and case-study sections inspected","citation, closest-work comparison, and structural calibration",simulation-based compositional verification with mechanized evidence,no
The Temporal Logic of Actions,https://doi.org/10.1145/177492.177726,10.1145/177492.177726,rights not asserted; not redistributed,2026-09-18,scholarly article,"publisher metadata and accessible full text; behavior, stuttering, and fairness sections inspected",citation and comparison,"action-based reactive specifications, stuttering, safety, and liveness baseline",no
Automatic Verification of Finite-State Concurrent Systems Using Temporal Logic Specifications,https://doi.org/10.1145/5397.5399,10.1145/5397.5399,rights not asserted; not redistributed,2026-09-18,scholarly article,publisher metadata and accessible substantive text; algorithm and experimental examples inspected,citation and comparison,classical finite-state temporal model-checking baseline,no
Fair Simulation,https://doi.org/10.1006/inco.2001.3085,10.1006/inco.2001.3085,rights not asserted; not redistributed,2026-09-18,scholarly article,"publisher metadata and author-hosted full text; definitions, game characterization, and algorithms inspected",citation and closest-work comparison,qualitative fair simulation and game-based refinement baseline,no
Module Checking,https://doi.org/10.1006/inco.2000.2893,10.1006/inco.2000.2893,rights not asserted; not redistributed,2026-09-18,scholarly article,publisher metadata and accessible full text; open-system semantics and complexity results inspected,citation and comparison,open reactive systems and environment-tree verification,no
Alternating Refinement Relations,https://doi.org/10.1007/BFb0055622,10.1007/BFb0055622,rights not asserted; not redistributed,2026-09-18,scholarly article,publisher metadata and accessible author/publisher text; alternating refinement definitions and results inspected,citation and comparison,game-aware refinement under component/environment choices,no
Interface Automata,https://doi.org/10.1145/503209.503226,10.1145/503209.503226,rights not asserted; not redistributed,2026-09-18,scholarly article,publisher metadata and author-hosted full text; compatibility and composition results inspected,citation and comparison,interface compatibility and alternating input/output behavior,no
From Liveness to Promptness,https://doi.org/10.1007/s10703-009-0067-z,10.1007/s10703-009-0067-z,rights not asserted; not redistributed,2026-09-18,scholarly article,publisher metadata and accessible author text; prompt temporal operators and realizability results inspected,citation and comparison,promptness as bounded liveness baseline,no
Expressiveness of Streaming String Transducers,https://doi.org/10.4230/LIPIcs.FSTTCS.2010.1,10.4230/LIPIcs.FSTTCS.2010.1,open-access article; not redistributed,2026-09-18,scholarly article,"publisher open-access full text; model, equivalence, and closure results inspected",citation and comparison,stateful regular finite-string transduction baseline,no
MSO Definable String Transductions and Two-Way Finite-State Transducers,https://doi.org/10.1145/371316.371512,10.1145/371316.371512,rights not asserted; not redistributed,2026-09-18,scholarly article,publisher metadata and accessible full text; characterization results inspected,citation and comparison,logical and automata characterizations of finite-string transductions,no
Proof-Carrying Code,https://doi.org/10.1145/263699.263712,10.1145/263699.263712,rights not asserted; not redistributed,2026-09-18,scholarly article,publisher metadata and author-hosted full text; producer/consumer certificate architecture inspected,citation and comparison,independently checkable evidence and trusted-checker baseline,no
