system,machine,source_edges,expanded_states,expanded_edges,finite_paths_checked,exact_contracts_checked,viability_agreements
s017,af00,2,6,6,4,0,0
s017,af01,2,6,6,4,0,0
s017,af02,2,6,6,4,0,0
s017,af03,2,6,6,4,0,0
s017,af04,2,6,6,4,0,0
s017,af05,2,6,6,4,0,0
s017,af06,2,6,6,4,0,0
s017,af07,2,6,6,4,0,0
s017,af08,2,6,6,4,0,0
s017,af09,2,6,6,4,0,0
s017,af10,2,6,6,4,0,0
s017,af11,2,6,6,4,0,0
s017,af12,2,6,6,4,3,3
s017,af13,2,6,6,4,1,1
s017,af14,2,6,6,4,1,1
s017,af15,2,6,6,4,8,8
s018,af00,2,6,6,4,0,0
s018,af01,2,6,6,4,0,0
s018,af02,2,6,6,4,0,0
s018,af03,2,6,6,4,0,0
s018,af04,2,6,6,4,0,0
s018,af05,2,6,6,4,0,0
s018,af06,2,6,6,4,0,0
s018,af07,2,6,6,4,0,0
s018,af08,2,6,6,4,0,0
s018,af09,2,6,6,4,0,0
s018,af10,2,6,6,4,0,0
s018,af11,2,6,6,4,0,0
s018,af12,2,6,6,4,3,3
s018,af13,2,6,6,4,1,1
s018,af14,2,6,6,4,1,1
s018,af15,2,6,6,4,8,8
s019,af00,3,7,9,11,0,0
s019,af01,3,7,9,11,0,0
s019,af02,3,7,9,11,0,0
s019,af03,3,7,9,11,0,0
s019,af04,3,7,9,11,0,0
s019,af05,3,7,9,11,0,0
s019,af06,3,7,9,11,0,0
s019,af07,3,7,9,11,0,0
s019,af08,3,7,9,11,0,0
s019,af09,3,7,9,11,0,0
s019,af10,3,7,9,11,0,0
s019,af11,3,7,9,11,0,0
s019,af12,3,7,9,11,3,3
s019,af13,3,7,9,11,1,1
s019,af14,3,7,9,11,1,1
s019,af15,3,7,9,11,8,8
s020,af00,2,5,5,4,0,0
s020,af01,2,6,6,4,0,0
s020,af02,2,5,5,4,0,0
s020,af03,2,6,6,4,0,0
s020,af04,2,6,6,4,0,0
s020,af05,2,7,7,4,0,0
s020,af06,2,6,6,4,0,0
s020,af07,2,7,7,4,0,0
s020,af08,2,5,5,4,0,0
s020,af09,2,6,6,4,0,0
s020,af10,2,5,5,4,0,0
s020,af11,2,6,6,4,0,0
s020,af12,2,6,6,4,3,3
s020,af13,2,7,7,4,1,1
s020,af14,2,6,6,4,1,1
s020,af15,2,7,7,4,8,8
s021,af00,3,6,8,15,0,0
s021,af01,3,6,8,15,0,0
s021,af02,3,7,9,15,0,0
s021,af03,3,7,9,15,0,0
s021,af04,3,6,8,15,0,0
s021,af05,3,6,8,15,0,0
s021,af06,3,7,9,15,0,0
s021,af07,3,7,9,15,0,0
s021,af08,3,7,9,15,0,0
s021,af09,3,7,9,15,0,0
s021,af10,3,8,10,15,0,0
s021,af11,3,8,10,15,0,0
s021,af12,3,7,9,15,3,3
s021,af13,3,7,9,15,1,1
s021,af14,3,8,10,15,1,1
s021,af15,3,8,10,15,8,8
s022,af00,3,6,8,11,0,0
s022,af01,3,6,8,11,0,0
s022,af02,3,7,9,11,0,0
s022,af03,3,7,9,11,0,0
s022,af04,3,6,8,11,0,0
s022,af05,3,6,8,11,0,0
s022,af06,3,7,9,11,0,0
s022,af07,3,7,9,11,0,0
s022,af08,3,7,9,11,0,0
s022,af09,3,7,9,11,0,0
s022,af10,3,8,10,11,0,0
s022,af11,3,8,10,11,0,0
s022,af12,3,7,9,11,3,3
s022,af13,3,7,9,11,1,1
s022,af14,3,8,10,11,1,1
s022,af15,3,8,10,11,8,8
s023,af00,4,7,11,28,0,0
s023,af01,4,8,12,28,0,0
s023,af02,4,7,11,28,0,0
s023,af03,4,8,12,28,0,0
s023,af04,4,8,12,28,0,0
s023,af05,4,9,13,28,0,0
s023,af06,4,8,12,28,0,0
s023,af07,4,9,13,28,0,0
s023,af08,4,7,11,28,0,0
s023,af09,4,8,12,28,0,0
s023,af10,4,7,11,28,0,0
s023,af11,4,8,12,28,0,0
s023,af12,4,8,12,28,3,3
s023,af13,4,9,13,28,1,1
s023,af14,4,8,12,28,1,1
s023,af15,4,9,13,28,8,8
s024,af00,2,5,5,4,0,0
s024,af01,2,6,6,4,0,0
s024,af02,2,5,5,4,0,0
s024,af03,2,6,6,4,0,0
s024,af04,2,6,6,4,0,0
s024,af05,2,7,7,4,0,0
s024,af06,2,6,6,4,0,0
s024,af07,2,7,7,4,0,0
s024,af08,2,5,5,4,0,0
s024,af09,2,6,6,4,0,0
s024,af10,2,5,5,4,0,0
s024,af11,2,6,6,4,0,0
s024,af12,2,6,6,4,3,3
s024,af13,2,7,7,4,1,1
s024,af14,2,6,6,4,1,1
s024,af15,2,7,7,4,8,8
s025,af00,3,6,8,11,0,0
s025,af01,3,6,8,11,0,0
s025,af02,3,7,9,11,0,0
s025,af03,3,7,9,11,0,0
s025,af04,3,6,8,11,0,0
s025,af05,3,6,8,11,0,0
s025,af06,3,7,9,11,0,0
s025,af07,3,7,9,11,0,0
s025,af08,3,7,9,11,0,0
s025,af09,3,7,9,11,0,0
s025,af10,3,8,10,11,0,0
s025,af11,3,8,10,11,0,0
s025,af12,3,7,9,11,3,3
s025,af13,3,7,9,11,1,1
s025,af14,3,8,10,11,1,1
s025,af15,3,8,10,11,8,8
s026,af00,3,6,8,9,0,0
s026,af01,3,6,8,9,0,0
s026,af02,3,7,9,9,0,0
s026,af03,3,7,9,9,0,0
s026,af04,3,6,8,9,0,0
s026,af05,3,6,8,9,0,0
s026,af06,3,7,9,9,0,0
s026,af07,3,7,9,9,0,0
s026,af08,3,7,9,9,0,0
s026,af09,3,7,9,9,0,0
s026,af10,3,8,10,9,0,0
s026,af11,3,8,10,9,0,0
s026,af12,3,7,9,9,3,3
s026,af13,3,7,9,9,1,1
s026,af14,3,8,10,9,1,1
s026,af15,3,8,10,9,8,8
s027,af00,4,7,11,20,0,0
s027,af01,4,8,12,20,0,0
s027,af02,4,7,11,20,0,0
s027,af03,4,8,12,20,0,0
s027,af04,4,8,12,20,0,0
s027,af05,4,9,13,20,0,0
s027,af06,4,8,12,20,0,0
s027,af07,4,9,13,20,0,0
s027,af08,4,7,11,20,0,0
s027,af09,4,8,12,20,0,0
s027,af10,4,7,11,20,0,0
s027,af11,4,8,12,20,0,0
s027,af12,4,8,12,20,3,3
s027,af13,4,9,13,20,1,1
s027,af14,4,8,12,20,1,1
s027,af15,4,9,13,20,8,8
s028,af00,3,5,7,11,0,0
s028,af01,3,6,8,11,0,0
s028,af02,3,6,8,11,0,0
s028,af03,3,7,9,11,0,0
s028,af04,3,6,8,11,0,0
s028,af05,3,7,9,11,0,0
s028,af06,3,7,9,11,0,0
s028,af07,3,8,10,11,0,0
s028,af08,3,6,8,11,0,0
s028,af09,3,7,9,11,0,0
s028,af10,3,7,9,11,0,0
s028,af11,3,8,10,11,0,0
s028,af12,3,7,9,11,3,3
s028,af13,3,8,10,11,1,1
s028,af14,3,8,10,11,1,1
s028,af15,3,9,11,11,8,8
s029,af00,4,6,10,28,0,0
s029,af01,4,7,11,28,0,0
s029,af02,4,7,11,28,0,0
s029,af03,4,8,12,28,0,0
s029,af04,4,7,11,28,0,0
s029,af05,4,8,12,28,0,0
s029,af06,4,8,12,28,0,0
s029,af07,4,9,13,28,0,0
s029,af08,4,7,11,28,0,0
s029,af09,4,8,12,28,0,0
s029,af10,4,8,12,28,0,0
s029,af11,4,9,13,28,0,0
s029,af12,4,8,12,28,3,3
s029,af13,4,9,13,28,1,1
s029,af14,4,9,13,28,1,1
s029,af15,4,10,14,28,8,8
s030,af00,4,6,10,20,0,0
s030,af01,4,7,11,20,0,0
s030,af02,4,7,11,20,0,0
s030,af03,4,8,12,20,0,0
s030,af04,4,7,11,20,0,0
s030,af05,4,8,12,20,0,0
s030,af06,4,8,12,20,0,0
s030,af07,4,9,13,20,0,0
s030,af08,4,7,11,20,0,0
s030,af09,4,8,12,20,0,0
s030,af10,4,8,12,20,0,0
s030,af11,4,9,13,20,0,0
s030,af12,4,8,12,20,3,3
s030,af13,4,9,13,20,1,1
s030,af14,4,9,13,20,1,1
s030,af15,4,10,14,20,8,8
s031,af00,5,7,13,43,0,0
s031,af01,5,8,14,43,0,0
s031,af02,5,8,14,43,0,0
s031,af03,5,9,15,43,0,0
s031,af04,5,8,14,43,0,0
s031,af05,5,9,15,43,0,0
s031,af06,5,9,15,43,0,0
s031,af07,5,10,16,43,0,0
s031,af08,5,8,14,43,0,0
s031,af09,5,9,15,43,0,0
s031,af10,5,9,15,43,0,0
s031,af11,5,10,16,43,0,0
s031,af12,5,9,15,43,3,3
s031,af13,5,10,16,43,1,1
s031,af14,5,10,16,43,1,1
s031,af15,5,11,17,43,8,8
s033,af00,2,6,6,4,0,0
s033,af01,2,6,6,4,0,0
s033,af02,2,6,6,4,0,0
s033,af03,2,6,6,4,0,0
s033,af04,2,6,6,4,0,0
s033,af05,2,6,6,4,0,0
s033,af06,2,6,6,4,0,0
s033,af07,2,6,6,4,0,0
s033,af08,2,6,6,4,0,0
s033,af09,2,6,6,4,0,0
s033,af10,2,6,6,4,0,0
s033,af11,2,6,6,4,0,0
s033,af12,2,6,6,4,3,3
s033,af13,2,6,6,4,1,1
s033,af14,2,6,6,4,1,1
s033,af15,2,6,6,4,8,8
s034,af00,2,6,6,4,0,0
s034,af01,2,6,6,4,0,0
s034,af02,2,6,6,4,0,0
s034,af03,2,6,6,4,0,0
s034,af04,2,6,6,4,0,0
s034,af05,2,6,6,4,0,0
s034,af06,2,6,6,4,0,0
s034,af07,2,6,6,4,0,0
s034,af08,2,6,6,4,0,0
s034,af09,2,6,6,4,0,0
s034,af10,2,6,6,4,0,0
s034,af11,2,6,6,4,0,0
s034,af12,2,6,6,4,3,3
s034,af13,2,6,6,4,1,1
s034,af14,2,6,6,4,1,1
s034,af15,2,6,6,4,8,8
s035,af00,3,7,9,10,0,0
s035,af01,3,7,9,10,0,0
s035,af02,3,7,9,10,0,0
s035,af03,3,7,9,10,0,0
s035,af04,3,7,9,10,0,0
s035,af05,3,7,9,10,0,0
s035,af06,3,7,9,10,0,0
s035,af07,3,7,9,10,0,0
s035,af08,3,7,9,10,0,0
s035,af09,3,7,9,10,0,0
s035,af10,3,7,9,10,0,0
s035,af11,3,7,9,10,0,0
s035,af12,3,7,9,10,3,3
s035,af13,3,7,9,10,1,1
s035,af14,3,7,9,10,1,1
s035,af15,3,7,9,10,8,8
s036,af00,2,5,5,4,0,0
s036,af01,2,6,6,4,0,0
s036,af02,2,5,5,4,0,0
s036,af03,2,6,6,4,0,0
s036,af04,2,6,6,4,0,0
s036,af05,2,7,7,4,0,0
s036,af06,2,6,6,4,0,0
s036,af07,2,7,7,4,0,0
s036,af08,2,5,5,4,0,0
s036,af09,2,6,6,4,0,0
s036,af10,2,5,5,4,0,0
s036,af11,2,6,6,4,0,0
s036,af12,2,6,6,4,3,3
s036,af13,2,7,7,4,1,1
s036,af14,2,6,6,4,1,1
s036,af15,2,7,7,4,8,8
s037,af00,3,6,8,15,0,0
s037,af01,3,6,8,15,0,0
s037,af02,3,7,9,15,0,0
s037,af03,3,7,9,15,0,0
s037,af04,3,6,8,15,0,0
s037,af05,3,6,8,15,0,0
s037,af06,3,7,9,15,0,0
s037,af07,3,7,9,15,0,0
s037,af08,3,7,9,15,0,0
s037,af09,3,7,9,15,0,0
s037,af10,3,8,10,15,0,0
s037,af11,3,8,10,15,0,0
s037,af12,3,7,9,15,3,3
s037,af13,3,7,9,15,1,1
s037,af14,3,8,10,15,1,1
s037,af15,3,8,10,15,8,8
s038,af00,3,6,8,10,0,0
s038,af01,3,6,8,10,0,0
s038,af02,3,7,9,10,0,0
s038,af03,3,7,9,10,0,0
s038,af04,3,6,8,10,0,0
s038,af05,3,6,8,10,0,0
s038,af06,3,7,9,10,0,0
s038,af07,3,7,9,10,0,0
s038,af08,3,7,9,10,0,0
s038,af09,3,7,9,10,0,0
s038,af10,3,8,10,10,0,0
s038,af11,3,8,10,10,0,0
s038,af12,3,7,9,10,3,3
s038,af13,3,7,9,10,1,1
s038,af14,3,8,10,10,1,1
s038,af15,3,8,10,10,8,8
s039,af00,4,7,11,26,0,0
s039,af01,4,8,12,26,0,0
s039,af02,4,7,11,26,0,0
s039,af03,4,8,12,26,0,0
s039,af04,4,8,12,26,0,0
s039,af05,4,9,13,26,0,0
s039,af06,4,8,12,26,0,0
s039,af07,4,9,13,26,0,0
s039,af08,4,7,11,26,0,0
s039,af09,4,8,12,26,0,0
s039,af10,4,7,11,26,0,0
s039,af11,4,8,12,26,0,0
s039,af12,4,8,12,26,3,3
s039,af13,4,9,13,26,1,1
s039,af14,4,8,12,26,1,1
s039,af15,4,9,13,26,8,8
s040,af00,2,5,5,4,0,0
s040,af01,2,6,6,4,0,0
s040,af02,2,5,5,4,0,0
s040,af03,2,6,6,4,0,0
s040,af04,2,6,6,4,0,0
s040,af05,2,7,7,4,0,0
s040,af06,2,6,6,4,0,0
s040,af07,2,7,7,4,0,0
s040,af08,2,5,5,4,0,0
s040,af09,2,6,6,4,0,0
s040,af10,2,5,5,4,0,0
s040,af11,2,6,6,4,0,0
s040,af12,2,6,6,4,3,3
s040,af13,2,7,7,4,1,1
s040,af14,2,6,6,4,1,1
s040,af15,2,7,7,4,8,8
s041,af00,3,6,8,10,0,0
s041,af01,3,6,8,10,0,0
s041,af02,3,7,9,10,0,0
s041,af03,3,7,9,10,0,0
s041,af04,3,6,8,10,0,0
s041,af05,3,6,8,10,0,0
s041,af06,3,7,9,10,0,0
s041,af07,3,7,9,10,0,0
s041,af08,3,7,9,10,0,0
s041,af09,3,7,9,10,0,0
s041,af10,3,8,10,10,0,0
s041,af11,3,8,10,10,0,0
s041,af12,3,7,9,10,3,3
s041,af13,3,7,9,10,1,1
s041,af14,3,8,10,10,1,1
s041,af15,3,8,10,10,8,8
s042,af00,3,6,8,7,0,0
s042,af01,3,6,8,7,0,0
s042,af02,3,7,9,7,0,0
s042,af03,3,7,9,7,0,0
s042,af04,3,6,8,7,0,0
s042,af05,3,6,8,7,0,0
s042,af06,3,7,9,7,0,0
s042,af07,3,7,9,7,0,0
s042,af08,3,7,9,7,0,0
s042,af09,3,7,9,7,0,0
s042,af10,3,8,10,7,0,0
s042,af11,3,8,10,7,0,0
s042,af12,3,7,9,7,3,3
s042,af13,3,7,9,7,1,1
s042,af14,3,8,10,7,1,1
s042,af15,3,8,10,7,8,8
s043,af00,4,7,11,16,0,0
s043,af01,4,8,12,16,0,0
s043,af02,4,7,11,16,0,0
s043,af03,4,8,12,16,0,0
s043,af04,4,8,12,16,0,0
s043,af05,4,9,13,16,0,0
s043,af06,4,8,12,16,0,0
s043,af07,4,9,13,16,0,0
s043,af08,4,7,11,16,0,0
s043,af09,4,8,12,16,0,0
s043,af10,4,7,11,16,0,0
s043,af11,4,8,12,16,0,0
s043,af12,4,8,12,16,3,3
s043,af13,4,9,13,16,1,1
s043,af14,4,8,12,16,1,1
s043,af15,4,9,13,16,8,8
s044,af00,3,5,7,10,0,0
s044,af01,3,6,8,10,0,0
s044,af02,3,6,8,10,0,0
s044,af03,3,7,9,10,0,0
s044,af04,3,6,8,10,0,0
s044,af05,3,7,9,10,0,0
s044,af06,3,7,9,10,0,0
s044,af07,3,8,10,10,0,0
s044,af08,3,6,8,10,0,0
s044,af09,3,7,9,10,0,0
s044,af10,3,7,9,10,0,0
s044,af11,3,8,10,10,0,0
s044,af12,3,7,9,10,3,3
s044,af13,3,8,10,10,1,1
s044,af14,3,8,10,10,1,1
s044,af15,3,9,11,10,8,8
s045,af00,4,6,10,26,0,0
s045,af01,4,7,11,26,0,0
s045,af02,4,7,11,26,0,0
s045,af03,4,8,12,26,0,0
s045,af04,4,7,11,26,0,0
s045,af05,4,8,12,26,0,0
s045,af06,4,8,12,26,0,0
s045,af07,4,9,13,26,0,0
s045,af08,4,7,11,26,0,0
s045,af09,4,8,12,26,0,0
s045,af10,4,8,12,26,0,0
s045,af11,4,9,13,26,0,0
s045,af12,4,8,12,26,3,3
s045,af13,4,9,13,26,1,1
s045,af14,4,9,13,26,1,1
s045,af15,4,10,14,26,8,8
s046,af00,4,6,10,16,0,0
s046,af01,4,7,11,16,0,0
s046,af02,4,7,11,16,0,0
s046,af03,4,8,12,16,0,0
s046,af04,4,7,11,16,0,0
s046,af05,4,8,12,16,0,0
s046,af06,4,8,12,16,0,0
s046,af07,4,9,13,16,0,0
s046,af08,4,7,11,16,0,0
s046,af09,4,8,12,16,0,0
s046,af10,4,8,12,16,0,0
s046,af11,4,9,13,16,0,0
s046,af12,4,8,12,16,3,3
s046,af13,4,9,13,16,1,1
s046,af14,4,9,13,16,1,1
s046,af15,4,10,14,16,8,8
s047,af00,5,7,13,37,0,0
s047,af01,5,8,14,37,0,0
s047,af02,5,8,14,37,0,0
s047,af03,5,9,15,37,0,0
s047,af04,5,8,14,37,0,0
s047,af05,5,9,15,37,0,0
s047,af06,5,9,15,37,0,0
s047,af07,5,10,16,37,0,0
s047,af08,5,8,14,37,0,0
s047,af09,5,9,15,37,0,0
s047,af10,5,9,15,37,0,0
s047,af11,5,10,16,37,0,0
s047,af12,5,9,15,37,3,3
s047,af13,5,10,16,37,1,1
s047,af14,5,10,16,37,1,1
s047,af15,5,11,17,37,8,8
s049,af00,3,7,9,4,0,0
s049,af01,3,7,9,4,0,0
s049,af02,3,7,9,4,0,0
s049,af03,3,7,9,4,0,0
s049,af04,3,7,9,4,0,0
s049,af05,3,7,9,4,0,0
s049,af06,3,7,9,4,0,0
s049,af07,3,7,9,4,0,0
s049,af08,3,7,9,4,0,0
s049,af09,3,7,9,4,0,0
s049,af10,3,7,9,4,0,0
s049,af11,3,7,9,4,0,0
s049,af12,3,7,9,4,3,3
s049,af13,3,7,9,4,1,1
s049,af14,3,7,9,4,1,1
s049,af15,3,7,9,4,8,8
s050,af00,3,7,9,7,0,0
s050,af01,3,7,9,7,0,0
s050,af02,3,7,9,7,0,0
s050,af03,3,7,9,7,0,0
s050,af04,3,7,9,7,0,0
s050,af05,3,7,9,7,0,0
s050,af06,3,7,9,7,0,0
s050,af07,3,7,9,7,0,0
s050,af08,3,7,9,7,0,0
s050,af09,3,7,9,7,0,0
s050,af10,3,7,9,7,0,0
s050,af11,3,7,9,7,0,0
s050,af12,3,7,9,7,3,3
s050,af13,3,7,9,7,1,1
s050,af14,3,7,9,7,1,1
s050,af15,3,7,9,7,8,8
s051,af00,4,8,12,15,0,0
s051,af01,4,8,12,15,0,0
s051,af02,4,8,12,15,0,0
s051,af03,4,8,12,15,0,0
s051,af04,4,8,12,15,0,0
s051,af05,4,8,12,15,0,0
s051,af06,4,8,12,15,0,0
s051,af07,4,8,12,15,0,0
s051,af08,4,8,12,15,0,0
s051,af09,4,8,12,15,0,0
s051,af10,4,8,12,15,0,0
s051,af11,4,8,12,15,0,0
s051,af12,4,8,12,15,3,3
s051,af13,4,8,12,15,1,1
s051,af14,4,8,12,15,1,1
s051,af15,4,8,12,15,8,8
s052,af00,3,6,8,4,0,0
s052,af01,3,7,9,4,0,0
s052,af02,3,6,8,4,0,0
s052,af03,3,7,9,4,0,0
s052,af04,3,7,9,4,0,0
s052,af05,3,8,10,4,0,0
s052,af06,3,7,9,4,0,0
s052,af07,3,8,10,4,0,0
s052,af08,3,6,8,4,0,0
s052,af09,3,7,9,4,0,0
s052,af10,3,6,8,4,0,0
s052,af11,3,7,9,4,0,0
s052,af12,3,7,9,4,3,3
s052,af13,3,8,10,4,1,1
s052,af14,3,7,9,4,1,1
s052,af15,3,8,10,4,8,8
s053,af00,4,7,11,15,0,0
s053,af01,4,7,11,15,0,0
s053,af02,4,8,12,15,0,0
s053,af03,4,8,12,15,0,0
s053,af04,4,7,11,15,0,0
s053,af05,4,7,11,15,0,0
s053,af06,4,8,12,15,0,0
s053,af07,4,8,12,15,0,0
s053,af08,4,8,12,15,0,0
s053,af09,4,8,12,15,0,0
s053,af10,4,9,13,15,0,0
s053,af11,4,9,13,15,0,0
s053,af12,4,8,12,15,3,3
s053,af13,4,8,12,15,1,1
s053,af14,4,9,13,15,1,1
s053,af15,4,9,13,15,8,8
s054,af00,4,7,11,15,0,0
s054,af01,4,7,11,15,0,0
s054,af02,4,8,12,15,0,0
s054,af03,4,8,12,15,0,0
s054,af04,4,7,11,15,0,0
s054,af05,4,7,11,15,0,0
s054,af06,4,8,12,15,0,0
s054,af07,4,8,12,15,0,0
s054,af08,4,8,12,15,0,0
s054,af09,4,8,12,15,0,0
s054,af10,4,9,13,15,0,0
s054,af11,4,9,13,15,0,0
s054,af12,4,8,12,15,3,3
s054,af13,4,8,12,15,1,1
s054,af14,4,9,13,15,1,1
s054,af15,4,9,13,15,8,8
s055,af00,5,8,14,33,0,0
s055,af01,5,9,15,33,0,0
s055,af02,5,8,14,33,0,0
s055,af03,5,9,15,33,0,0
s055,af04,5,9,15,33,0,0
s055,af05,5,10,16,33,0,0
s055,af06,5,9,15,33,0,0
s055,af07,5,10,16,33,0,0
s055,af08,5,8,14,33,0,0
s055,af09,5,9,15,33,0,0
s055,af10,5,8,14,33,0,0
s055,af11,5,9,15,33,0,0
s055,af12,5,9,15,33,3,3
s055,af13,5,10,16,33,1,1
s055,af14,5,9,15,33,1,1
s055,af15,5,10,16,33,8,8
s056,af00,3,6,8,7,0,0
s056,af01,3,7,9,7,0,0
s056,af02,3,6,8,7,0,0
s056,af03,3,7,9,7,0,0
s056,af04,3,7,9,7,0,0
s056,af05,3,8,10,7,0,0
s056,af06,3,7,9,7,0,0
s056,af07,3,8,10,7,0,0
s056,af08,3,6,8,7,0,0
s056,af09,3,7,9,7,0,0
s056,af10,3,6,8,7,0,0
s056,af11,3,7,9,7,0,0
s056,af12,3,7,9,7,3,3
s056,af13,3,8,10,7,1,1
s056,af14,3,7,9,7,1,1
s056,af15,3,8,10,7,8,8
s057,af00,4,7,11,15,0,0
s057,af01,4,7,11,15,0,0
s057,af02,4,8,12,15,0,0
s057,af03,4,8,12,15,0,0
s057,af04,4,7,11,15,0,0
s057,af05,4,7,11,15,0,0
s057,af06,4,8,12,15,0,0
s057,af07,4,8,12,15,0,0
s057,af08,4,8,12,15,0,0
s057,af09,4,8,12,15,0,0
s057,af10,4,9,13,15,0,0
s057,af11,4,9,13,15,0,0
s057,af12,4,8,12,15,3,3
s057,af13,4,8,12,15,1,1
s057,af14,4,9,13,15,1,1
s057,af15,4,9,13,15,8,8
s058,af00,4,7,11,15,0,0
s058,af01,4,7,11,15,0,0
s058,af02,4,8,12,15,0,0
s058,af03,4,8,12,15,0,0
s058,af04,4,7,11,15,0,0
s058,af05,4,7,11,15,0,0
s058,af06,4,8,12,15,0,0
s058,af07,4,8,12,15,0,0
s058,af08,4,8,12,15,0,0
s058,af09,4,8,12,15,0,0
s058,af10,4,9,13,15,0,0
s058,af11,4,9,13,15,0,0
s058,af12,4,8,12,15,3,3
s058,af13,4,8,12,15,1,1
s058,af14,4,9,13,15,1,1
s058,af15,4,9,13,15,8,8
s059,af00,5,8,14,28,0,0
s059,af01,5,9,15,28,0,0
s059,af02,5,8,14,28,0,0
s059,af03,5,9,15,28,0,0
s059,af04,5,9,15,28,0,0
s059,af05,5,10,16,28,0,0
s059,af06,5,9,15,28,0,0
s059,af07,5,10,16,28,0,0
s059,af08,5,8,14,28,0,0
s059,af09,5,9,15,28,0,0
s059,af10,5,8,14,28,0,0
s059,af11,5,9,15,28,0,0
s059,af12,5,9,15,28,3,3
s059,af13,5,10,16,28,1,1
s059,af14,5,9,15,28,1,1
s059,af15,5,10,16,28,8,8
s060,af00,4,6,10,15,0,0
s060,af01,4,7,11,15,0,0
s060,af02,4,7,11,15,0,0
s060,af03,4,8,12,15,0,0
s060,af04,4,7,11,15,0,0
s060,af05,4,8,12,15,0,0
s060,af06,4,8,12,15,0,0
s060,af07,4,9,13,15,0,0
s060,af08,4,7,11,15,0,0
s060,af09,4,8,12,15,0,0
s060,af10,4,8,12,15,0,0
s060,af11,4,9,13,15,0,0
s060,af12,4,8,12,15,3,3
s060,af13,4,9,13,15,1,1
s060,af14,4,9,13,15,1,1
s060,af15,4,10,14,15,8,8
s061,af00,5,7,13,33,0,0
s061,af01,5,8,14,33,0,0
s061,af02,5,8,14,33,0,0
s061,af03,5,9,15,33,0,0
s061,af04,5,8,14,33,0,0
s061,af05,5,9,15,33,0,0
s061,af06,5,9,15,33,0,0
s061,af07,5,10,16,33,0,0
s061,af08,5,8,14,33,0,0
s061,af09,5,9,15,33,0,0
s061,af10,5,9,15,33,0,0
s061,af11,5,10,16,33,0,0
s061,af12,5,9,15,33,3,3
s061,af13,5,10,16,33,1,1
s061,af14,5,10,16,33,1,1
s061,af15,5,11,17,33,8,8
s062,af00,5,7,13,28,0,0
s062,af01,5,8,14,28,0,0
s062,af02,5,8,14,28,0,0
s062,af03,5,9,15,28,0,0
s062,af04,5,8,14,28,0,0
s062,af05,5,9,15,28,0,0
s062,af06,5,9,15,28,0,0
s062,af07,5,10,16,28,0,0
s062,af08,5,8,14,28,0,0
s062,af09,5,9,15,28,0,0
s062,af10,5,9,15,28,0,0
s062,af11,5,10,16,28,0,0
s062,af12,5,9,15,28,3,3
s062,af13,5,10,16,28,1,1
s062,af14,5,10,16,28,1,1
s062,af15,5,11,17,28,8,8
s063,af00,6,8,16,53,0,0
s063,af01,6,9,17,53,0,0
s063,af02,6,9,17,53,0,0
s063,af03,6,10,18,53,0,0
s063,af04,6,9,17,53,0,0
s063,af05,6,10,18,53,0,0
s063,af06,6,10,18,53,0,0
s063,af07,6,11,19,53,0,0
s063,af08,6,9,17,53,0,0
s063,af09,6,10,18,53,0,0
s063,af10,6,10,18,53,0,0
s063,af11,6,11,19,53,0,0
s063,af12,6,10,18,53,3,3
s063,af13,6,11,19,53,1,1
s063,af14,6,11,19,53,1,1
s063,af15,6,12,20,53,8,8
s065,af00,2,5,5,4,0,0
s065,af01,2,5,5,4,0,0
s065,af02,2,6,6,4,0,0
s065,af03,2,6,6,4,0,0
s065,af04,2,5,5,4,0,0
s065,af05,2,5,5,4,0,0
s065,af06,2,6,6,4,0,0
s065,af07,2,6,6,4,0,0
s065,af08,2,6,6,4,0,0
s065,af09,2,6,6,4,0,0
s065,af10,2,7,7,4,0,0
s065,af11,2,7,7,4,0,0
s065,af12,2,6,6,4,3,3
s065,af13,2,6,6,4,1,1
s065,af14,2,7,7,4,1,1
s065,af15,2,7,7,4,8,8
s066,af00,2,5,5,4,0,0
s066,af01,2,5,5,4,0,0
s066,af02,2,6,6,4,0,0
s066,af03,2,6,6,4,0,0
s066,af04,2,5,5,4,0,0
s066,af05,2,5,5,4,0,0
s066,af06,2,6,6,4,0,0
s066,af07,2,6,6,4,0,0
s066,af08,2,6,6,4,0,0
s066,af09,2,6,6,4,0,0
s066,af10,2,7,7,4,0,0
s066,af11,2,7,7,4,0,0
s066,af12,2,6,6,4,3,3
s066,af13,2,6,6,4,1,1
s066,af14,2,7,7,4,1,1
s066,af15,2,7,7,4,8,8
s067,af00,3,6,8,11,0,0
s067,af01,3,7,9,11,0,0
s067,af02,3,6,8,11,0,0
s067,af03,3,7,9,11,0,0
s067,af04,3,7,9,11,0,0
s067,af05,3,8,10,11,0,0
s067,af06,3,7,9,11,0,0
s067,af07,3,8,10,11,0,0
s067,af08,3,6,8,11,0,0
s067,af09,3,7,9,11,0,0
s067,af10,3,6,8,11,0,0
s067,af11,3,7,9,11,0,0
s067,af12,3,7,9,11,3,3
s067,af13,3,8,10,11,1,1
s067,af14,3,7,9,11,1,1
s067,af15,3,8,10,11,8,8
s068,af00,2,4,4,4,0,0
s068,af01,2,5,5,4,0,0
s068,af02,2,5,5,4,0,0
s068,af03,2,6,6,4,0,0
s068,af04,2,5,5,4,0,0
s068,af05,2,6,6,4,0,0
s068,af06,2,6,6,4,0,0
s068,af07,2,7,7,4,0,0
s068,af08,2,5,5,4,0,0
s068,af09,2,6,6,4,0,0
s068,af10,2,6,6,4,0,0
s068,af11,2,7,7,4,0,0
s068,af12,2,6,6,4,3,3
s068,af13,2,7,7,4,1,1
s068,af14,2,7,7,4,1,1
s068,af15,2,8,8,4,8,8
s069,af00,3,5,7,15,0,0
s069,af01,3,6,8,15,0,0
s069,af02,3,6,8,15,0,0
s069,af03,3,7,9,15,0,0
s069,af04,3,6,8,15,0,0
s069,af05,3,7,9,15,0,0
s069,af06,3,7,9,15,0,0
s069,af07,3,8,10,15,0,0
s069,af08,3,6,8,15,0,0
s069,af09,3,7,9,15,0,0
s069,af10,3,7,9,15,0,0
s069,af11,3,8,10,15,0,0
s069,af12,3,7,9,15,3,3
s069,af13,3,8,10,15,1,1
s069,af14,3,8,10,15,1,1
s069,af15,3,9,11,15,8,8
s070,af00,3,5,7,11,0,0
s070,af01,3,6,8,11,0,0
s070,af02,3,6,8,11,0,0
s070,af03,3,7,9,11,0,0
s070,af04,3,6,8,11,0,0
s070,af05,3,7,9,11,0,0
s070,af06,3,7,9,11,0,0
s070,af07,3,8,10,11,0,0
s070,af08,3,6,8,11,0,0
s070,af09,3,7,9,11,0,0
s070,af10,3,7,9,11,0,0
s070,af11,3,8,10,11,0,0
s070,af12,3,7,9,11,3,3
s070,af13,3,8,10,11,1,1
s070,af14,3,8,10,11,1,1
s070,af15,3,9,11,11,8,8
s071,af00,4,6,10,28,0,0
s071,af01,4,7,11,28,0,0
s071,af02,4,7,11,28,0,0
s071,af03,4,8,12,28,0,0
s071,af04,4,7,11,28,0,0
s071,af05,4,8,12,28,0,0
s071,af06,4,8,12,28,0,0
s071,af07,4,9,13,28,0,0
s071,af08,4,7,11,28,0,0
s071,af09,4,8,12,28,0,0
s071,af10,4,8,12,28,0,0
s071,af11,4,9,13,28,0,0
s071,af12,4,8,12,28,3,3
s071,af13,4,9,13,28,1,1
s071,af14,4,9,13,28,1,1
s071,af15,4,10,14,28,8,8
s072,af00,2,4,4,4,0,0
s072,af01,2,5,5,4,0,0
s072,af02,2,5,5,4,0,0
s072,af03,2,6,6,4,0,0
s072,af04,2,5,5,4,0,0
s072,af05,2,6,6,4,0,0
s072,af06,2,6,6,4,0,0
s072,af07,2,7,7,4,0,0
s072,af08,2,5,5,4,0,0
s072,af09,2,6,6,4,0,0
s072,af10,2,6,6,4,0,0
s072,af11,2,7,7,4,0,0
s072,af12,2,6,6,4,3,3
s072,af13,2,7,7,4,1,1
s072,af14,2,7,7,4,1,1
s072,af15,2,8,8,4,8,8
s073,af00,3,5,7,11,0,0
s073,af01,3,6,8,11,0,0
s073,af02,3,6,8,11,0,0
s073,af03,3,7,9,11,0,0
s073,af04,3,6,8,11,0,0
s073,af05,3,7,9,11,0,0
s073,af06,3,7,9,11,0,0
s073,af07,3,8,10,11,0,0
s073,af08,3,6,8,11,0,0
s073,af09,3,7,9,11,0,0
s073,af10,3,7,9,11,0,0
s073,af11,3,8,10,11,0,0
s073,af12,3,7,9,11,3,3
s073,af13,3,8,10,11,1,1
s073,af14,3,8,10,11,1,1
s073,af15,3,9,11,11,8,8
s074,af00,3,5,7,9,0,0
s074,af01,3,6,8,9,0,0
s074,af02,3,6,8,9,0,0
s074,af03,3,7,9,9,0,0
s074,af04,3,6,8,9,0,0
s074,af05,3,7,9,9,0,0
s074,af06,3,7,9,9,0,0
s074,af07,3,8,10,9,0,0
s074,af08,3,6,8,9,0,0
s074,af09,3,7,9,9,0,0
s074,af10,3,7,9,9,0,0
s074,af11,3,8,10,9,0,0
s074,af12,3,7,9,9,3,3
s074,af13,3,8,10,9,1,1
s074,af14,3,8,10,9,1,1
s074,af15,3,9,11,9,8,8
s075,af00,4,6,10,20,0,0
s075,af01,4,7,11,20,0,0
s075,af02,4,7,11,20,0,0
s075,af03,4,8,12,20,0,0
s075,af04,4,7,11,20,0,0
s075,af05,4,8,12,20,0,0
s075,af06,4,8,12,20,0,0
s075,af07,4,9,13,20,0,0
s075,af08,4,7,11,20,0,0
s075,af09,4,8,12,20,0,0
s075,af10,4,8,12,20,0,0
s075,af11,4,9,13,20,0,0
s075,af12,4,8,12,20,3,3
s075,af13,4,9,13,20,1,1
s075,af14,4,9,13,20,1,1
s075,af15,4,10,14,20,8,8
s076,af00,3,4,6,11,0,0
s076,af01,3,6,8,11,0,0
s076,af02,3,5,7,11,0,0
s076,af03,3,7,9,11,0,0
s076,af04,3,6,8,11,0,0
s076,af05,3,8,10,11,0,0
s076,af06,3,7,9,11,0,0
s076,af07,3,9,11,11,0,0
s076,af08,3,5,7,11,0,0
s076,af09,3,7,9,11,0,0
s076,af10,3,6,8,11,0,0
s076,af11,3,8,10,11,0,0
s076,af12,3,7,9,11,3,3
s076,af13,3,9,11,11,1,1
s076,af14,3,8,10,11,1,1
s076,af15,3,10,12,11,8,8
s077,af00,4,5,9,28,0,0
s077,af01,4,6,10,28,0,0
s077,af02,4,7,11,28,0,0
s077,af03,4,8,12,28,0,0
s077,af04,4,6,10,28,0,0
s077,af05,4,7,11,28,0,0
s077,af06,4,8,12,28,0,0
s077,af07,4,9,13,28,0,0
s077,af08,4,7,11,28,0,0
s077,af09,4,8,12,28,0,0
s077,af10,4,9,13,28,0,0
s077,af11,4,10,14,28,0,0
s077,af12,4,8,12,28,3,3
s077,af13,4,9,13,28,1,1
s077,af14,4,10,14,28,1,1
s077,af15,4,11,15,28,8,8
s078,af00,4,5,9,20,0,0
s078,af01,4,6,10,20,0,0
s078,af02,4,7,11,20,0,0
s078,af03,4,8,12,20,0,0
s078,af04,4,6,10,20,0,0
s078,af05,4,7,11,20,0,0
s078,af06,4,8,12,20,0,0
s078,af07,4,9,13,20,0,0
s078,af08,4,7,11,20,0,0
s078,af09,4,8,12,20,0,0
s078,af10,4,9,13,20,0,0
s078,af11,4,10,14,20,0,0
s078,af12,4,8,12,20,3,3
s078,af13,4,9,13,20,1,1
s078,af14,4,10,14,20,1,1
s078,af15,4,11,15,20,8,8
s079,af00,5,6,12,43,0,0
s079,af01,5,8,14,43,0,0
s079,af02,5,7,13,43,0,0
s079,af03,5,9,15,43,0,0
s079,af04,5,8,14,43,0,0
s079,af05,5,10,16,43,0,0
s079,af06,5,9,15,43,0,0
s079,af07,5,11,17,43,0,0
s079,af08,5,7,13,43,0,0
s079,af09,5,9,15,43,0,0
s079,af10,5,8,14,43,0,0
s079,af11,5,10,16,43,0,0
s079,af12,5,9,15,43,3,3
s079,af13,5,11,17,43,1,1
s079,af14,5,10,16,43,1,1
s079,af15,5,12,18,43,8,8
s081,af00,3,6,8,4,0,0
s081,af01,3,7,9,4,0,0
s081,af02,3,6,8,4,0,0
s081,af03,3,7,9,4,0,0
s081,af04,3,7,9,4,0,0
s081,af05,3,8,10,4,0,0
s081,af06,3,7,9,4,0,0
s081,af07,3,8,10,4,0,0
s081,af08,3,6,8,4,0,0
s081,af09,3,7,9,4,0,0
s081,af10,3,6,8,4,0,0
s081,af11,3,7,9,4,0,0
s081,af12,3,7,9,4,3,3
s081,af13,3,8,10,4,1,1
s081,af14,3,7,9,4,1,1
s081,af15,3,8,10,4,8,8
s082,af00,3,6,8,6,0,0
s082,af01,3,7,9,6,0,0
s082,af02,3,6,8,6,0,0
s082,af03,3,7,9,6,0,0
s082,af04,3,7,9,6,0,0
s082,af05,3,8,10,6,0,0
s082,af06,3,7,9,6,0,0
s082,af07,3,8,10,6,0,0
s082,af08,3,6,8,6,0,0
s082,af09,3,7,9,6,0,0
s082,af10,3,6,8,6,0,0
s082,af11,3,7,9,6,0,0
s082,af12,3,7,9,6,3,3
s082,af13,3,8,10,6,1,1
s082,af14,3,7,9,6,1,1
s082,af15,3,8,10,6,8,8
s083,af00,4,7,11,15,0,0
s083,af01,4,7,11,15,0,0
s083,af02,4,8,12,15,0,0
s083,af03,4,8,12,15,0,0
s083,af04,4,7,11,15,0,0
s083,af05,4,7,11,15,0,0
s083,af06,4,8,12,15,0,0
s083,af07,4,8,12,15,0,0
s083,af08,4,8,12,15,0,0
s083,af09,4,8,12,15,0,0
s083,af10,4,9,13,15,0,0
s083,af11,4,9,13,15,0,0
s083,af12,4,8,12,15,3,3
s083,af13,4,8,12,15,1,1
s083,af14,4,9,13,15,1,1
s083,af15,4,9,13,15,8,8
s084,af00,3,5,7,4,0,0
s084,af01,3,7,9,4,0,0
s084,af02,3,5,7,4,0,0
s084,af03,3,7,9,4,0,0
s084,af04,3,7,9,4,0,0
s084,af05,3,9,11,4,0,0
s084,af06,3,7,9,4,0,0
s084,af07,3,9,11,4,0,0
s084,af08,3,5,7,4,0,0
s084,af09,3,7,9,4,0,0
s084,af10,3,5,7,4,0,0
s084,af11,3,7,9,4,0,0
s084,af12,3,7,9,4,3,3
s084,af13,3,9,11,4,1,1
s084,af14,3,7,9,4,1,1
s084,af15,3,9,11,4,8,8
s085,af00,4,6,10,15,0,0
s085,af01,4,6,10,15,0,0
s085,af02,4,8,12,15,0,0
s085,af03,4,8,12,15,0,0
s085,af04,4,6,10,15,0,0
s085,af05,4,6,10,15,0,0
s085,af06,4,8,12,15,0,0
s085,af07,4,8,12,15,0,0
s085,af08,4,8,12,15,0,0
s085,af09,4,8,12,15,0,0
s085,af10,4,10,14,15,0,0
s085,af11,4,10,14,15,0,0
s085,af12,4,8,12,15,3,3
s085,af13,4,8,12,15,1,1
s085,af14,4,10,14,15,1,1
s085,af15,4,10,14,15,8,8
s086,af00,4,6,10,15,0,0
s086,af01,4,6,10,15,0,0
s086,af02,4,8,12,15,0,0
s086,af03,4,8,12,15,0,0
s086,af04,4,6,10,15,0,0
s086,af05,4,6,10,15,0,0
s086,af06,4,8,12,15,0,0
s086,af07,4,8,12,15,0,0
s086,af08,4,8,12,15,0,0
s086,af09,4,8,12,15,0,0
s086,af10,4,10,14,15,0,0
s086,af11,4,10,14,15,0,0
s086,af12,4,8,12,15,3,3
s086,af13,4,8,12,15,1,1
s086,af14,4,10,14,15,1,1
s086,af15,4,10,14,15,8,8
s087,af00,5,7,13,34,0,0
s087,af01,5,9,15,34,0,0
s087,af02,5,7,13,34,0,0
s087,af03,5,9,15,34,0,0
s087,af04,5,9,15,34,0,0
s087,af05,5,11,17,34,0,0
s087,af06,5,9,15,34,0,0
s087,af07,5,11,17,34,0,0
s087,af08,5,7,13,34,0,0
s087,af09,5,9,15,34,0,0
s087,af10,5,7,13,34,0,0
s087,af11,5,9,15,34,0,0
s087,af12,5,9,15,34,3,3
s087,af13,5,11,17,34,1,1
s087,af14,5,9,15,34,1,1
s087,af15,5,11,17,34,8,8
s088,af00,3,5,7,6,0,0
s088,af01,3,7,9,6,0,0
s088,af02,3,5,7,6,0,0
s088,af03,3,7,9,6,0,0
s088,af04,3,7,9,6,0,0
s088,af05,3,9,11,6,0,0
s088,af06,3,7,9,6,0,0
s088,af07,3,9,11,6,0,0
s088,af08,3,5,7,6,0,0
s088,af09,3,7,9,6,0,0
s088,af10,3,5,7,6,0,0
s088,af11,3,7,9,6,0,0
s088,af12,3,7,9,6,3,3
s088,af13,3,9,11,6,1,1
s088,af14,3,7,9,6,1,1
s088,af15,3,9,11,6,8,8
s089,af00,4,6,10,15,0,0
s089,af01,4,6,10,15,0,0
s089,af02,4,8,12,15,0,0
s089,af03,4,8,12,15,0,0
s089,af04,4,6,10,15,0,0
s089,af05,4,6,10,15,0,0
s089,af06,4,8,12,15,0,0
s089,af07,4,8,12,15,0,0
s089,af08,4,8,12,15,0,0
s089,af09,4,8,12,15,0,0
s089,af10,4,10,14,15,0,0
s089,af11,4,10,14,15,0,0
s089,af12,4,8,12,15,3,3
s089,af13,4,8,12,15,1,1
s089,af14,4,10,14,15,1,1
s089,af15,4,10,14,15,8,8
s090,af00,4,6,10,15,0,0
s090,af01,4,6,10,15,0,0
s090,af02,4,8,12,15,0,0
s090,af03,4,8,12,15,0,0
s090,af04,4,6,10,15,0,0
s090,af05,4,6,10,15,0,0
s090,af06,4,8,12,15,0,0
s090,af07,4,8,12,15,0,0
s090,af08,4,8,12,15,0,0
s090,af09,4,8,12,15,0,0
s090,af10,4,10,14,15,0,0
s090,af11,4,10,14,15,0,0
s090,af12,4,8,12,15,3,3
s090,af13,4,8,12,15,1,1
s090,af14,4,10,14,15,1,1
s090,af15,4,10,14,15,8,8
s091,af00,5,7,13,30,0,0
s091,af01,5,9,15,30,0,0
s091,af02,5,7,13,30,0,0
s091,af03,5,9,15,30,0,0
s091,af04,5,9,15,30,0,0
s091,af05,5,11,17,30,0,0
s091,af06,5,9,15,30,0,0
s091,af07,5,11,17,30,0,0
s091,af08,5,7,13,30,0,0
s091,af09,5,9,15,30,0,0
s091,af10,5,7,13,30,0,0
s091,af11,5,9,15,30,0,0
s091,af12,5,9,15,30,3,3
s091,af13,5,11,17,30,1,1
s091,af14,5,9,15,30,1,1
s091,af15,5,11,17,30,8,8
s092,af00,4,5,9,15,0,0
s092,af01,4,6,10,15,0,0
s092,af02,4,7,11,15,0,0
s092,af03,4,8,12,15,0,0
s092,af04,4,6,10,15,0,0
s092,af05,4,7,11,15,0,0
s092,af06,4,8,12,15,0,0
s092,af07,4,9,13,15,0,0
s092,af08,4,7,11,15,0,0
s092,af09,4,8,12,15,0,0
s092,af10,4,9,13,15,0,0
s092,af11,4,10,14,15,0,0
s092,af12,4,8,12,15,3,3
s092,af13,4,9,13,15,1,1
s092,af14,4,10,14,15,1,1
s092,af15,4,11,15,15,8,8
s093,af00,5,6,12,34,0,0
s093,af01,5,8,14,34,0,0
s093,af02,5,7,13,34,0,0
s093,af03,5,9,15,34,0,0
s093,af04,5,8,14,34,0,0
s093,af05,5,10,16,34,0,0
s093,af06,5,9,15,34,0,0
s093,af07,5,11,17,34,0,0
s093,af08,5,7,13,34,0,0
s093,af09,5,9,15,34,0,0
s093,af10,5,8,14,34,0,0
s093,af11,5,10,16,34,0,0
s093,af12,5,9,15,34,3,3
s093,af13,5,11,17,34,1,1
s093,af14,5,10,16,34,1,1
s093,af15,5,12,18,34,8,8
s094,af00,5,6,12,30,0,0
s094,af01,5,8,14,30,0,0
s094,af02,5,7,13,30,0,0
s094,af03,5,9,15,30,0,0
s094,af04,5,8,14,30,0,0
s094,af05,5,10,16,30,0,0
s094,af06,5,9,15,30,0,0
s094,af07,5,11,17,30,0,0
s094,af08,5,7,13,30,0,0
s094,af09,5,9,15,30,0,0
s094,af10,5,8,14,30,0,0
s094,af11,5,10,16,30,0,0
s094,af12,5,9,15,30,3,3
s094,af13,5,11,17,30,1,1
s094,af14,5,10,16,30,1,1
s094,af15,5,12,18,30,8,8
s095,af00,6,7,15,57,0,0
s095,af01,6,8,16,57,0,0
s095,af02,6,9,17,57,0,0
s095,af03,6,10,18,57,0,0
s095,af04,6,8,16,57,0,0
s095,af05,6,9,17,57,0,0
s095,af06,6,10,18,57,0,0
s095,af07,6,11,19,57,0,0
s095,af08,6,9,17,57,0,0
s095,af09,6,10,18,57,0,0
s095,af10,6,11,19,57,0,0
s095,af11,6,12,20,57,0,0
s095,af12,6,10,18,57,3,3
s095,af13,6,11,19,57,1,1
s095,af14,6,12,20,57,1,1
s095,af15,6,13,21,57,8,8
s097,af00,3,6,8,4,0,0
s097,af01,3,7,9,4,0,0
s097,af02,3,6,8,4,0,0
s097,af03,3,7,9,4,0,0
s097,af04,3,7,9,4,0,0
s097,af05,3,8,10,4,0,0
s097,af06,3,7,9,4,0,0
s097,af07,3,8,10,4,0,0
s097,af08,3,6,8,4,0,0
s097,af09,3,7,9,4,0,0
s097,af10,3,6,8,4,0,0
s097,af11,3,7,9,4,0,0
s097,af12,3,7,9,4,3,3
s097,af13,3,8,10,4,1,1
s097,af14,3,7,9,4,1,1
s097,af15,3,8,10,4,8,8
s098,af00,3,6,8,7,0,0
s098,af01,3,7,9,7,0,0
s098,af02,3,6,8,7,0,0
s098,af03,3,7,9,7,0,0
s098,af04,3,7,9,7,0,0
s098,af05,3,8,10,7,0,0
s098,af06,3,7,9,7,0,0
s098,af07,3,8,10,7,0,0
s098,af08,3,6,8,7,0,0
s098,af09,3,7,9,7,0,0
s098,af10,3,6,8,7,0,0
s098,af11,3,7,9,7,0,0
s098,af12,3,7,9,7,3,3
s098,af13,3,8,10,7,1,1
s098,af14,3,7,9,7,1,1
s098,af15,3,8,10,7,8,8
s099,af00,4,7,11,15,0,0
s099,af01,4,7,11,15,0,0
s099,af02,4,8,12,15,0,0
s099,af03,4,8,12,15,0,0
s099,af04,4,7,11,15,0,0
s099,af05,4,7,11,15,0,0
s099,af06,4,8,12,15,0,0
s099,af07,4,8,12,15,0,0
s099,af08,4,8,12,15,0,0
s099,af09,4,8,12,15,0,0
s099,af10,4,9,13,15,0,0
s099,af11,4,9,13,15,0,0
s099,af12,4,8,12,15,3,3
s099,af13,4,8,12,15,1,1
s099,af14,4,9,13,15,1,1
s099,af15,4,9,13,15,8,8
s100,af00,3,5,7,4,0,0
s100,af01,3,7,9,4,0,0
s100,af02,3,5,7,4,0,0
s100,af03,3,7,9,4,0,0
s100,af04,3,7,9,4,0,0
s100,af05,3,9,11,4,0,0
s100,af06,3,7,9,4,0,0
s100,af07,3,9,11,4,0,0
s100,af08,3,5,7,4,0,0
s100,af09,3,7,9,4,0,0
s100,af10,3,5,7,4,0,0
s100,af11,3,7,9,4,0,0
s100,af12,3,7,9,4,3,3
s100,af13,3,9,11,4,1,1
s100,af14,3,7,9,4,1,1
s100,af15,3,9,11,4,8,8
s101,af00,4,6,10,15,0,0
s101,af01,4,6,10,15,0,0
s101,af02,4,8,12,15,0,0
s101,af03,4,8,12,15,0,0
s101,af04,4,6,10,15,0,0
s101,af05,4,6,10,15,0,0
s101,af06,4,8,12,15,0,0
s101,af07,4,8,12,15,0,0
s101,af08,4,8,12,15,0,0
s101,af09,4,8,12,15,0,0
s101,af10,4,10,14,15,0,0
s101,af11,4,10,14,15,0,0
s101,af12,4,8,12,15,3,3
s101,af13,4,8,12,15,1,1
s101,af14,4,10,14,15,1,1
s101,af15,4,10,14,15,8,8
s102,af00,4,6,10,15,0,0
s102,af01,4,6,10,15,0,0
s102,af02,4,8,12,15,0,0
s102,af03,4,8,12,15,0,0
s102,af04,4,6,10,15,0,0
s102,af05,4,6,10,15,0,0
s102,af06,4,8,12,15,0,0
s102,af07,4,8,12,15,0,0
s102,af08,4,8,12,15,0,0
s102,af09,4,8,12,15,0,0
s102,af10,4,10,14,15,0,0
s102,af11,4,10,14,15,0,0
s102,af12,4,8,12,15,3,3
s102,af13,4,8,12,15,1,1
s102,af14,4,10,14,15,1,1
s102,af15,4,10,14,15,8,8
s103,af00,5,7,13,33,0,0
s103,af01,5,9,15,33,0,0
s103,af02,5,7,13,33,0,0
s103,af03,5,9,15,33,0,0
s103,af04,5,9,15,33,0,0
s103,af05,5,11,17,33,0,0
s103,af06,5,9,15,33,0,0
s103,af07,5,11,17,33,0,0
s103,af08,5,7,13,33,0,0
s103,af09,5,9,15,33,0,0
s103,af10,5,7,13,33,0,0
s103,af11,5,9,15,33,0,0
s103,af12,5,9,15,33,3,3
s103,af13,5,11,17,33,1,1
s103,af14,5,9,15,33,1,1
s103,af15,5,11,17,33,8,8
s104,af00,3,5,7,7,0,0
s104,af01,3,7,9,7,0,0
s104,af02,3,5,7,7,0,0
s104,af03,3,7,9,7,0,0
s104,af04,3,7,9,7,0,0
s104,af05,3,9,11,7,0,0
s104,af06,3,7,9,7,0,0
s104,af07,3,9,11,7,0,0
s104,af08,3,5,7,7,0,0
s104,af09,3,7,9,7,0,0
s104,af10,3,5,7,7,0,0
s104,af11,3,7,9,7,0,0
s104,af12,3,7,9,7,3,3
s104,af13,3,9,11,7,1,1
s104,af14,3,7,9,7,1,1
s104,af15,3,9,11,7,8,8
s105,af00,4,6,10,15,0,0
s105,af01,4,6,10,15,0,0
s105,af02,4,8,12,15,0,0
s105,af03,4,8,12,15,0,0
s105,af04,4,6,10,15,0,0
s105,af05,4,6,10,15,0,0
s105,af06,4,8,12,15,0,0
s105,af07,4,8,12,15,0,0
s105,af08,4,8,12,15,0,0
s105,af09,4,8,12,15,0,0
s105,af10,4,10,14,15,0,0
s105,af11,4,10,14,15,0,0
s105,af12,4,8,12,15,3,3
s105,af13,4,8,12,15,1,1
s105,af14,4,10,14,15,1,1
s105,af15,4,10,14,15,8,8
s106,af00,4,6,10,15,0,0
s106,af01,4,6,10,15,0,0
s106,af02,4,8,12,15,0,0
s106,af03,4,8,12,15,0,0
s106,af04,4,6,10,15,0,0
s106,af05,4,6,10,15,0,0
s106,af06,4,8,12,15,0,0
s106,af07,4,8,12,15,0,0
s106,af08,4,8,12,15,0,0
s106,af09,4,8,12,15,0,0
s106,af10,4,10,14,15,0,0
s106,af11,4,10,14,15,0,0
s106,af12,4,8,12,15,3,3
s106,af13,4,8,12,15,1,1
s106,af14,4,10,14,15,1,1
s106,af15,4,10,14,15,8,8
s107,af00,5,7,13,28,0,0
s107,af01,5,9,15,28,0,0
s107,af02,5,7,13,28,0,0
s107,af03,5,9,15,28,0,0
s107,af04,5,9,15,28,0,0
s107,af05,5,11,17,28,0,0
s107,af06,5,9,15,28,0,0
s107,af07,5,11,17,28,0,0
s107,af08,5,7,13,28,0,0
s107,af09,5,9,15,28,0,0
s107,af10,5,7,13,28,0,0
s107,af11,5,9,15,28,0,0
s107,af12,5,9,15,28,3,3
s107,af13,5,11,17,28,1,1
s107,af14,5,9,15,28,1,1
s107,af15,5,11,17,28,8,8
s108,af00,4,5,9,15,0,0
s108,af01,4,6,10,15,0,0
s108,af02,4,7,11,15,0,0
s108,af03,4,8,12,15,0,0
s108,af04,4,6,10,15,0,0
s108,af05,4,7,11,15,0,0
s108,af06,4,8,12,15,0,0
s108,af07,4,9,13,15,0,0
s108,af08,4,7,11,15,0,0
s108,af09,4,8,12,15,0,0
s108,af10,4,9,13,15,0,0
s108,af11,4,10,14,15,0,0
s108,af12,4,8,12,15,3,3
s108,af13,4,9,13,15,1,1
s108,af14,4,10,14,15,1,1
s108,af15,4,11,15,15,8,8
s109,af00,5,6,12,33,0,0
s109,af01,5,8,14,33,0,0
s109,af02,5,7,13,33,0,0
s109,af03,5,9,15,33,0,0
s109,af04,5,8,14,33,0,0
s109,af05,5,10,16,33,0,0
s109,af06,5,9,15,33,0,0
s109,af07,5,11,17,33,0,0
s109,af08,5,7,13,33,0,0
s109,af09,5,9,15,33,0,0
s109,af10,5,8,14,33,0,0
s109,af11,5,10,16,33,0,0
s109,af12,5,9,15,33,3,3
s109,af13,5,11,17,33,1,1
s109,af14,5,10,16,33,1,1
s109,af15,5,12,18,33,8,8
s110,af00,5,6,12,28,0,0
s110,af01,5,8,14,28,0,0
s110,af02,5,7,13,28,0,0
s110,af03,5,9,15,28,0,0
s110,af04,5,8,14,28,0,0
s110,af05,5,10,16,28,0,0
s110,af06,5,9,15,28,0,0
s110,af07,5,11,17,28,0,0
s110,af08,5,7,13,28,0,0
s110,af09,5,9,15,28,0,0
s110,af10,5,8,14,28,0,0
s110,af11,5,10,16,28,0,0
s110,af12,5,9,15,28,3,3
s110,af13,5,11,17,28,1,1
s110,af14,5,10,16,28,1,1
s110,af15,5,12,18,28,8,8
s111,af00,6,7,15,53,0,0
s111,af01,6,8,16,53,0,0
s111,af02,6,9,17,53,0,0
s111,af03,6,10,18,53,0,0
s111,af04,6,8,16,53,0,0
s111,af05,6,9,17,53,0,0
s111,af06,6,10,18,53,0,0
s111,af07,6,11,19,53,0,0
s111,af08,6,9,17,53,0,0
s111,af09,6,10,18,53,0,0
s111,af10,6,11,19,53,0,0
s111,af11,6,12,20,53,0,0
s111,af12,6,10,18,53,3,3
s111,af13,6,11,19,53,1,1
s111,af14,6,12,20,53,1,1
s111,af15,6,13,21,53,8,8
s113,af00,4,7,11,4,0,0
s113,af01,4,7,11,4,0,0
s113,af02,4,8,12,4,0,0
s113,af03,4,8,12,4,0,0
s113,af04,4,7,11,4,0,0
s113,af05,4,7,11,4,0,0
s113,af06,4,8,12,4,0,0
s113,af07,4,8,12,4,0,0
s113,af08,4,8,12,4,0,0
s113,af09,4,8,12,4,0,0
s113,af10,4,9,13,4,0,0
s113,af11,4,9,13,4,0,0
s113,af12,4,8,12,4,3,3
s113,af13,4,8,12,4,1,1
s113,af14,4,9,13,4,1,1
s113,af15,4,9,13,4,8,8
s114,af00,4,7,11,10,0,0
s114,af01,4,7,11,10,0,0
s114,af02,4,8,12,10,0,0
s114,af03,4,8,12,10,0,0
s114,af04,4,7,11,10,0,0
s114,af05,4,7,11,10,0,0
s114,af06,4,8,12,10,0,0
s114,af07,4,8,12,10,0,0
s114,af08,4,8,12,10,0,0
s114,af09,4,8,12,10,0,0
s114,af10,4,9,13,10,0,0
s114,af11,4,9,13,10,0,0
s114,af12,4,8,12,10,3,3
s114,af13,4,8,12,10,1,1
s114,af14,4,9,13,10,1,1
s114,af15,4,9,13,10,8,8
s115,af00,5,8,14,20,0,0
s115,af01,5,9,15,20,0,0
s115,af02,5,8,14,20,0,0
s115,af03,5,9,15,20,0,0
s115,af04,5,9,15,20,0,0
s115,af05,5,10,16,20,0,0
s115,af06,5,9,15,20,0,0
s115,af07,5,10,16,20,0,0
s115,af08,5,8,14,20,0,0
s115,af09,5,9,15,20,0,0
s115,af10,5,8,14,20,0,0
s115,af11,5,9,15,20,0,0
s115,af12,5,9,15,20,3,3
s115,af13,5,10,16,20,1,1
s115,af14,5,9,15,20,1,1
s115,af15,5,10,16,20,8,8
s116,af00,4,6,10,4,0,0
s116,af01,4,7,11,4,0,0
s116,af02,4,7,11,4,0,0
s116,af03,4,8,12,4,0,0
s116,af04,4,7,11,4,0,0
s116,af05,4,8,12,4,0,0
s116,af06,4,8,12,4,0,0
s116,af07,4,9,13,4,0,0
s116,af08,4,7,11,4,0,0
s116,af09,4,8,12,4,0,0
s116,af10,4,8,12,4,0,0
s116,af11,4,9,13,4,0,0
s116,af12,4,8,12,4,3,3
s116,af13,4,9,13,4,1,1
s116,af14,4,9,13,4,1,1
s116,af15,4,10,14,4,8,8
s117,af00,5,7,13,15,0,0
s117,af01,5,8,14,15,0,0
s117,af02,5,8,14,15,0,0
s117,af03,5,9,15,15,0,0
s117,af04,5,8,14,15,0,0
s117,af05,5,9,15,15,0,0
s117,af06,5,9,15,15,0,0
s117,af07,5,10,16,15,0,0
s117,af08,5,8,14,15,0,0
s117,af09,5,9,15,15,0,0
s117,af10,5,9,15,15,0,0
s117,af11,5,10,16,15,0,0
s117,af12,5,9,15,15,3,3
s117,af13,5,10,16,15,1,1
s117,af14,5,10,16,15,1,1
s117,af15,5,11,17,15,8,8
s118,af00,5,7,13,20,0,0
s118,af01,5,8,14,20,0,0
s118,af02,5,8,14,20,0,0
s118,af03,5,9,15,20,0,0
s118,af04,5,8,14,20,0,0
s118,af05,5,9,15,20,0,0
s118,af06,5,9,15,20,0,0
s118,af07,5,10,16,20,0,0
s118,af08,5,8,14,20,0,0
s118,af09,5,9,15,20,0,0
s118,af10,5,9,15,20,0,0
s118,af11,5,10,16,20,0,0
s118,af12,5,9,15,20,3,3
s118,af13,5,10,16,20,1,1
s118,af14,5,10,16,20,1,1
s118,af15,5,11,17,20,8,8
s119,af00,6,8,16,40,0,0
s119,af01,6,9,17,40,0,0
s119,af02,6,9,17,40,0,0
s119,af03,6,10,18,40,0,0
s119,af04,6,9,17,40,0,0
s119,af05,6,10,18,40,0,0
s119,af06,6,10,18,40,0,0
s119,af07,6,11,19,40,0,0
s119,af08,6,9,17,40,0,0
s119,af09,6,10,18,40,0,0
s119,af10,6,10,18,40,0,0
s119,af11,6,11,19,40,0,0
s119,af12,6,10,18,40,3,3
s119,af13,6,11,19,40,1,1
s119,af14,6,11,19,40,1,1
s119,af15,6,12,20,40,8,8
s120,af00,4,6,10,10,0,0
s120,af01,4,7,11,10,0,0
s120,af02,4,7,11,10,0,0
s120,af03,4,8,12,10,0,0
s120,af04,4,7,11,10,0,0
s120,af05,4,8,12,10,0,0
s120,af06,4,8,12,10,0,0
s120,af07,4,9,13,10,0,0
s120,af08,4,7,11,10,0,0
s120,af09,4,8,12,10,0,0
s120,af10,4,8,12,10,0,0
s120,af11,4,9,13,10,0,0
s120,af12,4,8,12,10,3,3
s120,af13,4,9,13,10,1,1
s120,af14,4,9,13,10,1,1
s120,af15,4,10,14,10,8,8
s121,af00,5,7,13,20,0,0
s121,af01,5,8,14,20,0,0
s121,af02,5,8,14,20,0,0
s121,af03,5,9,15,20,0,0
s121,af04,5,8,14,20,0,0
s121,af05,5,9,15,20,0,0
s121,af06,5,9,15,20,0,0
s121,af07,5,10,16,20,0,0
s121,af08,5,8,14,20,0,0
s121,af09,5,9,15,20,0,0
s121,af10,5,9,15,20,0,0
s121,af11,5,10,16,20,0,0
s121,af12,5,9,15,20,3,3
s121,af13,5,10,16,20,1,1
s121,af14,5,10,16,20,1,1
s121,af15,5,11,17,20,8,8
s122,af00,5,7,13,23,0,0
s122,af01,5,8,14,23,0,0
s122,af02,5,8,14,23,0,0
s122,af03,5,9,15,23,0,0
s122,af04,5,8,14,23,0,0
s122,af05,5,9,15,23,0,0
s122,af06,5,9,15,23,0,0
s122,af07,5,10,16,23,0,0
s122,af08,5,8,14,23,0,0
s122,af09,5,9,15,23,0,0
s122,af10,5,9,15,23,0,0
s122,af11,5,10,16,23,0,0
s122,af12,5,9,15,23,3,3
s122,af13,5,10,16,23,1,1
s122,af14,5,10,16,23,1,1
s122,af15,5,11,17,23,8,8
s123,af00,6,8,16,40,0,0
s123,af01,6,9,17,40,0,0
s123,af02,6,9,17,40,0,0
s123,af03,6,10,18,40,0,0
s123,af04,6,9,17,40,0,0
s123,af05,6,10,18,40,0,0
s123,af06,6,10,18,40,0,0
s123,af07,6,11,19,40,0,0
s123,af08,6,9,17,40,0,0
s123,af09,6,10,18,40,0,0
s123,af10,6,10,18,40,0,0
s123,af11,6,11,19,40,0,0
s123,af12,6,10,18,40,3,3
s123,af13,6,11,19,40,1,1
s123,af14,6,11,19,40,1,1
s123,af15,6,12,20,40,8,8
s124,af00,5,6,12,20,0,0
s124,af01,5,8,14,20,0,0
s124,af02,5,7,13,20,0,0
s124,af03,5,9,15,20,0,0
s124,af04,5,8,14,20,0,0
s124,af05,5,10,16,20,0,0
s124,af06,5,9,15,20,0,0
s124,af07,5,11,17,20,0,0
s124,af08,5,7,13,20,0,0
s124,af09,5,9,15,20,0,0
s124,af10,5,8,14,20,0,0
s124,af11,5,10,16,20,0,0
s124,af12,5,9,15,20,3,3
s124,af13,5,11,17,20,1,1
s124,af14,5,10,16,20,1,1
s124,af15,5,12,18,20,8,8
s125,af00,6,7,15,40,0,0
s125,af01,6,8,16,40,0,0
s125,af02,6,9,17,40,0,0
s125,af03,6,10,18,40,0,0
s125,af04,6,8,16,40,0,0
s125,af05,6,9,17,40,0,0
s125,af06,6,10,18,40,0,0
s125,af07,6,11,19,40,0,0
s125,af08,6,9,17,40,0,0
s125,af09,6,10,18,40,0,0
s125,af10,6,11,19,40,0,0
s125,af11,6,12,20,40,0,0
s125,af12,6,10,18,40,3,3
s125,af13,6,11,19,40,1,1
s125,af14,6,12,20,40,1,1
s125,af15,6,13,21,40,8,8
s126,af00,6,7,15,40,0,0
s126,af01,6,8,16,40,0,0
s126,af02,6,9,17,40,0,0
s126,af03,6,10,18,40,0,0
s126,af04,6,8,16,40,0,0
s126,af05,6,9,17,40,0,0
s126,af06,6,10,18,40,0,0
s126,af07,6,11,19,40,0,0
s126,af08,6,9,17,40,0,0
s126,af09,6,10,18,40,0,0
s126,af10,6,11,19,40,0,0
s126,af11,6,12,20,40,0,0
s126,af12,6,10,18,40,3,3
s126,af13,6,11,19,40,1,1
s126,af14,6,12,20,40,1,1
s126,af15,6,13,21,40,8,8
s127,af00,7,8,18,69,0,0
s127,af01,7,10,20,69,0,0
s127,af02,7,9,19,69,0,0
s127,af03,7,11,21,69,0,0
s127,af04,7,10,20,69,0,0
s127,af05,7,12,22,69,0,0
s127,af06,7,11,21,69,0,0
s127,af07,7,13,23,69,0,0
s127,af08,7,9,19,69,0,0
s127,af09,7,11,21,69,0,0
s127,af10,7,10,20,69,0,0
s127,af11,7,12,22,69,0,0
s127,af12,7,11,21,69,3,3
s127,af13,7,13,23,69,1,1
s127,af14,7,12,22,69,1,1
s127,af15,7,14,24,69,8,8
s129,af00,2,5,5,4,0,0
s129,af01,2,5,5,4,0,0
s129,af02,2,6,6,4,0,0
s129,af03,2,6,6,4,0,0
s129,af04,2,5,5,4,0,0
s129,af05,2,5,5,4,0,0
s129,af06,2,6,6,4,0,0
s129,af07,2,6,6,4,0,0
s129,af08,2,6,6,4,0,0
s129,af09,2,6,6,4,0,0
s129,af10,2,7,7,4,0,0
s129,af11,2,7,7,4,0,0
s129,af12,2,6,6,4,3,3
s129,af13,2,6,6,4,1,1
s129,af14,2,7,7,4,1,1
s129,af15,2,7,7,4,8,8
s130,af00,2,5,5,4,0,0
s130,af01,2,5,5,4,0,0
s130,af02,2,6,6,4,0,0
s130,af03,2,6,6,4,0,0
s130,af04,2,5,5,4,0,0
s130,af05,2,5,5,4,0,0
s130,af06,2,6,6,4,0,0
s130,af07,2,6,6,4,0,0
s130,af08,2,6,6,4,0,0
s130,af09,2,6,6,4,0,0
s130,af10,2,7,7,4,0,0
s130,af11,2,7,7,4,0,0
s130,af12,2,6,6,4,3,3
s130,af13,2,6,6,4,1,1
s130,af14,2,7,7,4,1,1
s130,af15,2,7,7,4,8,8
s131,af00,3,6,8,10,0,0
s131,af01,3,7,9,10,0,0
s131,af02,3,6,8,10,0,0
s131,af03,3,7,9,10,0,0
s131,af04,3,7,9,10,0,0
s131,af05,3,8,10,10,0,0
s131,af06,3,7,9,10,0,0
s131,af07,3,8,10,10,0,0
s131,af08,3,6,8,10,0,0
s131,af09,3,7,9,10,0,0
s131,af10,3,6,8,10,0,0
s131,af11,3,7,9,10,0,0
s131,af12,3,7,9,10,3,3
s131,af13,3,8,10,10,1,1
s131,af14,3,7,9,10,1,1
s131,af15,3,8,10,10,8,8
s132,af00,2,4,4,4,0,0
s132,af01,2,5,5,4,0,0
s132,af02,2,5,5,4,0,0
s132,af03,2,6,6,4,0,0
s132,af04,2,5,5,4,0,0
s132,af05,2,6,6,4,0,0
s132,af06,2,6,6,4,0,0
s132,af07,2,7,7,4,0,0
s132,af08,2,5,5,4,0,0
s132,af09,2,6,6,4,0,0
s132,af10,2,6,6,4,0,0
s132,af11,2,7,7,4,0,0
s132,af12,2,6,6,4,3,3
s132,af13,2,7,7,4,1,1
s132,af14,2,7,7,4,1,1
s132,af15,2,8,8,4,8,8
s133,af00,3,5,7,15,0,0
s133,af01,3,6,8,15,0,0
s133,af02,3,6,8,15,0,0
s133,af03,3,7,9,15,0,0
s133,af04,3,6,8,15,0,0
s133,af05,3,7,9,15,0,0
s133,af06,3,7,9,15,0,0
s133,af07,3,8,10,15,0,0
s133,af08,3,6,8,15,0,0
s133,af09,3,7,9,15,0,0
s133,af10,3,7,9,15,0,0
s133,af11,3,8,10,15,0,0
s133,af12,3,7,9,15,3,3
s133,af13,3,8,10,15,1,1
s133,af14,3,8,10,15,1,1
s133,af15,3,9,11,15,8,8
s134,af00,3,5,7,10,0,0
s134,af01,3,6,8,10,0,0
s134,af02,3,6,8,10,0,0
s134,af03,3,7,9,10,0,0
s134,af04,3,6,8,10,0,0
s134,af05,3,7,9,10,0,0
s134,af06,3,7,9,10,0,0
s134,af07,3,8,10,10,0,0
s134,af08,3,6,8,10,0,0
s134,af09,3,7,9,10,0,0
s134,af10,3,7,9,10,0,0
s134,af11,3,8,10,10,0,0
s134,af12,3,7,9,10,3,3
s134,af13,3,8,10,10,1,1
s134,af14,3,8,10,10,1,1
s134,af15,3,9,11,10,8,8
s135,af00,4,6,10,26,0,0
s135,af01,4,7,11,26,0,0
s135,af02,4,7,11,26,0,0
s135,af03,4,8,12,26,0,0
s135,af04,4,7,11,26,0,0
s135,af05,4,8,12,26,0,0
s135,af06,4,8,12,26,0,0
s135,af07,4,9,13,26,0,0
s135,af08,4,7,11,26,0,0
s135,af09,4,8,12,26,0,0
s135,af10,4,8,12,26,0,0
s135,af11,4,9,13,26,0,0
s135,af12,4,8,12,26,3,3
s135,af13,4,9,13,26,1,1
s135,af14,4,9,13,26,1,1
s135,af15,4,10,14,26,8,8
s136,af00,2,4,4,4,0,0
s136,af01,2,5,5,4,0,0
s136,af02,2,5,5,4,0,0
s136,af03,2,6,6,4,0,0
s136,af04,2,5,5,4,0,0
s136,af05,2,6,6,4,0,0
s136,af06,2,6,6,4,0,0
s136,af07,2,7,7,4,0,0
s136,af08,2,5,5,4,0,0
s136,af09,2,6,6,4,0,0
s136,af10,2,6,6,4,0,0
s136,af11,2,7,7,4,0,0
s136,af12,2,6,6,4,3,3
s136,af13,2,7,7,4,1,1
s136,af14,2,7,7,4,1,1
s136,af15,2,8,8,4,8,8
s137,af00,3,5,7,10,0,0
s137,af01,3,6,8,10,0,0
s137,af02,3,6,8,10,0,0
s137,af03,3,7,9,10,0,0
s137,af04,3,6,8,10,0,0
s137,af05,3,7,9,10,0,0
s137,af06,3,7,9,10,0,0
s137,af07,3,8,10,10,0,0
s137,af08,3,6,8,10,0,0
s137,af09,3,7,9,10,0,0
s137,af10,3,7,9,10,0,0
s137,af11,3,8,10,10,0,0
s137,af12,3,7,9,10,3,3
s137,af13,3,8,10,10,1,1
s137,af14,3,8,10,10,1,1
s137,af15,3,9,11,10,8,8
s138,af00,3,5,7,7,0,0
s138,af01,3,6,8,7,0,0
s138,af02,3,6,8,7,0,0
s138,af03,3,7,9,7,0,0
s138,af04,3,6,8,7,0,0
s138,af05,3,7,9,7,0,0
s138,af06,3,7,9,7,0,0
s138,af07,3,8,10,7,0,0
s138,af08,3,6,8,7,0,0
s138,af09,3,7,9,7,0,0
s138,af10,3,7,9,7,0,0
s138,af11,3,8,10,7,0,0
s138,af12,3,7,9,7,3,3
s138,af13,3,8,10,7,1,1
s138,af14,3,8,10,7,1,1
s138,af15,3,9,11,7,8,8
s139,af00,4,6,10,16,0,0
s139,af01,4,7,11,16,0,0
s139,af02,4,7,11,16,0,0
s139,af03,4,8,12,16,0,0
s139,af04,4,7,11,16,0,0
s139,af05,4,8,12,16,0,0
s139,af06,4,8,12,16,0,0
s139,af07,4,9,13,16,0,0
s139,af08,4,7,11,16,0,0
s139,af09,4,8,12,16,0,0
s139,af10,4,8,12,16,0,0
s139,af11,4,9,13,16,0,0
s139,af12,4,8,12,16,3,3
s139,af13,4,9,13,16,1,1
s139,af14,4,9,13,16,1,1
s139,af15,4,10,14,16,8,8
s140,af00,3,4,6,10,0,0
s140,af01,3,6,8,10,0,0
s140,af02,3,5,7,10,0,0
s140,af03,3,7,9,10,0,0
s140,af04,3,6,8,10,0,0
s140,af05,3,8,10,10,0,0
s140,af06,3,7,9,10,0,0
s140,af07,3,9,11,10,0,0
s140,af08,3,5,7,10,0,0
s140,af09,3,7,9,10,0,0
s140,af10,3,6,8,10,0,0
s140,af11,3,8,10,10,0,0
s140,af12,3,7,9,10,3,3
s140,af13,3,9,11,10,1,1
s140,af14,3,8,10,10,1,1
s140,af15,3,10,12,10,8,8
s141,af00,4,5,9,26,0,0
s141,af01,4,6,10,26,0,0
s141,af02,4,7,11,26,0,0
s141,af03,4,8,12,26,0,0
s141,af04,4,6,10,26,0,0
s141,af05,4,7,11,26,0,0
s141,af06,4,8,12,26,0,0
s141,af07,4,9,13,26,0,0
s141,af08,4,7,11,26,0,0
s141,af09,4,8,12,26,0,0
s141,af10,4,9,13,26,0,0
s141,af11,4,10,14,26,0,0
s141,af12,4,8,12,26,3,3
s141,af13,4,9,13,26,1,1
s141,af14,4,10,14,26,1,1
s141,af15,4,11,15,26,8,8
s142,af00,4,5,9,16,0,0
s142,af01,4,6,10,16,0,0
s142,af02,4,7,11,16,0,0
s142,af03,4,8,12,16,0,0
s142,af04,4,6,10,16,0,0
s142,af05,4,7,11,16,0,0
s142,af06,4,8,12,16,0,0
s142,af07,4,9,13,16,0,0
s142,af08,4,7,11,16,0,0
s142,af09,4,8,12,16,0,0
s142,af10,4,9,13,16,0,0
s142,af11,4,10,14,16,0,0
s142,af12,4,8,12,16,3,3
s142,af13,4,9,13,16,1,1
s142,af14,4,10,14,16,1,1
s142,af15,4,11,15,16,8,8
s143,af00,5,6,12,37,0,0
s143,af01,5,8,14,37,0,0
s143,af02,5,7,13,37,0,0
s143,af03,5,9,15,37,0,0
s143,af04,5,8,14,37,0,0
s143,af05,5,10,16,37,0,0
s143,af06,5,9,15,37,0,0
s143,af07,5,11,17,37,0,0
s143,af08,5,7,13,37,0,0
s143,af09,5,9,15,37,0,0
s143,af10,5,8,14,37,0,0
s143,af11,5,10,16,37,0,0
s143,af12,5,9,15,37,3,3
s143,af13,5,11,17,37,1,1
s143,af14,5,10,16,37,1,1
s143,af15,5,12,18,37,8,8
s145,af00,3,6,8,4,0,0
s145,af01,3,7,9,4,0,0
s145,af02,3,6,8,4,0,0
s145,af03,3,7,9,4,0,0
s145,af04,3,7,9,4,0,0
s145,af05,3,8,10,4,0,0
s145,af06,3,7,9,4,0,0
s145,af07,3,8,10,4,0,0
s145,af08,3,6,8,4,0,0
s145,af09,3,7,9,4,0,0
s145,af10,3,6,8,4,0,0
s145,af11,3,7,9,4,0,0
s145,af12,3,7,9,4,3,3
s145,af13,3,8,10,4,1,1
s145,af14,3,7,9,4,1,1
s145,af15,3,8,10,4,8,8
s146,af00,3,6,8,7,0,0
s146,af01,3,7,9,7,0,0
s146,af02,3,6,8,7,0,0
s146,af03,3,7,9,7,0,0
s146,af04,3,7,9,7,0,0
s146,af05,3,8,10,7,0,0
s146,af06,3,7,9,7,0,0
s146,af07,3,8,10,7,0,0
s146,af08,3,6,8,7,0,0
s146,af09,3,7,9,7,0,0
s146,af10,3,6,8,7,0,0
s146,af11,3,7,9,7,0,0
s146,af12,3,7,9,7,3,3
s146,af13,3,8,10,7,1,1
s146,af14,3,7,9,7,1,1
s146,af15,3,8,10,7,8,8
s147,af00,4,7,11,15,0,0
s147,af01,4,7,11,15,0,0
s147,af02,4,8,12,15,0,0
s147,af03,4,8,12,15,0,0
s147,af04,4,7,11,15,0,0
s147,af05,4,7,11,15,0,0
s147,af06,4,8,12,15,0,0
s147,af07,4,8,12,15,0,0
s147,af08,4,8,12,15,0,0
s147,af09,4,8,12,15,0,0
s147,af10,4,9,13,15,0,0
s147,af11,4,9,13,15,0,0
s147,af12,4,8,12,15,3,3
s147,af13,4,8,12,15,1,1
s147,af14,4,9,13,15,1,1
s147,af15,4,9,13,15,8,8
s148,af00,3,5,7,4,0,0
s148,af01,3,7,9,4,0,0
s148,af02,3,5,7,4,0,0
s148,af03,3,7,9,4,0,0
s148,af04,3,7,9,4,0,0
s148,af05,3,9,11,4,0,0
s148,af06,3,7,9,4,0,0
s148,af07,3,9,11,4,0,0
s148,af08,3,5,7,4,0,0
s148,af09,3,7,9,4,0,0
s148,af10,3,5,7,4,0,0
s148,af11,3,7,9,4,0,0
s148,af12,3,7,9,4,3,3
s148,af13,3,9,11,4,1,1
s148,af14,3,7,9,4,1,1
s148,af15,3,9,11,4,8,8
s149,af00,4,6,10,15,0,0
s149,af01,4,6,10,15,0,0
s149,af02,4,8,12,15,0,0
s149,af03,4,8,12,15,0,0
s149,af04,4,6,10,15,0,0
s149,af05,4,6,10,15,0,0
s149,af06,4,8,12,15,0,0
s149,af07,4,8,12,15,0,0
s149,af08,4,8,12,15,0,0
s149,af09,4,8,12,15,0,0
s149,af10,4,10,14,15,0,0
s149,af11,4,10,14,15,0,0
s149,af12,4,8,12,15,3,3
s149,af13,4,8,12,15,1,1
s149,af14,4,10,14,15,1,1
s149,af15,4,10,14,15,8,8
s150,af00,4,6,10,15,0,0
s150,af01,4,6,10,15,0,0
s150,af02,4,8,12,15,0,0
s150,af03,4,8,12,15,0,0
s150,af04,4,6,10,15,0,0
s150,af05,4,6,10,15,0,0
s150,af06,4,8,12,15,0,0
s150,af07,4,8,12,15,0,0
s150,af08,4,8,12,15,0,0
s150,af09,4,8,12,15,0,0
s150,af10,4,10,14,15,0,0
s150,af11,4,10,14,15,0,0
s150,af12,4,8,12,15,3,3
s150,af13,4,8,12,15,1,1
s150,af14,4,10,14,15,1,1
s150,af15,4,10,14,15,8,8
s151,af00,5,7,13,33,0,0
s151,af01,5,9,15,33,0,0
s151,af02,5,7,13,33,0,0
s151,af03,5,9,15,33,0,0
s151,af04,5,9,15,33,0,0
s151,af05,5,11,17,33,0,0
s151,af06,5,9,15,33,0,0
s151,af07,5,11,17,33,0,0
s151,af08,5,7,13,33,0,0
s151,af09,5,9,15,33,0,0
s151,af10,5,7,13,33,0,0
s151,af11,5,9,15,33,0,0
s151,af12,5,9,15,33,3,3
s151,af13,5,11,17,33,1,1
s151,af14,5,9,15,33,1,1
s151,af15,5,11,17,33,8,8
s152,af00,3,5,7,7,0,0
s152,af01,3,7,9,7,0,0
s152,af02,3,5,7,7,0,0
s152,af03,3,7,9,7,0,0
s152,af04,3,7,9,7,0,0
s152,af05,3,9,11,7,0,0
s152,af06,3,7,9,7,0,0
s152,af07,3,9,11,7,0,0
s152,af08,3,5,7,7,0,0
s152,af09,3,7,9,7,0,0
s152,af10,3,5,7,7,0,0
s152,af11,3,7,9,7,0,0
s152,af12,3,7,9,7,3,3
s152,af13,3,9,11,7,1,1
s152,af14,3,7,9,7,1,1
s152,af15,3,9,11,7,8,8
s153,af00,4,6,10,15,0,0
s153,af01,4,6,10,15,0,0
s153,af02,4,8,12,15,0,0
s153,af03,4,8,12,15,0,0
s153,af04,4,6,10,15,0,0
s153,af05,4,6,10,15,0,0
s153,af06,4,8,12,15,0,0
s153,af07,4,8,12,15,0,0
s153,af08,4,8,12,15,0,0
s153,af09,4,8,12,15,0,0
s153,af10,4,10,14,15,0,0
s153,af11,4,10,14,15,0,0
s153,af12,4,8,12,15,3,3
s153,af13,4,8,12,15,1,1
s153,af14,4,10,14,15,1,1
s153,af15,4,10,14,15,8,8
s154,af00,4,6,10,15,0,0
s154,af01,4,6,10,15,0,0
s154,af02,4,8,12,15,0,0
s154,af03,4,8,12,15,0,0
s154,af04,4,6,10,15,0,0
s154,af05,4,6,10,15,0,0
s154,af06,4,8,12,15,0,0
s154,af07,4,8,12,15,0,0
s154,af08,4,8,12,15,0,0
s154,af09,4,8,12,15,0,0
s154,af10,4,10,14,15,0,0
s154,af11,4,10,14,15,0,0
s154,af12,4,8,12,15,3,3
s154,af13,4,8,12,15,1,1
s154,af14,4,10,14,15,1,1
s154,af15,4,10,14,15,8,8
s155,af00,5,7,13,28,0,0
s155,af01,5,9,15,28,0,0
s155,af02,5,7,13,28,0,0
s155,af03,5,9,15,28,0,0
s155,af04,5,9,15,28,0,0
s155,af05,5,11,17,28,0,0
s155,af06,5,9,15,28,0,0
s155,af07,5,11,17,28,0,0
s155,af08,5,7,13,28,0,0
s155,af09,5,9,15,28,0,0
s155,af10,5,7,13,28,0,0
s155,af11,5,9,15,28,0,0
s155,af12,5,9,15,28,3,3
s155,af13,5,11,17,28,1,1
s155,af14,5,9,15,28,1,1
s155,af15,5,11,17,28,8,8
s156,af00,4,5,9,15,0,0
s156,af01,4,6,10,15,0,0
s156,af02,4,7,11,15,0,0
s156,af03,4,8,12,15,0,0
s156,af04,4,6,10,15,0,0
s156,af05,4,7,11,15,0,0
s156,af06,4,8,12,15,0,0
s156,af07,4,9,13,15,0,0
s156,af08,4,7,11,15,0,0
s156,af09,4,8,12,15,0,0
s156,af10,4,9,13,15,0,0
s156,af11,4,10,14,15,0,0
s156,af12,4,8,12,15,3,3
s156,af13,4,9,13,15,1,1
s156,af14,4,10,14,15,1,1
s156,af15,4,11,15,15,8,8
s157,af00,5,6,12,33,0,0
s157,af01,5,8,14,33,0,0
s157,af02,5,7,13,33,0,0
s157,af03,5,9,15,33,0,0
s157,af04,5,8,14,33,0,0
s157,af05,5,10,16,33,0,0
s157,af06,5,9,15,33,0,0
s157,af07,5,11,17,33,0,0
s157,af08,5,7,13,33,0,0
s157,af09,5,9,15,33,0,0
s157,af10,5,8,14,33,0,0
s157,af11,5,10,16,33,0,0
s157,af12,5,9,15,33,3,3
s157,af13,5,11,17,33,1,1
s157,af14,5,10,16,33,1,1
s157,af15,5,12,18,33,8,8
s158,af00,5,6,12,28,0,0
s158,af01,5,8,14,28,0,0
s158,af02,5,7,13,28,0,0
s158,af03,5,9,15,28,0,0
s158,af04,5,8,14,28,0,0
s158,af05,5,10,16,28,0,0
s158,af06,5,9,15,28,0,0
s158,af07,5,11,17,28,0,0
s158,af08,5,7,13,28,0,0
s158,af09,5,9,15,28,0,0
s158,af10,5,8,14,28,0,0
s158,af11,5,10,16,28,0,0
s158,af12,5,9,15,28,3,3
s158,af13,5,11,17,28,1,1
s158,af14,5,10,16,28,1,1
s158,af15,5,12,18,28,8,8
s159,af00,6,7,15,53,0,0
s159,af01,6,8,16,53,0,0
s159,af02,6,9,17,53,0,0
s159,af03,6,10,18,53,0,0
s159,af04,6,8,16,53,0,0
s159,af05,6,9,17,53,0,0
s159,af06,6,10,18,53,0,0
s159,af07,6,11,19,53,0,0
s159,af08,6,9,17,53,0,0
s159,af09,6,10,18,53,0,0
s159,af10,6,11,19,53,0,0
s159,af11,6,12,20,53,0,0
s159,af12,6,10,18,53,3,3
s159,af13,6,11,19,53,1,1
s159,af14,6,12,20,53,1,1
s159,af15,6,13,21,53,8,8
s161,af00,3,6,8,4,0,0
s161,af01,3,7,9,4,0,0
s161,af02,3,6,8,4,0,0
s161,af03,3,7,9,4,0,0
s161,af04,3,7,9,4,0,0
s161,af05,3,8,10,4,0,0
s161,af06,3,7,9,4,0,0
s161,af07,3,8,10,4,0,0
s161,af08,3,6,8,4,0,0
s161,af09,3,7,9,4,0,0
s161,af10,3,6,8,4,0,0
s161,af11,3,7,9,4,0,0
s161,af12,3,7,9,4,3,3
s161,af13,3,8,10,4,1,1
s161,af14,3,7,9,4,1,1
s161,af15,3,8,10,4,8,8
s162,af00,3,6,8,8,0,0
s162,af01,3,7,9,8,0,0
s162,af02,3,6,8,8,0,0
s162,af03,3,7,9,8,0,0
s162,af04,3,7,9,8,0,0
s162,af05,3,8,10,8,0,0
s162,af06,3,7,9,8,0,0
s162,af07,3,8,10,8,0,0
s162,af08,3,6,8,8,0,0
s162,af09,3,7,9,8,0,0
s162,af10,3,6,8,8,0,0
s162,af11,3,7,9,8,0,0
s162,af12,3,7,9,8,3,3
s162,af13,3,8,10,8,1,1
s162,af14,3,7,9,8,1,1
s162,af15,3,8,10,8,8,8
s163,af00,4,7,11,15,0,0
s163,af01,4,7,11,15,0,0
s163,af02,4,8,12,15,0,0
s163,af03,4,8,12,15,0,0
s163,af04,4,7,11,15,0,0
s163,af05,4,7,11,15,0,0
s163,af06,4,8,12,15,0,0
s163,af07,4,8,12,15,0,0
s163,af08,4,8,12,15,0,0
s163,af09,4,8,12,15,0,0
s163,af10,4,9,13,15,0,0
s163,af11,4,9,13,15,0,0
s163,af12,4,8,12,15,3,3
s163,af13,4,8,12,15,1,1
s163,af14,4,9,13,15,1,1
s163,af15,4,9,13,15,8,8
s164,af00,3,5,7,4,0,0
s164,af01,3,7,9,4,0,0
s164,af02,3,5,7,4,0,0
s164,af03,3,7,9,4,0,0
s164,af04,3,7,9,4,0,0
s164,af05,3,9,11,4,0,0
s164,af06,3,7,9,4,0,0
s164,af07,3,9,11,4,0,0
s164,af08,3,5,7,4,0,0
s164,af09,3,7,9,4,0,0
s164,af10,3,5,7,4,0,0
s164,af11,3,7,9,4,0,0
s164,af12,3,7,9,4,3,3
s164,af13,3,9,11,4,1,1
s164,af14,3,7,9,4,1,1
s164,af15,3,9,11,4,8,8
s165,af00,4,6,10,15,0,0
s165,af01,4,6,10,15,0,0
s165,af02,4,8,12,15,0,0
s165,af03,4,8,12,15,0,0
s165,af04,4,6,10,15,0,0
s165,af05,4,6,10,15,0,0
s165,af06,4,8,12,15,0,0
s165,af07,4,8,12,15,0,0
s165,af08,4,8,12,15,0,0
s165,af09,4,8,12,15,0,0
s165,af10,4,10,14,15,0,0
s165,af11,4,10,14,15,0,0
s165,af12,4,8,12,15,3,3
s165,af13,4,8,12,15,1,1
s165,af14,4,10,14,15,1,1
s165,af15,4,10,14,15,8,8
s166,af00,4,6,10,15,0,0
s166,af01,4,6,10,15,0,0
s166,af02,4,8,12,15,0,0
s166,af03,4,8,12,15,0,0
s166,af04,4,6,10,15,0,0
s166,af05,4,6,10,15,0,0
s166,af06,4,8,12,15,0,0
s166,af07,4,8,12,15,0,0
s166,af08,4,8,12,15,0,0
s166,af09,4,8,12,15,0,0
s166,af10,4,10,14,15,0,0
s166,af11,4,10,14,15,0,0
s166,af12,4,8,12,15,3,3
s166,af13,4,8,12,15,1,1
s166,af14,4,10,14,15,1,1
s166,af15,4,10,14,15,8,8
s167,af00,5,7,13,32,0,0
s167,af01,5,9,15,32,0,0
s167,af02,5,7,13,32,0,0
s167,af03,5,9,15,32,0,0
s167,af04,5,9,15,32,0,0
s167,af05,5,11,17,32,0,0
s167,af06,5,9,15,32,0,0
s167,af07,5,11,17,32,0,0
s167,af08,5,7,13,32,0,0
s167,af09,5,9,15,32,0,0
s167,af10,5,7,13,32,0,0
s167,af11,5,9,15,32,0,0
s167,af12,5,9,15,32,3,3
s167,af13,5,11,17,32,1,1
s167,af14,5,9,15,32,1,1
s167,af15,5,11,17,32,8,8
s168,af00,3,5,7,8,0,0
s168,af01,3,7,9,8,0,0
s168,af02,3,5,7,8,0,0
s168,af03,3,7,9,8,0,0
s168,af04,3,7,9,8,0,0
s168,af05,3,9,11,8,0,0
s168,af06,3,7,9,8,0,0
s168,af07,3,9,11,8,0,0
s168,af08,3,5,7,8,0,0
s168,af09,3,7,9,8,0,0
s168,af10,3,5,7,8,0,0
s168,af11,3,7,9,8,0,0
s168,af12,3,7,9,8,3,3
s168,af13,3,9,11,8,1,1
s168,af14,3,7,9,8,1,1
s168,af15,3,9,11,8,8,8
s169,af00,4,6,10,15,0,0
s169,af01,4,6,10,15,0,0
s169,af02,4,8,12,15,0,0
s169,af03,4,8,12,15,0,0
s169,af04,4,6,10,15,0,0
s169,af05,4,6,10,15,0,0
s169,af06,4,8,12,15,0,0
s169,af07,4,8,12,15,0,0
s169,af08,4,8,12,15,0,0
s169,af09,4,8,12,15,0,0
s169,af10,4,10,14,15,0,0
s169,af11,4,10,14,15,0,0
s169,af12,4,8,12,15,3,3
s169,af13,4,8,12,15,1,1
s169,af14,4,10,14,15,1,1
s169,af15,4,10,14,15,8,8
s170,af00,4,6,10,15,0,0
s170,af01,4,6,10,15,0,0
s170,af02,4,8,12,15,0,0
s170,af03,4,8,12,15,0,0
s170,af04,4,6,10,15,0,0
s170,af05,4,6,10,15,0,0
s170,af06,4,8,12,15,0,0
s170,af07,4,8,12,15,0,0
s170,af08,4,8,12,15,0,0
s170,af09,4,8,12,15,0,0
s170,af10,4,10,14,15,0,0
s170,af11,4,10,14,15,0,0
s170,af12,4,8,12,15,3,3
s170,af13,4,8,12,15,1,1
s170,af14,4,10,14,15,1,1
s170,af15,4,10,14,15,8,8
s171,af00,5,7,13,26,0,0
s171,af01,5,9,15,26,0,0
s171,af02,5,7,13,26,0,0
s171,af03,5,9,15,26,0,0
s171,af04,5,9,15,26,0,0
s171,af05,5,11,17,26,0,0
s171,af06,5,9,15,26,0,0
s171,af07,5,11,17,26,0,0
s171,af08,5,7,13,26,0,0
s171,af09,5,9,15,26,0,0
s171,af10,5,7,13,26,0,0
s171,af11,5,9,15,26,0,0
s171,af12,5,9,15,26,3,3
s171,af13,5,11,17,26,1,1
s171,af14,5,9,15,26,1,1
s171,af15,5,11,17,26,8,8
s172,af00,4,5,9,15,0,0
s172,af01,4,6,10,15,0,0
s172,af02,4,7,11,15,0,0
s172,af03,4,8,12,15,0,0
s172,af04,4,6,10,15,0,0
s172,af05,4,7,11,15,0,0
s172,af06,4,8,12,15,0,0
s172,af07,4,9,13,15,0,0
s172,af08,4,7,11,15,0,0
s172,af09,4,8,12,15,0,0
s172,af10,4,9,13,15,0,0
s172,af11,4,10,14,15,0,0
s172,af12,4,8,12,15,3,3
s172,af13,4,9,13,15,1,1
s172,af14,4,10,14,15,1,1
s172,af15,4,11,15,15,8,8
s173,af00,5,6,12,32,0,0
s173,af01,5,8,14,32,0,0
s173,af02,5,7,13,32,0,0
s173,af03,5,9,15,32,0,0
s173,af04,5,8,14,32,0,0
s173,af05,5,10,16,32,0,0
s173,af06,5,9,15,32,0,0
s173,af07,5,11,17,32,0,0
s173,af08,5,7,13,32,0,0
s173,af09,5,9,15,32,0,0
s173,af10,5,8,14,32,0,0
s173,af11,5,10,16,32,0,0
s173,af12,5,9,15,32,3,3
s173,af13,5,11,17,32,1,1
s173,af14,5,10,16,32,1,1
s173,af15,5,12,18,32,8,8
s174,af00,5,6,12,26,0,0
s174,af01,5,8,14,26,0,0
s174,af02,5,7,13,26,0,0
s174,af03,5,9,15,26,0,0
s174,af04,5,8,14,26,0,0
s174,af05,5,10,16,26,0,0
s174,af06,5,9,15,26,0,0
s174,af07,5,11,17,26,0,0
s174,af08,5,7,13,26,0,0
s174,af09,5,9,15,26,0,0
s174,af10,5,8,14,26,0,0
s174,af11,5,10,16,26,0,0
s174,af12,5,9,15,26,3,3
s174,af13,5,11,17,26,1,1
s174,af14,5,10,16,26,1,1
s174,af15,5,12,18,26,8,8
s175,af00,6,7,15,49,0,0
s175,af01,6,8,16,49,0,0
s175,af02,6,9,17,49,0,0
s175,af03,6,10,18,49,0,0
s175,af04,6,8,16,49,0,0
s175,af05,6,9,17,49,0,0
s175,af06,6,10,18,49,0,0
s175,af07,6,11,19,49,0,0
s175,af08,6,9,17,49,0,0
s175,af09,6,10,18,49,0,0
s175,af10,6,11,19,49,0,0
s175,af11,6,12,20,49,0,0
s175,af12,6,10,18,49,3,3
s175,af13,6,11,19,49,1,1
s175,af14,6,12,20,49,1,1
s175,af15,6,13,21,49,8,8
s177,af00,4,7,11,4,0,0
s177,af01,4,7,11,4,0,0
s177,af02,4,8,12,4,0,0
s177,af03,4,8,12,4,0,0
s177,af04,4,7,11,4,0,0
s177,af05,4,7,11,4,0,0
s177,af06,4,8,12,4,0,0
s177,af07,4,8,12,4,0,0
s177,af08,4,8,12,4,0,0
s177,af09,4,8,12,4,0,0
s177,af10,4,9,13,4,0,0
s177,af11,4,9,13,4,0,0
s177,af12,4,8,12,4,3,3
s177,af13,4,8,12,4,1,1
s177,af14,4,9,13,4,1,1
s177,af15,4,9,13,4,8,8
s178,af00,4,7,11,12,0,0
s178,af01,4,7,11,12,0,0
s178,af02,4,8,12,12,0,0
s178,af03,4,8,12,12,0,0
s178,af04,4,7,11,12,0,0
s178,af05,4,7,11,12,0,0
s178,af06,4,8,12,12,0,0
s178,af07,4,8,12,12,0,0
s178,af08,4,8,12,12,0,0
s178,af09,4,8,12,12,0,0
s178,af10,4,9,13,12,0,0
s178,af11,4,9,13,12,0,0
s178,af12,4,8,12,12,3,3
s178,af13,4,8,12,12,1,1
s178,af14,4,9,13,12,1,1
s178,af15,4,9,13,12,8,8
s179,af00,5,8,14,21,0,0
s179,af01,5,9,15,21,0,0
s179,af02,5,8,14,21,0,0
s179,af03,5,9,15,21,0,0
s179,af04,5,9,15,21,0,0
s179,af05,5,10,16,21,0,0
s179,af06,5,9,15,21,0,0
s179,af07,5,10,16,21,0,0
s179,af08,5,8,14,21,0,0
s179,af09,5,9,15,21,0,0
s179,af10,5,8,14,21,0,0
s179,af11,5,9,15,21,0,0
s179,af12,5,9,15,21,3,3
s179,af13,5,10,16,21,1,1
s179,af14,5,9,15,21,1,1
s179,af15,5,10,16,21,8,8
s180,af00,4,6,10,4,0,0
s180,af01,4,7,11,4,0,0
s180,af02,4,7,11,4,0,0
s180,af03,4,8,12,4,0,0
s180,af04,4,7,11,4,0,0
s180,af05,4,8,12,4,0,0
s180,af06,4,8,12,4,0,0
s180,af07,4,9,13,4,0,0
s180,af08,4,7,11,4,0,0
s180,af09,4,8,12,4,0,0
s180,af10,4,8,12,4,0,0
s180,af11,4,9,13,4,0,0
s180,af12,4,8,12,4,3,3
s180,af13,4,9,13,4,1,1
s180,af14,4,9,13,4,1,1
s180,af15,4,10,14,4,8,8
s181,af00,5,7,13,15,0,0
s181,af01,5,8,14,15,0,0
s181,af02,5,8,14,15,0,0
s181,af03,5,9,15,15,0,0
s181,af04,5,8,14,15,0,0
s181,af05,5,9,15,15,0,0
s181,af06,5,9,15,15,0,0
s181,af07,5,10,16,15,0,0
s181,af08,5,8,14,15,0,0
s181,af09,5,9,15,15,0,0
s181,af10,5,9,15,15,0,0
s181,af11,5,10,16,15,0,0
s181,af12,5,9,15,15,3,3
s181,af13,5,10,16,15,1,1
s181,af14,5,10,16,15,1,1
s181,af15,5,11,17,15,8,8
s182,af00,5,7,13,21,0,0
s182,af01,5,8,14,21,0,0
s182,af02,5,8,14,21,0,0
s182,af03,5,9,15,21,0,0
s182,af04,5,8,14,21,0,0
s182,af05,5,9,15,21,0,0
s182,af06,5,9,15,21,0,0
s182,af07,5,10,16,21,0,0
s182,af08,5,8,14,21,0,0
s182,af09,5,9,15,21,0,0
s182,af10,5,9,15,21,0,0
s182,af11,5,10,16,21,0,0
s182,af12,5,9,15,21,3,3
s182,af13,5,10,16,21,1,1
s182,af14,5,10,16,21,1,1
s182,af15,5,11,17,21,8,8
s183,af00,6,8,16,40,0,0
s183,af01,6,9,17,40,0,0
s183,af02,6,9,17,40,0,0
s183,af03,6,10,18,40,0,0
s183,af04,6,9,17,40,0,0
s183,af05,6,10,18,40,0,0
s183,af06,6,10,18,40,0,0
s183,af07,6,11,19,40,0,0
s183,af08,6,9,17,40,0,0
s183,af09,6,10,18,40,0,0
s183,af10,6,10,18,40,0,0
s183,af11,6,11,19,40,0,0
s183,af12,6,10,18,40,3,3
s183,af13,6,11,19,40,1,1
s183,af14,6,11,19,40,1,1
s183,af15,6,12,20,40,8,8
s184,af00,4,6,10,12,0,0
s184,af01,4,7,11,12,0,0
s184,af02,4,7,11,12,0,0
s184,af03,4,8,12,12,0,0
s184,af04,4,7,11,12,0,0
s184,af05,4,8,12,12,0,0
s184,af06,4,8,12,12,0,0
s184,af07,4,9,13,12,0,0
s184,af08,4,7,11,12,0,0
s184,af09,4,8,12,12,0,0
s184,af10,4,8,12,12,0,0
s184,af11,4,9,13,12,0,0
s184,af12,4,8,12,12,3,3
s184,af13,4,9,13,12,1,1
s184,af14,4,9,13,12,1,1
s184,af15,4,10,14,12,8,8
s185,af00,5,7,13,21,0,0
s185,af01,5,8,14,21,0,0
s185,af02,5,8,14,21,0,0
s185,af03,5,9,15,21,0,0
s185,af04,5,8,14,21,0,0
s185,af05,5,9,15,21,0,0
s185,af06,5,9,15,21,0,0
s185,af07,5,10,16,21,0,0
s185,af08,5,8,14,21,0,0
s185,af09,5,9,15,21,0,0
s185,af10,5,9,15,21,0,0
s185,af11,5,10,16,21,0,0
s185,af12,5,9,15,21,3,3
s185,af13,5,10,16,21,1,1
s185,af14,5,10,16,21,1,1
s185,af15,5,11,17,21,8,8
s186,af00,5,7,13,25,0,0
s186,af01,5,8,14,25,0,0
s186,af02,5,8,14,25,0,0
s186,af03,5,9,15,25,0,0
s186,af04,5,8,14,25,0,0
s186,af05,5,9,15,25,0,0
s186,af06,5,9,15,25,0,0
s186,af07,5,10,16,25,0,0
s186,af08,5,8,14,25,0,0
s186,af09,5,9,15,25,0,0
s186,af10,5,9,15,25,0,0
s186,af11,5,10,16,25,0,0
s186,af12,5,9,15,25,3,3
s186,af13,5,10,16,25,1,1
s186,af14,5,10,16,25,1,1
s186,af15,5,11,17,25,8,8
s187,af00,6,8,16,40,0,0
s187,af01,6,9,17,40,0,0
s187,af02,6,9,17,40,0,0
s187,af03,6,10,18,40,0,0
s187,af04,6,9,17,40,0,0
s187,af05,6,10,18,40,0,0
s187,af06,6,10,18,40,0,0
s187,af07,6,11,19,40,0,0
s187,af08,6,9,17,40,0,0
s187,af09,6,10,18,40,0,0
s187,af10,6,10,18,40,0,0
s187,af11,6,11,19,40,0,0
s187,af12,6,10,18,40,3,3
s187,af13,6,11,19,40,1,1
s187,af14,6,11,19,40,1,1
s187,af15,6,12,20,40,8,8
s188,af00,5,6,12,21,0,0
s188,af01,5,8,14,21,0,0
s188,af02,5,7,13,21,0,0
s188,af03,5,9,15,21,0,0
s188,af04,5,8,14,21,0,0
s188,af05,5,10,16,21,0,0
s188,af06,5,9,15,21,0,0
s188,af07,5,11,17,21,0,0
s188,af08,5,7,13,21,0,0
s188,af09,5,9,15,21,0,0
s188,af10,5,8,14,21,0,0
s188,af11,5,10,16,21,0,0
s188,af12,5,9,15,21,3,3
s188,af13,5,11,17,21,1,1
s188,af14,5,10,16,21,1,1
s188,af15,5,12,18,21,8,8
s189,af00,6,7,15,40,0,0
s189,af01,6,8,16,40,0,0
s189,af02,6,9,17,40,0,0
s189,af03,6,10,18,40,0,0
s189,af04,6,8,16,40,0,0
s189,af05,6,9,17,40,0,0
s189,af06,6,10,18,40,0,0
s189,af07,6,11,19,40,0,0
s189,af08,6,9,17,40,0,0
s189,af09,6,10,18,40,0,0
s189,af10,6,11,19,40,0,0
s189,af11,6,12,20,40,0,0
s189,af12,6,10,18,40,3,3
s189,af13,6,11,19,40,1,1
s189,af14,6,12,20,40,1,1
s189,af15,6,13,21,40,8,8
s190,af00,6,7,15,40,0,0
s190,af01,6,8,16,40,0,0
s190,af02,6,9,17,40,0,0
s190,af03,6,10,18,40,0,0
s190,af04,6,8,16,40,0,0
s190,af05,6,9,17,40,0,0
s190,af06,6,10,18,40,0,0
s190,af07,6,11,19,40,0,0
s190,af08,6,9,17,40,0,0
s190,af09,6,10,18,40,0,0
s190,af10,6,11,19,40,0,0
s190,af11,6,12,20,40,0,0
s190,af12,6,10,18,40,3,3
s190,af13,6,11,19,40,1,1
s190,af14,6,12,20,40,1,1
s190,af15,6,13,21,40,8,8
s191,af00,7,8,18,67,0,0
s191,af01,7,10,20,67,0,0
s191,af02,7,9,19,67,0,0
s191,af03,7,11,21,67,0,0
s191,af04,7,10,20,67,0,0
s191,af05,7,12,22,67,0,0
s191,af06,7,11,21,67,0,0
s191,af07,7,13,23,67,0,0
s191,af08,7,9,19,67,0,0
s191,af09,7,11,21,67,0,0
s191,af10,7,10,20,67,0,0
s191,af11,7,12,22,67,0,0
s191,af12,7,11,21,67,3,3
s191,af13,7,13,23,67,1,1
s191,af14,7,12,22,67,1,1
s191,af15,7,14,24,67,8,8
s193,af00,3,5,7,4,0,0
s193,af01,3,6,8,4,0,0
s193,af02,3,6,8,4,0,0
s193,af03,3,7,9,4,0,0
s193,af04,3,6,8,4,0,0
s193,af05,3,7,9,4,0,0
s193,af06,3,7,9,4,0,0
s193,af07,3,8,10,4,0,0
s193,af08,3,6,8,4,0,0
s193,af09,3,7,9,4,0,0
s193,af10,3,7,9,4,0,0
s193,af11,3,8,10,4,0,0
s193,af12,3,7,9,4,3,3
s193,af13,3,8,10,4,1,1
s193,af14,3,8,10,4,1,1
s193,af15,3,9,11,4,8,8
s194,af00,3,5,7,7,0,0
s194,af01,3,6,8,7,0,0
s194,af02,3,6,8,7,0,0
s194,af03,3,7,9,7,0,0
s194,af04,3,6,8,7,0,0
s194,af05,3,7,9,7,0,0
s194,af06,3,7,9,7,0,0
s194,af07,3,8,10,7,0,0
s194,af08,3,6,8,7,0,0
s194,af09,3,7,9,7,0,0
s194,af10,3,7,9,7,0,0
s194,af11,3,8,10,7,0,0
s194,af12,3,7,9,7,3,3
s194,af13,3,8,10,7,1,1
s194,af14,3,8,10,7,1,1
s194,af15,3,9,11,7,8,8
s195,af00,4,6,10,15,0,0
s195,af01,4,7,11,15,0,0
s195,af02,4,7,11,15,0,0
s195,af03,4,8,12,15,0,0
s195,af04,4,7,11,15,0,0
s195,af05,4,8,12,15,0,0
s195,af06,4,8,12,15,0,0
s195,af07,4,9,13,15,0,0
s195,af08,4,7,11,15,0,0
s195,af09,4,8,12,15,0,0
s195,af10,4,8,12,15,0,0
s195,af11,4,9,13,15,0,0
s195,af12,4,8,12,15,3,3
s195,af13,4,9,13,15,1,1
s195,af14,4,9,13,15,1,1
s195,af15,4,10,14,15,8,8
s196,af00,3,4,6,4,0,0
s196,af01,3,6,8,4,0,0
s196,af02,3,5,7,4,0,0
s196,af03,3,7,9,4,0,0
s196,af04,3,6,8,4,0,0
s196,af05,3,8,10,4,0,0
s196,af06,3,7,9,4,0,0
s196,af07,3,9,11,4,0,0
s196,af08,3,5,7,4,0,0
s196,af09,3,7,9,4,0,0
s196,af10,3,6,8,4,0,0
s196,af11,3,8,10,4,0,0
s196,af12,3,7,9,4,3,3
s196,af13,3,9,11,4,1,1
s196,af14,3,8,10,4,1,1
s196,af15,3,10,12,4,8,8
s197,af00,4,5,9,15,0,0
s197,af01,4,6,10,15,0,0
s197,af02,4,7,11,15,0,0
s197,af03,4,8,12,15,0,0
s197,af04,4,6,10,15,0,0
s197,af05,4,7,11,15,0,0
s197,af06,4,8,12,15,0,0
s197,af07,4,9,13,15,0,0
s197,af08,4,7,11,15,0,0
s197,af09,4,8,12,15,0,0
s197,af10,4,9,13,15,0,0
s197,af11,4,10,14,15,0,0
s197,af12,4,8,12,15,3,3
s197,af13,4,9,13,15,1,1
s197,af14,4,10,14,15,1,1
s197,af15,4,11,15,15,8,8
s198,af00,4,5,9,15,0,0
s198,af01,4,6,10,15,0,0
s198,af02,4,7,11,15,0,0
s198,af03,4,8,12,15,0,0
s198,af04,4,6,10,15,0,0
s198,af05,4,7,11,15,0,0
s198,af06,4,8,12,15,0,0
s198,af07,4,9,13,15,0,0
s198,af08,4,7,11,15,0,0
s198,af09,4,8,12,15,0,0
s198,af10,4,9,13,15,0,0
s198,af11,4,10,14,15,0,0
s198,af12,4,8,12,15,3,3
s198,af13,4,9,13,15,1,1
s198,af14,4,10,14,15,1,1
s198,af15,4,11,15,15,8,8
s199,af00,5,6,12,33,0,0
s199,af01,5,8,14,33,0,0
s199,af02,5,7,13,33,0,0
s199,af03,5,9,15,33,0,0
s199,af04,5,8,14,33,0,0
s199,af05,5,10,16,33,0,0
s199,af06,5,9,15,33,0,0
s199,af07,5,11,17,33,0,0
s199,af08,5,7,13,33,0,0
s199,af09,5,9,15,33,0,0
s199,af10,5,8,14,33,0,0
s199,af11,5,10,16,33,0,0
s199,af12,5,9,15,33,3,3
s199,af13,5,11,17,33,1,1
s199,af14,5,10,16,33,1,1
s199,af15,5,12,18,33,8,8
s200,af00,3,4,6,7,0,0
s200,af01,3,6,8,7,0,0
s200,af02,3,5,7,7,0,0
s200,af03,3,7,9,7,0,0
s200,af04,3,6,8,7,0,0
s200,af05,3,8,10,7,0,0
s200,af06,3,7,9,7,0,0
s200,af07,3,9,11,7,0,0
s200,af08,3,5,7,7,0,0
s200,af09,3,7,9,7,0,0
s200,af10,3,6,8,7,0,0
s200,af11,3,8,10,7,0,0
s200,af12,3,7,9,7,3,3
s200,af13,3,9,11,7,1,1
s200,af14,3,8,10,7,1,1
s200,af15,3,10,12,7,8,8
s201,af00,4,5,9,15,0,0
s201,af01,4,6,10,15,0,0
s201,af02,4,7,11,15,0,0
s201,af03,4,8,12,15,0,0
s201,af04,4,6,10,15,0,0
s201,af05,4,7,11,15,0,0
s201,af06,4,8,12,15,0,0
s201,af07,4,9,13,15,0,0
s201,af08,4,7,11,15,0,0
s201,af09,4,8,12,15,0,0
s201,af10,4,9,13,15,0,0
s201,af11,4,10,14,15,0,0
s201,af12,4,8,12,15,3,3
s201,af13,4,9,13,15,1,1
s201,af14,4,10,14,15,1,1
s201,af15,4,11,15,15,8,8
s202,af00,4,5,9,15,0,0
s202,af01,4,6,10,15,0,0
s202,af02,4,7,11,15,0,0
s202,af03,4,8,12,15,0,0
s202,af04,4,6,10,15,0,0
s202,af05,4,7,11,15,0,0
s202,af06,4,8,12,15,0,0
s202,af07,4,9,13,15,0,0
s202,af08,4,7,11,15,0,0
s202,af09,4,8,12,15,0,0
s202,af10,4,9,13,15,0,0
s202,af11,4,10,14,15,0,0
s202,af12,4,8,12,15,3,3
s202,af13,4,9,13,15,1,1
s202,af14,4,10,14,15,1,1
s202,af15,4,11,15,15,8,8
s203,af00,5,6,12,28,0,0
s203,af01,5,8,14,28,0,0
s203,af02,5,7,13,28,0,0
s203,af03,5,9,15,28,0,0
s203,af04,5,8,14,28,0,0
s203,af05,5,10,16,28,0,0
s203,af06,5,9,15,28,0,0
s203,af07,5,11,17,28,0,0
s203,af08,5,7,13,28,0,0
s203,af09,5,9,15,28,0,0
s203,af10,5,8,14,28,0,0
s203,af11,5,10,16,28,0,0
s203,af12,5,9,15,28,3,3
s203,af13,5,11,17,28,1,1
s203,af14,5,10,16,28,1,1
s203,af15,5,12,18,28,8,8
s204,af00,4,4,8,15,0,0
s204,af01,4,6,10,15,0,0
s204,af02,4,6,10,15,0,0
s204,af03,4,8,12,15,0,0
s204,af04,4,6,10,15,0,0
s204,af05,4,8,12,15,0,0
s204,af06,4,8,12,15,0,0
s204,af07,4,10,14,15,0,0
s204,af08,4,6,10,15,0,0
s204,af09,4,8,12,15,0,0
s204,af10,4,8,12,15,0,0
s204,af11,4,10,14,15,0,0
s204,af12,4,8,12,15,3,3
s204,af13,4,10,14,15,1,1
s204,af14,4,10,14,15,1,1
s204,af15,4,12,16,15,8,8
s205,af00,5,5,11,33,0,0
s205,af01,5,7,13,33,0,0
s205,af02,5,7,13,33,0,0
s205,af03,5,9,15,33,0,0
s205,af04,5,7,13,33,0,0
s205,af05,5,9,15,33,0,0
s205,af06,5,9,15,33,0,0
s205,af07,5,11,17,33,0,0
s205,af08,5,7,13,33,0,0
s205,af09,5,9,15,33,0,0
s205,af10,5,9,15,33,0,0
s205,af11,5,11,17,33,0,0
s205,af12,5,9,15,33,3,3
s205,af13,5,11,17,33,1,1
s205,af14,5,11,17,33,1,1
s205,af15,5,13,19,33,8,8
s206,af00,5,5,11,28,0,0
s206,af01,5,7,13,28,0,0
s206,af02,5,7,13,28,0,0
s206,af03,5,9,15,28,0,0
s206,af04,5,7,13,28,0,0
s206,af05,5,9,15,28,0,0
s206,af06,5,9,15,28,0,0
s206,af07,5,11,17,28,0,0
s206,af08,5,7,13,28,0,0
s206,af09,5,9,15,28,0,0
s206,af10,5,9,15,28,0,0
s206,af11,5,11,17,28,0,0
s206,af12,5,9,15,28,3,3
s206,af13,5,11,17,28,1,1
s206,af14,5,11,17,28,1,1
s206,af15,5,13,19,28,8,8
s207,af00,6,6,14,53,0,0
s207,af01,6,8,16,53,0,0
s207,af02,6,8,16,53,0,0
s207,af03,6,10,18,53,0,0
s207,af04,6,8,16,53,0,0
s207,af05,6,10,18,53,0,0
s207,af06,6,10,18,53,0,0
s207,af07,6,12,20,53,0,0
s207,af08,6,8,16,53,0,0
s207,af09,6,10,18,53,0,0
s207,af10,6,10,18,53,0,0
s207,af11,6,12,20,53,0,0
s207,af12,6,10,18,53,3,3
s207,af13,6,12,20,53,1,1
s207,af14,6,12,20,53,1,1
s207,af15,6,14,22,53,8,8
s209,af00,4,6,10,4,0,0
s209,af01,4,7,11,4,0,0
s209,af02,4,7,11,4,0,0
s209,af03,4,8,12,4,0,0
s209,af04,4,7,11,4,0,0
s209,af05,4,8,12,4,0,0
s209,af06,4,8,12,4,0,0
s209,af07,4,9,13,4,0,0
s209,af08,4,7,11,4,0,0
s209,af09,4,8,12,4,0,0
s209,af10,4,8,12,4,0,0
s209,af11,4,9,13,4,0,0
s209,af12,4,8,12,4,3,3
s209,af13,4,9,13,4,1,1
s209,af14,4,9,13,4,1,1
s209,af15,4,10,14,4,8,8
s210,af00,4,6,10,10,0,0
s210,af01,4,7,11,10,0,0
s210,af02,4,7,11,10,0,0
s210,af03,4,8,12,10,0,0
s210,af04,4,7,11,10,0,0
s210,af05,4,8,12,10,0,0
s210,af06,4,8,12,10,0,0
s210,af07,4,9,13,10,0,0
s210,af08,4,7,11,10,0,0
s210,af09,4,8,12,10,0,0
s210,af10,4,8,12,10,0,0
s210,af11,4,9,13,10,0,0
s210,af12,4,8,12,10,3,3
s210,af13,4,9,13,10,1,1
s210,af14,4,9,13,10,1,1
s210,af15,4,10,14,10,8,8
s211,af00,5,7,13,20,0,0
s211,af01,5,8,14,20,0,0
s211,af02,5,8,14,20,0,0
s211,af03,5,9,15,20,0,0
s211,af04,5,8,14,20,0,0
s211,af05,5,9,15,20,0,0
s211,af06,5,9,15,20,0,0
s211,af07,5,10,16,20,0,0
s211,af08,5,8,14,20,0,0
s211,af09,5,9,15,20,0,0
s211,af10,5,9,15,20,0,0
s211,af11,5,10,16,20,0,0
s211,af12,5,9,15,20,3,3
s211,af13,5,10,16,20,1,1
s211,af14,5,10,16,20,1,1
s211,af15,5,11,17,20,8,8
s212,af00,4,5,9,4,0,0
s212,af01,4,7,11,4,0,0
s212,af02,4,6,10,4,0,0
s212,af03,4,8,12,4,0,0
s212,af04,4,7,11,4,0,0
s212,af05,4,9,13,4,0,0
s212,af06,4,8,12,4,0,0
s212,af07,4,10,14,4,0,0
s212,af08,4,6,10,4,0,0
s212,af09,4,8,12,4,0,0
s212,af10,4,7,11,4,0,0
s212,af11,4,9,13,4,0,0
s212,af12,4,8,12,4,3,3
s212,af13,4,10,14,4,1,1
s212,af14,4,9,13,4,1,1
s212,af15,4,11,15,4,8,8
s213,af00,5,6,12,15,0,0
s213,af01,5,7,13,15,0,0
s213,af02,5,8,14,15,0,0
s213,af03,5,9,15,15,0,0
s213,af04,5,7,13,15,0,0
s213,af05,5,8,14,15,0,0
s213,af06,5,9,15,15,0,0
s213,af07,5,10,16,15,0,0
s213,af08,5,8,14,15,0,0
s213,af09,5,9,15,15,0,0
s213,af10,5,10,16,15,0,0
s213,af11,5,11,17,15,0,0
s213,af12,5,9,15,15,3,3
s213,af13,5,10,16,15,1,1
s213,af14,5,11,17,15,1,1
s213,af15,5,12,18,15,8,8
s214,af00,5,6,12,20,0,0
s214,af01,5,7,13,20,0,0
s214,af02,5,8,14,20,0,0
s214,af03,5,9,15,20,0,0
s214,af04,5,7,13,20,0,0
s214,af05,5,8,14,20,0,0
s214,af06,5,9,15,20,0,0
s214,af07,5,10,16,20,0,0
s214,af08,5,8,14,20,0,0
s214,af09,5,9,15,20,0,0
s214,af10,5,10,16,20,0,0
s214,af11,5,11,17,20,0,0
s214,af12,5,9,15,20,3,3
s214,af13,5,10,16,20,1,1
s214,af14,5,11,17,20,1,1
s214,af15,5,12,18,20,8,8
s215,af00,6,7,15,40,0,0
s215,af01,6,9,17,40,0,0
s215,af02,6,8,16,40,0,0
s215,af03,6,10,18,40,0,0
s215,af04,6,9,17,40,0,0
s215,af05,6,11,19,40,0,0
s215,af06,6,10,18,40,0,0
s215,af07,6,12,20,40,0,0
s215,af08,6,8,16,40,0,0
s215,af09,6,10,18,40,0,0
s215,af10,6,9,17,40,0,0
s215,af11,6,11,19,40,0,0
s215,af12,6,10,18,40,3,3
s215,af13,6,12,20,40,1,1
s215,af14,6,11,19,40,1,1
s215,af15,6,13,21,40,8,8
s216,af00,4,5,9,10,0,0
s216,af01,4,7,11,10,0,0
s216,af02,4,6,10,10,0,0
s216,af03,4,8,12,10,0,0
s216,af04,4,7,11,10,0,0
s216,af05,4,9,13,10,0,0
s216,af06,4,8,12,10,0,0
s216,af07,4,10,14,10,0,0
s216,af08,4,6,10,10,0,0
s216,af09,4,8,12,10,0,0
s216,af10,4,7,11,10,0,0
s216,af11,4,9,13,10,0,0
s216,af12,4,8,12,10,3,3
s216,af13,4,10,14,10,1,1
s216,af14,4,9,13,10,1,1
s216,af15,4,11,15,10,8,8
s217,af00,5,6,12,20,0,0
s217,af01,5,7,13,20,0,0
s217,af02,5,8,14,20,0,0
s217,af03,5,9,15,20,0,0
s217,af04,5,7,13,20,0,0
s217,af05,5,8,14,20,0,0
s217,af06,5,9,15,20,0,0
s217,af07,5,10,16,20,0,0
s217,af08,5,8,14,20,0,0
s217,af09,5,9,15,20,0,0
s217,af10,5,10,16,20,0,0
s217,af11,5,11,17,20,0,0
s217,af12,5,9,15,20,3,3
s217,af13,5,10,16,20,1,1
s217,af14,5,11,17,20,1,1
s217,af15,5,12,18,20,8,8
s218,af00,5,6,12,23,0,0
s218,af01,5,7,13,23,0,0
s218,af02,5,8,14,23,0,0
s218,af03,5,9,15,23,0,0
s218,af04,5,7,13,23,0,0
s218,af05,5,8,14,23,0,0
s218,af06,5,9,15,23,0,0
s218,af07,5,10,16,23,0,0
s218,af08,5,8,14,23,0,0
s218,af09,5,9,15,23,0,0
s218,af10,5,10,16,23,0,0
s218,af11,5,11,17,23,0,0
s218,af12,5,9,15,23,3,3
s218,af13,5,10,16,23,1,1
s218,af14,5,11,17,23,1,1
s218,af15,5,12,18,23,8,8
s219,af00,6,7,15,40,0,0
s219,af01,6,9,17,40,0,0
s219,af02,6,8,16,40,0,0
s219,af03,6,10,18,40,0,0
s219,af04,6,9,17,40,0,0
s219,af05,6,11,19,40,0,0
s219,af06,6,10,18,40,0,0
s219,af07,6,12,20,40,0,0
s219,af08,6,8,16,40,0,0
s219,af09,6,10,18,40,0,0
s219,af10,6,9,17,40,0,0
s219,af11,6,11,19,40,0,0
s219,af12,6,10,18,40,3,3
s219,af13,6,12,20,40,1,1
s219,af14,6,11,19,40,1,1
s219,af15,6,13,21,40,8,8
s220,af00,5,5,11,20,0,0
s220,af01,5,7,13,20,0,0
s220,af02,5,7,13,20,0,0
s220,af03,5,9,15,20,0,0
s220,af04,5,7,13,20,0,0
s220,af05,5,9,15,20,0,0
s220,af06,5,9,15,20,0,0
s220,af07,5,11,17,20,0,0
s220,af08,5,7,13,20,0,0
s220,af09,5,9,15,20,0,0
s220,af10,5,9,15,20,0,0
s220,af11,5,11,17,20,0,0
s220,af12,5,9,15,20,3,3
s220,af13,5,11,17,20,1,1
s220,af14,5,11,17,20,1,1
s220,af15,5,13,19,20,8,8
s221,af00,6,6,14,40,0,0
s221,af01,6,8,16,40,0,0
s221,af02,6,8,16,40,0,0
s221,af03,6,10,18,40,0,0
s221,af04,6,8,16,40,0,0
s221,af05,6,10,18,40,0,0
s221,af06,6,10,18,40,0,0
s221,af07,6,12,20,40,0,0
s221,af08,6,8,16,40,0,0
s221,af09,6,10,18,40,0,0
s221,af10,6,10,18,40,0,0
s221,af11,6,12,20,40,0,0
s221,af12,6,10,18,40,3,3
s221,af13,6,12,20,40,1,1
s221,af14,6,12,20,40,1,1
s221,af15,6,14,22,40,8,8
s222,af00,6,6,14,40,0,0
s222,af01,6,8,16,40,0,0
s222,af02,6,8,16,40,0,0
s222,af03,6,10,18,40,0,0
s222,af04,6,8,16,40,0,0
s222,af05,6,10,18,40,0,0
s222,af06,6,10,18,40,0,0
s222,af07,6,12,20,40,0,0
s222,af08,6,8,16,40,0,0
s222,af09,6,10,18,40,0,0
s222,af10,6,10,18,40,0,0
s222,af11,6,12,20,40,0,0
s222,af12,6,10,18,40,3,3
s222,af13,6,12,20,40,1,1
s222,af14,6,12,20,40,1,1
s222,af15,6,14,22,40,8,8
s223,af00,7,7,17,69,0,0
s223,af01,7,9,19,69,0,0
s223,af02,7,9,19,69,0,0
s223,af03,7,11,21,69,0,0
s223,af04,7,9,19,69,0,0
s223,af05,7,11,21,69,0,0
s223,af06,7,11,21,69,0,0
s223,af07,7,13,23,69,0,0
s223,af08,7,9,19,69,0,0
s223,af09,7,11,21,69,0,0
s223,af10,7,11,21,69,0,0
s223,af11,7,13,23,69,0,0
s223,af12,7,11,21,69,3,3
s223,af13,7,13,23,69,1,1
s223,af14,7,13,23,69,1,1
s223,af15,7,15,25,69,8,8
s225,af00,4,6,10,4,0,0
s225,af01,4,7,11,4,0,0
s225,af02,4,7,11,4,0,0
s225,af03,4,8,12,4,0,0
s225,af04,4,7,11,4,0,0
s225,af05,4,8,12,4,0,0
s225,af06,4,8,12,4,0,0
s225,af07,4,9,13,4,0,0
s225,af08,4,7,11,4,0,0
s225,af09,4,8,12,4,0,0
s225,af10,4,8,12,4,0,0
s225,af11,4,9,13,4,0,0
s225,af12,4,8,12,4,3,3
s225,af13,4,9,13,4,1,1
s225,af14,4,9,13,4,1,1
s225,af15,4,10,14,4,8,8
s226,af00,4,6,10,12,0,0
s226,af01,4,7,11,12,0,0
s226,af02,4,7,11,12,0,0
s226,af03,4,8,12,12,0,0
s226,af04,4,7,11,12,0,0
s226,af05,4,8,12,12,0,0
s226,af06,4,8,12,12,0,0
s226,af07,4,9,13,12,0,0
s226,af08,4,7,11,12,0,0
s226,af09,4,8,12,12,0,0
s226,af10,4,8,12,12,0,0
s226,af11,4,9,13,12,0,0
s226,af12,4,8,12,12,3,3
s226,af13,4,9,13,12,1,1
s226,af14,4,9,13,12,1,1
s226,af15,4,10,14,12,8,8
s227,af00,5,7,13,21,0,0
s227,af01,5,8,14,21,0,0
s227,af02,5,8,14,21,0,0
s227,af03,5,9,15,21,0,0
s227,af04,5,8,14,21,0,0
s227,af05,5,9,15,21,0,0
s227,af06,5,9,15,21,0,0
s227,af07,5,10,16,21,0,0
s227,af08,5,8,14,21,0,0
s227,af09,5,9,15,21,0,0
s227,af10,5,9,15,21,0,0
s227,af11,5,10,16,21,0,0
s227,af12,5,9,15,21,3,3
s227,af13,5,10,16,21,1,1
s227,af14,5,10,16,21,1,1
s227,af15,5,11,17,21,8,8
s228,af00,4,5,9,4,0,0
s228,af01,4,7,11,4,0,0
s228,af02,4,6,10,4,0,0
s228,af03,4,8,12,4,0,0
s228,af04,4,7,11,4,0,0
s228,af05,4,9,13,4,0,0
s228,af06,4,8,12,4,0,0
s228,af07,4,10,14,4,0,0
s228,af08,4,6,10,4,0,0
s228,af09,4,8,12,4,0,0
s228,af10,4,7,11,4,0,0
s228,af11,4,9,13,4,0,0
s228,af12,4,8,12,4,3,3
s228,af13,4,10,14,4,1,1
s228,af14,4,9,13,4,1,1
s228,af15,4,11,15,4,8,8
s229,af00,5,6,12,15,0,0
s229,af01,5,7,13,15,0,0
s229,af02,5,8,14,15,0,0
s229,af03,5,9,15,15,0,0
s229,af04,5,7,13,15,0,0
s229,af05,5,8,14,15,0,0
s229,af06,5,9,15,15,0,0
s229,af07,5,10,16,15,0,0
s229,af08,5,8,14,15,0,0
s229,af09,5,9,15,15,0,0
s229,af10,5,10,16,15,0,0
s229,af11,5,11,17,15,0,0
s229,af12,5,9,15,15,3,3
s229,af13,5,10,16,15,1,1
s229,af14,5,11,17,15,1,1
s229,af15,5,12,18,15,8,8
s230,af00,5,6,12,21,0,0
s230,af01,5,7,13,21,0,0
s230,af02,5,8,14,21,0,0
s230,af03,5,9,15,21,0,0
s230,af04,5,7,13,21,0,0
s230,af05,5,8,14,21,0,0
s230,af06,5,9,15,21,0,0
s230,af07,5,10,16,21,0,0
s230,af08,5,8,14,21,0,0
s230,af09,5,9,15,21,0,0
s230,af10,5,10,16,21,0,0
s230,af11,5,11,17,21,0,0
s230,af12,5,9,15,21,3,3
s230,af13,5,10,16,21,1,1
s230,af14,5,11,17,21,1,1
s230,af15,5,12,18,21,8,8
s231,af00,6,7,15,40,0,0
s231,af01,6,9,17,40,0,0
s231,af02,6,8,16,40,0,0
s231,af03,6,10,18,40,0,0
s231,af04,6,9,17,40,0,0
s231,af05,6,11,19,40,0,0
s231,af06,6,10,18,40,0,0
s231,af07,6,12,20,40,0,0
s231,af08,6,8,16,40,0,0
s231,af09,6,10,18,40,0,0
s231,af10,6,9,17,40,0,0
s231,af11,6,11,19,40,0,0
s231,af12,6,10,18,40,3,3
s231,af13,6,12,20,40,1,1
s231,af14,6,11,19,40,1,1
s231,af15,6,13,21,40,8,8
s232,af00,4,5,9,12,0,0
s232,af01,4,7,11,12,0,0
s232,af02,4,6,10,12,0,0
s232,af03,4,8,12,12,0,0
s232,af04,4,7,11,12,0,0
s232,af05,4,9,13,12,0,0
s232,af06,4,8,12,12,0,0
s232,af07,4,10,14,12,0,0
s232,af08,4,6,10,12,0,0
s232,af09,4,8,12,12,0,0
s232,af10,4,7,11,12,0,0
s232,af11,4,9,13,12,0,0
s232,af12,4,8,12,12,3,3
s232,af13,4,10,14,12,1,1
s232,af14,4,9,13,12,1,1
s232,af15,4,11,15,12,8,8
s233,af00,5,6,12,21,0,0
s233,af01,5,7,13,21,0,0
s233,af02,5,8,14,21,0,0
s233,af03,5,9,15,21,0,0
s233,af04,5,7,13,21,0,0
s233,af05,5,8,14,21,0,0
s233,af06,5,9,15,21,0,0
s233,af07,5,10,16,21,0,0
s233,af08,5,8,14,21,0,0
s233,af09,5,9,15,21,0,0
s233,af10,5,10,16,21,0,0
s233,af11,5,11,17,21,0,0
s233,af12,5,9,15,21,3,3
s233,af13,5,10,16,21,1,1
s233,af14,5,11,17,21,1,1
s233,af15,5,12,18,21,8,8
s234,af00,5,6,12,25,0,0
s234,af01,5,7,13,25,0,0
s234,af02,5,8,14,25,0,0
s234,af03,5,9,15,25,0,0
s234,af04,5,7,13,25,0,0
s234,af05,5,8,14,25,0,0
s234,af06,5,9,15,25,0,0
s234,af07,5,10,16,25,0,0
s234,af08,5,8,14,25,0,0
s234,af09,5,9,15,25,0,0
s234,af10,5,10,16,25,0,0
s234,af11,5,11,17,25,0,0
s234,af12,5,9,15,25,3,3
s234,af13,5,10,16,25,1,1
s234,af14,5,11,17,25,1,1
s234,af15,5,12,18,25,8,8
s235,af00,6,7,15,40,0,0
s235,af01,6,9,17,40,0,0
s235,af02,6,8,16,40,0,0
s235,af03,6,10,18,40,0,0
s235,af04,6,9,17,40,0,0
s235,af05,6,11,19,40,0,0
s235,af06,6,10,18,40,0,0
s235,af07,6,12,20,40,0,0
s235,af08,6,8,16,40,0,0
s235,af09,6,10,18,40,0,0
s235,af10,6,9,17,40,0,0
s235,af11,6,11,19,40,0,0
s235,af12,6,10,18,40,3,3
s235,af13,6,12,20,40,1,1
s235,af14,6,11,19,40,1,1
s235,af15,6,13,21,40,8,8
s236,af00,5,5,11,21,0,0
s236,af01,5,7,13,21,0,0
s236,af02,5,7,13,21,0,0
s236,af03,5,9,15,21,0,0
s236,af04,5,7,13,21,0,0
s236,af05,5,9,15,21,0,0
s236,af06,5,9,15,21,0,0
s236,af07,5,11,17,21,0,0
s236,af08,5,7,13,21,0,0
s236,af09,5,9,15,21,0,0
s236,af10,5,9,15,21,0,0
s236,af11,5,11,17,21,0,0
s236,af12,5,9,15,21,3,3
s236,af13,5,11,17,21,1,1
s236,af14,5,11,17,21,1,1
s236,af15,5,13,19,21,8,8
s237,af00,6,6,14,40,0,0
s237,af01,6,8,16,40,0,0
s237,af02,6,8,16,40,0,0
s237,af03,6,10,18,40,0,0
s237,af04,6,8,16,40,0,0
s237,af05,6,10,18,40,0,0
s237,af06,6,10,18,40,0,0
s237,af07,6,12,20,40,0,0
s237,af08,6,8,16,40,0,0
s237,af09,6,10,18,40,0,0
s237,af10,6,10,18,40,0,0
s237,af11,6,12,20,40,0,0
s237,af12,6,10,18,40,3,3
s237,af13,6,12,20,40,1,1
s237,af14,6,12,20,40,1,1
s237,af15,6,14,22,40,8,8
s238,af00,6,6,14,40,0,0
s238,af01,6,8,16,40,0,0
s238,af02,6,8,16,40,0,0
s238,af03,6,10,18,40,0,0
s238,af04,6,8,16,40,0,0
s238,af05,6,10,18,40,0,0
s238,af06,6,10,18,40,0,0
s238,af07,6,12,20,40,0,0
s238,af08,6,8,16,40,0,0
s238,af09,6,10,18,40,0,0
s238,af10,6,10,18,40,0,0
s238,af11,6,12,20,40,0,0
s238,af12,6,10,18,40,3,3
s238,af13,6,12,20,40,1,1
s238,af14,6,12,20,40,1,1
s238,af15,6,14,22,40,8,8
s239,af00,7,7,17,67,0,0
s239,af01,7,9,19,67,0,0
s239,af02,7,9,19,67,0,0
s239,af03,7,11,21,67,0,0
s239,af04,7,9,19,67,0,0
s239,af05,7,11,21,67,0,0
s239,af06,7,11,21,67,0,0
s239,af07,7,13,23,67,0,0
s239,af08,7,9,19,67,0,0
s239,af09,7,11,21,67,0,0
s239,af10,7,11,21,67,0,0
s239,af11,7,13,23,67,0,0
s239,af12,7,11,21,67,3,3
s239,af13,7,13,23,67,1,1
s239,af14,7,13,23,67,1,1
s239,af15,7,15,25,67,8,8
s241,af00,5,7,13,4,0,0
s241,af01,5,8,14,4,0,0
s241,af02,5,8,14,4,0,0
s241,af03,5,9,15,4,0,0
s241,af04,5,8,14,4,0,0
s241,af05,5,9,15,4,0,0
s241,af06,5,9,15,4,0,0
s241,af07,5,10,16,4,0,0
s241,af08,5,8,14,4,0,0
s241,af09,5,9,15,4,0,0
s241,af10,5,9,15,4,0,0
s241,af11,5,10,16,4,0,0
s241,af12,5,9,15,4,3,3
s241,af13,5,10,16,4,1,1
s241,af14,5,10,16,4,1,1
s241,af15,5,11,17,4,8,8
s242,af00,5,7,13,16,0,0
s242,af01,5,8,14,16,0,0
s242,af02,5,8,14,16,0,0
s242,af03,5,9,15,16,0,0
s242,af04,5,8,14,16,0,0
s242,af05,5,9,15,16,0,0
s242,af06,5,9,15,16,0,0
s242,af07,5,10,16,16,0,0
s242,af08,5,8,14,16,0,0
s242,af09,5,9,15,16,0,0
s242,af10,5,9,15,16,0,0
s242,af11,5,10,16,16,0,0
s242,af12,5,9,15,16,3,3
s242,af13,5,10,16,16,1,1
s242,af14,5,10,16,16,1,1
s242,af15,5,11,17,16,8,8
s243,af00,6,8,16,27,0,0
s243,af01,6,9,17,27,0,0
s243,af02,6,9,17,27,0,0
s243,af03,6,10,18,27,0,0
s243,af04,6,9,17,27,0,0
s243,af05,6,10,18,27,0,0
s243,af06,6,10,18,27,0,0
s243,af07,6,11,19,27,0,0
s243,af08,6,9,17,27,0,0
s243,af09,6,10,18,27,0,0
s243,af10,6,10,18,27,0,0
s243,af11,6,11,19,27,0,0
s243,af12,6,10,18,27,3,3
s243,af13,6,11,19,27,1,1
s243,af14,6,11,19,27,1,1
s243,af15,6,12,20,27,8,8
s244,af00,5,6,12,4,0,0
s244,af01,5,8,14,4,0,0
s244,af02,5,7,13,4,0,0
s244,af03,5,9,15,4,0,0
s244,af04,5,8,14,4,0,0
s244,af05,5,10,16,4,0,0
s244,af06,5,9,15,4,0,0
s244,af07,5,11,17,4,0,0
s244,af08,5,7,13,4,0,0
s244,af09,5,9,15,4,0,0
s244,af10,5,8,14,4,0,0
s244,af11,5,10,16,4,0,0
s244,af12,5,9,15,4,3,3
s244,af13,5,11,17,4,1,1
s244,af14,5,10,16,4,1,1
s244,af15,5,12,18,4,8,8
s245,af00,6,7,15,15,0,0
s245,af01,6,8,16,15,0,0
s245,af02,6,9,17,15,0,0
s245,af03,6,10,18,15,0,0
s245,af04,6,8,16,15,0,0
s245,af05,6,9,17,15,0,0
s245,af06,6,10,18,15,0,0
s245,af07,6,11,19,15,0,0
s245,af08,6,9,17,15,0,0
s245,af09,6,10,18,15,0,0
s245,af10,6,11,19,15,0,0
s245,af11,6,12,20,15,0,0
s245,af12,6,10,18,15,3,3
s245,af13,6,11,19,15,1,1
s245,af14,6,12,20,15,1,1
s245,af15,6,13,21,15,8,8
s246,af00,6,7,15,27,0,0
s246,af01,6,8,16,27,0,0
s246,af02,6,9,17,27,0,0
s246,af03,6,10,18,27,0,0
s246,af04,6,8,16,27,0,0
s246,af05,6,9,17,27,0,0
s246,af06,6,10,18,27,0,0
s246,af07,6,11,19,27,0,0
s246,af08,6,9,17,27,0,0
s246,af09,6,10,18,27,0,0
s246,af10,6,11,19,27,0,0
s246,af11,6,12,20,27,0,0
s246,af12,6,10,18,27,3,3
s246,af13,6,11,19,27,1,1
s246,af14,6,12,20,27,1,1
s246,af15,6,13,21,27,8,8
s247,af00,7,8,18,48,0,0
s247,af01,7,10,20,48,0,0
s247,af02,7,9,19,48,0,0
s247,af03,7,11,21,48,0,0
s247,af04,7,10,20,48,0,0
s247,af05,7,12,22,48,0,0
s247,af06,7,11,21,48,0,0
s247,af07,7,13,23,48,0,0
s247,af08,7,9,19,48,0,0
s247,af09,7,11,21,48,0,0
s247,af10,7,10,20,48,0,0
s247,af11,7,12,22,48,0,0
s247,af12,7,11,21,48,3,3
s247,af13,7,13,23,48,1,1
s247,af14,7,12,22,48,1,1
s247,af15,7,14,24,48,8,8
s248,af00,5,6,12,16,0,0
s248,af01,5,8,14,16,0,0
s248,af02,5,7,13,16,0,0
s248,af03,5,9,15,16,0,0
s248,af04,5,8,14,16,0,0
s248,af05,5,10,16,16,0,0
s248,af06,5,9,15,16,0,0
s248,af07,5,11,17,16,0,0
s248,af08,5,7,13,16,0,0
s248,af09,5,9,15,16,0,0
s248,af10,5,8,14,16,0,0
s248,af11,5,10,16,16,0,0
s248,af12,5,9,15,16,3,3
s248,af13,5,11,17,16,1,1
s248,af14,5,10,16,16,1,1
s248,af15,5,12,18,16,8,8
s249,af00,6,7,15,27,0,0
s249,af01,6,8,16,27,0,0
s249,af02,6,9,17,27,0,0
s249,af03,6,10,18,27,0,0
s249,af04,6,8,16,27,0,0
s249,af05,6,9,17,27,0,0
s249,af06,6,10,18,27,0,0
s249,af07,6,11,19,27,0,0
s249,af08,6,9,17,27,0,0
s249,af09,6,10,18,27,0,0
s249,af10,6,11,19,27,0,0
s249,af11,6,12,20,27,0,0
s249,af12,6,10,18,27,3,3
s249,af13,6,11,19,27,1,1
s249,af14,6,12,20,27,1,1
s249,af15,6,13,21,27,8,8
s250,af00,6,7,15,35,0,0
s250,af01,6,8,16,35,0,0
s250,af02,6,9,17,35,0,0
s250,af03,6,10,18,35,0,0
s250,af04,6,8,16,35,0,0
s250,af05,6,9,17,35,0,0
s250,af06,6,10,18,35,0,0
s250,af07,6,11,19,35,0,0
s250,af08,6,9,17,35,0,0
s250,af09,6,10,18,35,0,0
s250,af10,6,11,19,35,0,0
s250,af11,6,12,20,35,0,0
s250,af12,6,10,18,35,3,3
s250,af13,6,11,19,35,1,1
s250,af14,6,12,20,35,1,1
s250,af15,6,13,21,35,8,8
s251,af00,7,8,18,54,0,0
s251,af01,7,10,20,54,0,0
s251,af02,7,9,19,54,0,0
s251,af03,7,11,21,54,0,0
s251,af04,7,10,20,54,0,0
s251,af05,7,12,22,54,0,0
s251,af06,7,11,21,54,0,0
s251,af07,7,13,23,54,0,0
s251,af08,7,9,19,54,0,0
s251,af09,7,11,21,54,0,0
s251,af10,7,10,20,54,0,0
s251,af11,7,12,22,54,0,0
s251,af12,7,11,21,54,3,3
s251,af13,7,13,23,54,1,1
s251,af14,7,12,22,54,1,1
s251,af15,7,14,24,54,8,8
s252,af00,6,6,14,27,0,0
s252,af01,6,8,16,27,0,0
s252,af02,6,8,16,27,0,0
s252,af03,6,10,18,27,0,0
s252,af04,6,8,16,27,0,0
s252,af05,6,10,18,27,0,0
s252,af06,6,10,18,27,0,0
s252,af07,6,12,20,27,0,0
s252,af08,6,8,16,27,0,0
s252,af09,6,10,18,27,0,0
s252,af10,6,10,18,27,0,0
s252,af11,6,12,20,27,0,0
s252,af12,6,10,18,27,3,3
s252,af13,6,12,20,27,1,1
s252,af14,6,12,20,27,1,1
s252,af15,6,14,22,27,8,8
s253,af00,7,7,17,48,0,0
s253,af01,7,9,19,48,0,0
s253,af02,7,9,19,48,0,0
s253,af03,7,11,21,48,0,0
s253,af04,7,9,19,48,0,0
s253,af05,7,11,21,48,0,0
s253,af06,7,11,21,48,0,0
s253,af07,7,13,23,48,0,0
s253,af08,7,9,19,48,0,0
s253,af09,7,11,21,48,0,0
s253,af10,7,11,21,48,0,0
s253,af11,7,13,23,48,0,0
s253,af12,7,11,21,48,3,3
s253,af13,7,13,23,48,1,1
s253,af14,7,13,23,48,1,1
s253,af15,7,15,25,48,8,8
s254,af00,7,7,17,54,0,0
s254,af01,7,9,19,54,0,0
s254,af02,7,9,19,54,0,0
s254,af03,7,11,21,54,0,0
s254,af04,7,9,19,54,0,0
s254,af05,7,11,21,54,0,0
s254,af06,7,11,21,54,0,0
s254,af07,7,13,23,54,0,0
s254,af08,7,9,19,54,0,0
s254,af09,7,11,21,54,0,0
s254,af10,7,11,21,54,0,0
s254,af11,7,13,23,54,0,0
s254,af12,7,11,21,54,3,3
s254,af13,7,13,23,54,1,1
s254,af14,7,13,23,54,1,1
s254,af15,7,15,25,54,8,8
s255,af00,8,8,20,85,0,0
s255,af01,8,10,22,85,0,0
s255,af02,8,10,22,85,0,0
s255,af03,8,12,24,85,0,0
s255,af04,8,10,22,85,0,0
s255,af05,8,12,24,85,0,0
s255,af06,8,12,24,85,0,0
s255,af07,8,14,26,85,0,0
s255,af08,8,10,22,85,0,0
s255,af09,8,12,24,85,0,0
s255,af10,8,12,24,85,0,0
s255,af11,8,14,26,85,0,0
s255,af12,8,12,24,85,3,3
s255,af13,8,14,26,85,1,1
s255,af14,8,14,26,85,1,1
s255,af15,8,16,28,85,8,8
