model,observation_0,observation_1,accepted_relations
m017,0,0,9
m017,0,1,3
m017,1,0,3
m017,1,1,9
m018,0,0,4
m018,0,1,2
m018,1,0,2
m018,1,1,4
m019,0,0,4
m019,0,1,2
m019,1,0,2
m019,1,1,4
m020,0,0,3
m020,0,1,3
m020,1,0,3
m020,1,1,3
m021,0,0,3
m021,0,1,3
m021,1,0,3
m021,1,1,3
m022,0,0,2
m022,0,1,2
m022,1,0,2
m022,1,1,2
m023,0,0,2
m023,0,1,2
m023,1,0,2
m023,1,1,2
m024,0,0,2
m024,0,1,2
m024,1,0,2
m024,1,1,2
m025,0,0,2
m025,0,1,2
m025,1,0,2
m025,1,1,2
m026,0,0,2
m026,0,1,2
m026,1,0,2
m026,1,1,2
m027,0,0,2
m027,0,1,2
m027,1,0,2
m027,1,1,2
m028,0,0,2
m028,0,1,2
m028,1,0,2
m028,1,1,2
m029,0,0,2
m029,0,1,2
m029,1,0,2
m029,1,1,2
m030,0,0,2
m030,0,1,2
m030,1,0,2
m030,1,1,2
m031,0,0,2
m031,0,1,2
m031,1,0,2
m031,1,1,2
m033,0,0,16
m033,0,1,4
m033,1,0,4
m033,1,1,16
m034,0,0,9
m034,0,1,3
m034,1,0,3
m034,1,1,9
m035,0,0,9
m035,0,1,3
m035,1,0,3
m035,1,1,9
m036,0,0,4
m036,0,1,4
m036,1,0,4
m036,1,1,4
m037,0,0,4
m037,0,1,4
m037,1,0,4
m037,1,1,4
m038,0,0,3
m038,0,1,3
m038,1,0,3
m038,1,1,3
m039,0,0,3
m039,0,1,3
m039,1,0,3
m039,1,1,3
m040,0,0,3
m040,0,1,3
m040,1,0,3
m040,1,1,3
m041,0,0,3
m041,0,1,3
m041,1,0,3
m041,1,1,3
m042,0,0,3
m042,0,1,3
m042,1,0,3
m042,1,1,3
m043,0,0,3
m043,0,1,3
m043,1,0,3
m043,1,1,3
m044,0,0,3
m044,0,1,3
m044,1,0,3
m044,1,1,3
m045,0,0,3
m045,0,1,3
m045,1,0,3
m045,1,1,3
m046,0,0,3
m046,0,1,3
m046,1,0,3
m046,1,1,3
m047,0,0,3
m047,0,1,3
m047,1,0,3
m047,1,1,3
m049,0,0,9
m049,0,1,3
m049,1,0,3
m049,1,1,9
m050,0,0,4
m050,0,1,2
m050,1,0,2
m050,1,1,4
m051,0,0,8
m051,0,1,2
m051,1,0,2
m051,1,1,8
m052,0,0,3
m052,0,1,3
m052,1,0,3
m052,1,1,3
m053,0,0,3
m053,0,1,3
m053,1,0,3
m053,1,1,3
m054,0,0,2
m054,0,1,2
m054,1,0,2
m054,1,1,2
m055,0,0,2
m055,0,1,2
m055,1,0,2
m055,1,1,2
m056,0,0,2
m056,0,1,2
m056,1,0,2
m056,1,1,2
m057,0,0,2
m057,0,1,2
m057,1,0,2
m057,1,1,2
m058,0,0,2
m058,0,1,2
m058,1,0,2
m058,1,1,2
m059,0,0,2
m059,0,1,2
m059,1,0,2
m059,1,1,2
m060,0,0,2
m060,0,1,2
m060,1,0,2
m060,1,1,2
m061,0,0,2
m061,0,1,2
m061,1,0,2
m061,1,1,2
m062,0,0,2
m062,0,1,2
m062,1,0,2
m062,1,1,2
m063,0,0,2
m063,0,1,2
m063,1,0,2
m063,1,1,2
m065,0,0,3
m065,0,1,3
m065,1,0,3
m065,1,1,3
m066,0,0,2
m066,0,1,2
m066,1,0,2
m066,1,1,2
m067,0,0,2
m067,0,1,2
m067,1,0,2
m067,1,1,2
m068,0,0,9
m068,0,1,3
m068,1,0,3
m068,1,1,9
m069,0,0,3
m069,0,1,3
m069,1,0,3
m069,1,1,3
m070,0,0,2
m070,0,1,2
m070,1,0,2
m070,1,1,2
m071,0,0,2
m071,0,1,2
m071,1,0,2
m071,1,1,2
m072,0,0,4
m072,0,1,2
m072,1,0,2
m072,1,1,4
m073,0,0,2
m073,0,1,2
m073,1,0,2
m073,1,1,2
m074,0,0,2
m074,0,1,2
m074,1,0,2
m074,1,1,2
m075,0,0,2
m075,0,1,2
m075,1,0,2
m075,1,1,2
m076,0,0,4
m076,0,1,2
m076,1,0,2
m076,1,1,4
m077,0,0,2
m077,0,1,2
m077,1,0,2
m077,1,1,2
m078,0,0,2
m078,0,1,2
m078,1,0,2
m078,1,1,2
m079,0,0,2
m079,0,1,2
m079,1,0,2
m079,1,1,2
m081,0,0,3
m081,0,1,3
m081,1,0,3
m081,1,1,3
m082,0,0,2
m082,0,1,2
m082,1,0,2
m082,1,1,2
m083,0,0,2
m083,0,1,2
m083,1,0,2
m083,1,1,2
m084,0,0,3
m084,0,1,3
m084,1,0,3
m084,1,1,3
m085,0,0,9
m085,0,1,3
m085,1,0,3
m085,1,1,9
m086,0,0,3
m086,0,1,2
m086,1,0,2
m086,1,1,3
m087,0,0,4
m087,0,1,2
m087,1,0,2
m087,1,1,4
m088,0,0,2
m088,0,1,2
m088,1,0,2
m088,1,1,2
m089,0,0,3
m089,0,1,2
m089,1,0,2
m089,1,1,3
m090,0,0,4
m090,0,1,2
m090,1,0,2
m090,1,1,4
m091,0,0,3
m091,0,1,2
m091,1,0,2
m091,1,1,3
m092,0,0,2
m092,0,1,2
m092,1,0,2
m092,1,1,2
m093,0,0,4
m093,0,1,2
m093,1,0,2
m093,1,1,4
m094,0,0,3
m094,0,1,2
m094,1,0,2
m094,1,1,3
m095,0,0,4
m095,0,1,2
m095,1,0,2
m095,1,1,4
m097,0,0,3
m097,0,1,3
m097,1,0,3
m097,1,1,3
m098,0,0,2
m098,0,1,2
m098,1,0,2
m098,1,1,2
m099,0,0,2
m099,0,1,2
m099,1,0,2
m099,1,1,2
m100,0,0,3
m100,0,1,3
m100,1,0,3
m100,1,1,3
m101,0,0,9
m101,0,1,3
m101,1,0,3
m101,1,1,9
m102,0,0,5
m102,0,1,2
m102,1,0,2
m102,1,1,5
m103,0,0,5
m103,0,1,2
m103,1,0,2
m103,1,1,5
m104,0,0,2
m104,0,1,2
m104,1,0,2
m104,1,1,2
m105,0,0,4
m105,0,1,2
m105,1,0,2
m105,1,1,4
m106,0,0,3
m106,0,1,2
m106,1,0,2
m106,1,1,3
m107,0,0,3
m107,0,1,2
m107,1,0,2
m107,1,1,3
m108,0,0,2
m108,0,1,2
m108,1,0,2
m108,1,1,2
m109,0,0,4
m109,0,1,2
m109,1,0,2
m109,1,1,4
m110,0,0,3
m110,0,1,2
m110,1,0,2
m110,1,1,3
m111,0,0,3
m111,0,1,2
m111,1,0,2
m111,1,1,3
m113,0,0,3
m113,0,1,3
m113,1,0,3
m113,1,1,3
m114,0,0,2
m114,0,1,2
m114,1,0,2
m114,1,1,2
m115,0,0,2
m115,0,1,2
m115,1,0,2
m115,1,1,2
m116,0,0,3
m116,0,1,3
m116,1,0,3
m116,1,1,3
m117,0,0,9
m117,0,1,3
m117,1,0,3
m117,1,1,9
m118,0,0,3
m118,0,1,2
m118,1,0,2
m118,1,1,3
m119,0,0,6
m119,0,1,2
m119,1,0,2
m119,1,1,6
m120,0,0,2
m120,0,1,2
m120,1,0,2
m120,1,1,2
m121,0,0,3
m121,0,1,2
m121,1,0,2
m121,1,1,3
m122,0,0,3
m122,0,1,2
m122,1,0,2
m122,1,1,3
m123,0,0,4
m123,0,1,2
m123,1,0,2
m123,1,1,4
m124,0,0,2
m124,0,1,2
m124,1,0,2
m124,1,1,2
m125,0,0,4
m125,0,1,2
m125,1,0,2
m125,1,1,4
m126,0,0,3
m126,0,1,2
m126,1,0,2
m126,1,1,3
m127,0,0,4
m127,0,1,2
m127,1,0,2
m127,1,1,4
m129,0,0,4
m129,0,1,4
m129,1,0,4
m129,1,1,4
m130,0,0,3
m130,0,1,3
m130,1,0,3
m130,1,1,3
m131,0,0,3
m131,0,1,3
m131,1,0,3
m131,1,1,3
m132,0,0,16
m132,0,1,4
m132,1,0,4
m132,1,1,16
m133,0,0,4
m133,0,1,4
m133,1,0,4
m133,1,1,4
m134,0,0,3
m134,0,1,3
m134,1,0,3
m134,1,1,3
m135,0,0,3
m135,0,1,3
m135,1,0,3
m135,1,1,3
m136,0,0,9
m136,0,1,3
m136,1,0,3
m136,1,1,9
m137,0,0,3
m137,0,1,3
m137,1,0,3
m137,1,1,3
m138,0,0,3
m138,0,1,3
m138,1,0,3
m138,1,1,3
m139,0,0,3
m139,0,1,3
m139,1,0,3
m139,1,1,3
m140,0,0,9
m140,0,1,3
m140,1,0,3
m140,1,1,9
m141,0,0,3
m141,0,1,3
m141,1,0,3
m141,1,1,3
m142,0,0,3
m142,0,1,3
m142,1,0,3
m142,1,1,3
m143,0,0,3
m143,0,1,3
m143,1,0,3
m143,1,1,3
m145,0,0,3
m145,0,1,3
m145,1,0,3
m145,1,1,3
m146,0,0,2
m146,0,1,2
m146,1,0,2
m146,1,1,2
m147,0,0,2
m147,0,1,2
m147,1,0,2
m147,1,1,2
m148,0,0,3
m148,0,1,3
m148,1,0,3
m148,1,1,3
m149,0,0,9
m149,0,1,3
m149,1,0,3
m149,1,1,9
m150,0,0,4
m150,0,1,2
m150,1,0,2
m150,1,1,4
m151,0,0,4
m151,0,1,2
m151,1,0,2
m151,1,1,4
m152,0,0,2
m152,0,1,2
m152,1,0,2
m152,1,1,2
m153,0,0,5
m153,0,1,2
m153,1,0,2
m153,1,1,5
m154,0,0,3
m154,0,1,2
m154,1,0,2
m154,1,1,3
m155,0,0,3
m155,0,1,2
m155,1,0,2
m155,1,1,3
m156,0,0,2
m156,0,1,2
m156,1,0,2
m156,1,1,2
m157,0,0,5
m157,0,1,2
m157,1,0,2
m157,1,1,5
m158,0,0,3
m158,0,1,2
m158,1,0,2
m158,1,1,3
m159,0,0,3
m159,0,1,2
m159,1,0,2
m159,1,1,3
m161,0,0,4
m161,0,1,4
m161,1,0,4
m161,1,1,4
m162,0,0,3
m162,0,1,3
m162,1,0,3
m162,1,1,3
m163,0,0,3
m163,0,1,3
m163,1,0,3
m163,1,1,3
m164,0,0,4
m164,0,1,4
m164,1,0,4
m164,1,1,4
m165,0,0,16
m165,0,1,4
m165,1,0,4
m165,1,1,16
m166,0,0,9
m166,0,1,3
m166,1,0,3
m166,1,1,9
m167,0,0,9
m167,0,1,3
m167,1,0,3
m167,1,1,9
m168,0,0,3
m168,0,1,3
m168,1,0,3
m168,1,1,3
m169,0,0,9
m169,0,1,3
m169,1,0,3
m169,1,1,9
m170,0,0,9
m170,0,1,3
m170,1,0,3
m170,1,1,9
m171,0,0,9
m171,0,1,3
m171,1,0,3
m171,1,1,9
m172,0,0,3
m172,0,1,3
m172,1,0,3
m172,1,1,3
m173,0,0,9
m173,0,1,3
m173,1,0,3
m173,1,1,9
m174,0,0,9
m174,0,1,3
m174,1,0,3
m174,1,1,9
m175,0,0,9
m175,0,1,3
m175,1,0,3
m175,1,1,9
m177,0,0,3
m177,0,1,3
m177,1,0,3
m177,1,1,3
m178,0,0,2
m178,0,1,2
m178,1,0,2
m178,1,1,2
m179,0,0,2
m179,0,1,2
m179,1,0,2
m179,1,1,2
m180,0,0,3
m180,0,1,3
m180,1,0,3
m180,1,1,3
m181,0,0,9
m181,0,1,3
m181,1,0,3
m181,1,1,9
m182,0,0,4
m182,0,1,2
m182,1,0,2
m182,1,1,4
m183,0,0,8
m183,0,1,2
m183,1,0,2
m183,1,1,8
m184,0,0,2
m184,0,1,2
m184,1,0,2
m184,1,1,2
m185,0,0,5
m185,0,1,2
m185,1,0,2
m185,1,1,5
m186,0,0,4
m186,0,1,2
m186,1,0,2
m186,1,1,4
m187,0,0,6
m187,0,1,2
m187,1,0,2
m187,1,1,6
m188,0,0,2
m188,0,1,2
m188,1,0,2
m188,1,1,2
m189,0,0,5
m189,0,1,2
m189,1,0,2
m189,1,1,5
m190,0,0,4
m190,0,1,2
m190,1,0,2
m190,1,1,4
m191,0,0,6
m191,0,1,2
m191,1,0,2
m191,1,1,6
m193,0,0,3
m193,0,1,3
m193,1,0,3
m193,1,1,3
m194,0,0,2
m194,0,1,2
m194,1,0,2
m194,1,1,2
m195,0,0,2
m195,0,1,2
m195,1,0,2
m195,1,1,2
m196,0,0,9
m196,0,1,3
m196,1,0,3
m196,1,1,9
m197,0,0,3
m197,0,1,3
m197,1,0,3
m197,1,1,3
m198,0,0,2
m198,0,1,2
m198,1,0,2
m198,1,1,2
m199,0,0,2
m199,0,1,2
m199,1,0,2
m199,1,1,2
m200,0,0,4
m200,0,1,2
m200,1,0,2
m200,1,1,4
m201,0,0,2
m201,0,1,2
m201,1,0,2
m201,1,1,2
m202,0,0,2
m202,0,1,2
m202,1,0,2
m202,1,1,2
m203,0,0,2
m203,0,1,2
m203,1,0,2
m203,1,1,2
m204,0,0,8
m204,0,1,2
m204,1,0,2
m204,1,1,8
m205,0,0,2
m205,0,1,2
m205,1,0,2
m205,1,1,2
m206,0,0,2
m206,0,1,2
m206,1,0,2
m206,1,1,2
m207,0,0,2
m207,0,1,2
m207,1,0,2
m207,1,1,2
m209,0,0,3
m209,0,1,3
m209,1,0,3
m209,1,1,3
m210,0,0,2
m210,0,1,2
m210,1,0,2
m210,1,1,2
m211,0,0,2
m211,0,1,2
m211,1,0,2
m211,1,1,2
m212,0,0,3
m212,0,1,3
m212,1,0,3
m212,1,1,3
m213,0,0,9
m213,0,1,3
m213,1,0,3
m213,1,1,9
m214,0,0,3
m214,0,1,2
m214,1,0,2
m214,1,1,3
m215,0,0,4
m215,0,1,2
m215,1,0,2
m215,1,1,4
m216,0,0,2
m216,0,1,2
m216,1,0,2
m216,1,1,2
m217,0,0,3
m217,0,1,2
m217,1,0,2
m217,1,1,3
m218,0,0,3
m218,0,1,2
m218,1,0,2
m218,1,1,3
m219,0,0,3
m219,0,1,2
m219,1,0,2
m219,1,1,3
m220,0,0,2
m220,0,1,2
m220,1,0,2
m220,1,1,2
m221,0,0,6
m221,0,1,2
m221,1,0,2
m221,1,1,6
m222,0,0,4
m222,0,1,2
m222,1,0,2
m222,1,1,4
m223,0,0,4
m223,0,1,2
m223,1,0,2
m223,1,1,4
m225,0,0,3
m225,0,1,3
m225,1,0,3
m225,1,1,3
m226,0,0,2
m226,0,1,2
m226,1,0,2
m226,1,1,2
m227,0,0,2
m227,0,1,2
m227,1,0,2
m227,1,1,2
m228,0,0,3
m228,0,1,3
m228,1,0,3
m228,1,1,3
m229,0,0,9
m229,0,1,3
m229,1,0,3
m229,1,1,9
m230,0,0,5
m230,0,1,2
m230,1,0,2
m230,1,1,5
m231,0,0,5
m231,0,1,2
m231,1,0,2
m231,1,1,5
m232,0,0,2
m232,0,1,2
m232,1,0,2
m232,1,1,2
m233,0,0,4
m233,0,1,2
m233,1,0,2
m233,1,1,4
m234,0,0,4
m234,0,1,2
m234,1,0,2
m234,1,1,4
m235,0,0,4
m235,0,1,2
m235,1,0,2
m235,1,1,4
m236,0,0,2
m236,0,1,2
m236,1,0,2
m236,1,1,2
m237,0,0,8
m237,0,1,2
m237,1,0,2
m237,1,1,8
m238,0,0,6
m238,0,1,2
m238,1,0,2
m238,1,1,6
m239,0,0,6
m239,0,1,2
m239,1,0,2
m239,1,1,6
m241,0,0,3
m241,0,1,3
m241,1,0,3
m241,1,1,3
m242,0,0,2
m242,0,1,2
m242,1,0,2
m242,1,1,2
m243,0,0,2
m243,0,1,2
m243,1,0,2
m243,1,1,2
m244,0,0,3
m244,0,1,3
m244,1,0,3
m244,1,1,3
m245,0,0,9
m245,0,1,3
m245,1,0,3
m245,1,1,9
m246,0,0,3
m246,0,1,2
m246,1,0,2
m246,1,1,3
m247,0,0,6
m247,0,1,2
m247,1,0,2
m247,1,1,6
m248,0,0,2
m248,0,1,2
m248,1,0,2
m248,1,1,2
m249,0,0,3
m249,0,1,2
m249,1,0,2
m249,1,1,3
m250,0,0,4
m250,0,1,2
m250,1,0,2
m250,1,1,4
m251,0,0,4
m251,0,1,2
m251,1,0,2
m251,1,1,4
m252,0,0,2
m252,0,1,2
m252,1,0,2
m252,1,1,2
m253,0,0,6
m253,0,1,2
m253,1,0,2
m253,1,1,6
m254,0,0,4
m254,0,1,2
m254,1,0,2
m254,1,1,4
m255,0,0,8
m255,0,1,2
m255,1,0,2
m255,1,1,8
