zero,one,source_bound,target_bound_max,cases,exact_equalities,maximum_reachable_vertices,kind
0,0,0,16,153,0,3,resetful_one
0,1,0,16,153,1,20,pure_miss_one
0,00,0,16,153,0,3,resetful_one
0,01,0,16,153,1,4,resetful_one
0,10,0,16,153,1,4,resetful_one
0,11,0,16,153,3,19,pure_miss_one
0,000,0,16,153,0,3,resetful_one
0,001,0,16,153,1,4,resetful_one
0,010,0,16,153,1,3,resetful_one
0,011,0,16,153,3,4,resetful_one
0,100,0,16,153,1,4,resetful_one
0,101,0,16,153,1,5,resetful_one
0,110,0,16,153,3,4,resetful_one
0,111,0,16,153,6,14,pure_miss_one
1,0,0,16,153,0,36,zero_without_reset
1,1,0,16,153,0,35,zero_without_reset
1,00,0,16,153,0,36,zero_without_reset
1,01,0,16,153,0,35,zero_without_reset
1,10,0,16,153,0,36,zero_without_reset
1,11,0,16,153,0,34,zero_without_reset
1,000,0,16,153,0,36,zero_without_reset
1,001,0,16,153,0,35,zero_without_reset
1,010,0,16,153,0,36,zero_without_reset
1,011,0,16,153,0,34,zero_without_reset
1,100,0,16,153,0,36,zero_without_reset
1,101,0,16,153,0,35,zero_without_reset
1,110,0,16,153,0,36,zero_without_reset
1,111,0,16,153,0,33,zero_without_reset
00,0,0,16,153,0,3,resetful_one
00,1,0,16,153,1,20,pure_miss_one
00,00,0,16,153,0,3,resetful_one
00,01,0,16,153,1,4,resetful_one
00,10,0,16,153,1,4,resetful_one
00,11,0,16,153,3,19,pure_miss_one
00,000,0,16,153,0,3,resetful_one
00,001,0,16,153,1,4,resetful_one
00,010,0,16,153,1,3,resetful_one
00,011,0,16,153,3,4,resetful_one
00,100,0,16,153,1,4,resetful_one
00,101,0,16,153,1,5,resetful_one
00,110,0,16,153,3,4,resetful_one
00,111,0,16,153,6,14,pure_miss_one
01,0,0,16,153,0,4,resetful_one
01,1,0,16,153,1,19,pure_miss_one
01,00,0,16,153,0,4,resetful_one
01,01,0,16,153,0,3,resetful_one
01,10,0,16,153,1,5,resetful_one
01,11,0,16,153,4,19,pure_miss_one
01,000,0,16,153,0,4,resetful_one
01,001,0,16,153,0,3,resetful_one
01,010,0,16,153,0,4,resetful_one
01,011,0,16,153,2,4,resetful_one
01,100,0,16,153,1,5,resetful_one
01,101,0,16,153,1,4,resetful_one
01,110,0,16,153,4,5,resetful_one
01,111,0,16,153,8,14,pure_miss_one
10,0,0,16,153,0,4,resetful_one
10,1,0,16,153,1,20,pure_miss_one
10,00,0,16,153,0,4,resetful_one
10,01,0,16,153,0,5,resetful_one
10,10,0,16,153,0,3,resetful_one
10,11,0,16,153,3,19,pure_miss_one
10,000,0,16,153,0,4,resetful_one
10,001,0,16,153,0,5,resetful_one
10,010,0,16,153,0,4,resetful_one
10,011,0,16,153,1,5,resetful_one
10,100,0,16,153,0,3,resetful_one
10,101,0,16,153,1,4,resetful_one
10,110,0,16,153,1,4,resetful_one
10,111,0,16,153,6,14,pure_miss_one
11,0,0,16,153,0,20,zero_without_reset
11,1,0,16,153,0,27,zero_without_reset
11,00,0,16,153,0,20,zero_without_reset
11,01,0,16,153,0,19,zero_without_reset
11,10,0,16,153,0,20,zero_without_reset
11,11,0,16,153,0,19,zero_without_reset
11,000,0,16,153,0,20,zero_without_reset
11,001,0,16,153,0,19,zero_without_reset
11,010,0,16,153,0,20,zero_without_reset
11,011,0,16,153,0,19,zero_without_reset
11,100,0,16,153,0,20,zero_without_reset
11,101,0,16,153,0,19,zero_without_reset
11,110,0,16,153,0,20,zero_without_reset
11,111,0,16,153,0,24,zero_without_reset
000,0,0,16,153,0,3,resetful_one
000,1,0,16,153,1,20,pure_miss_one
000,00,0,16,153,0,3,resetful_one
000,01,0,16,153,1,4,resetful_one
000,10,0,16,153,1,4,resetful_one
000,11,0,16,153,3,19,pure_miss_one
000,000,0,16,153,0,3,resetful_one
000,001,0,16,153,1,4,resetful_one
000,010,0,16,153,1,3,resetful_one
000,011,0,16,153,3,4,resetful_one
000,100,0,16,153,1,4,resetful_one
000,101,0,16,153,1,5,resetful_one
000,110,0,16,153,3,4,resetful_one
000,111,0,16,153,6,14,pure_miss_one
001,0,0,16,153,0,4,resetful_one
001,1,0,16,153,1,19,pure_miss_one
001,00,0,16,153,0,4,resetful_one
001,01,0,16,153,0,3,resetful_one
001,10,0,16,153,1,5,resetful_one
001,11,0,16,153,4,19,pure_miss_one
001,000,0,16,153,0,4,resetful_one
001,001,0,16,153,0,3,resetful_one
001,010,0,16,153,0,4,resetful_one
001,011,0,16,153,2,4,resetful_one
001,100,0,16,153,1,5,resetful_one
001,101,0,16,153,1,4,resetful_one
001,110,0,16,153,4,5,resetful_one
001,111,0,16,153,8,14,pure_miss_one
010,0,0,16,153,0,4,resetful_one
010,1,0,16,153,0,20,pure_miss_one
010,00,0,16,153,0,4,resetful_one
010,01,0,16,153,0,4,resetful_one
010,10,0,16,153,0,4,resetful_one
010,11,0,16,153,2,19,pure_miss_one
010,000,0,16,153,0,4,resetful_one
010,001,0,16,153,0,4,resetful_one
010,010,0,16,153,0,3,resetful_one
010,011,0,16,153,2,4,resetful_one
010,100,0,16,153,0,4,resetful_one
010,101,0,16,153,0,5,resetful_one
010,110,0,16,153,2,4,resetful_one
010,111,0,16,153,5,14,pure_miss_one
011,0,0,16,153,0,4,resetful_one
011,1,0,16,153,1,19,pure_miss_one
011,00,0,16,153,0,4,resetful_one
011,01,0,16,153,0,4,resetful_one
011,10,0,16,153,1,5,resetful_one
011,11,0,16,153,4,18,pure_miss_one
011,000,0,16,153,0,4,resetful_one
011,001,0,16,153,0,4,resetful_one
011,010,0,16,153,0,4,resetful_one
011,011,0,16,153,0,3,resetful_one
011,100,0,16,153,1,5,resetful_one
011,101,0,16,153,1,5,resetful_one
011,110,0,16,153,4,5,resetful_one
011,111,0,16,153,9,13,pure_miss_one
100,0,0,16,153,0,4,resetful_one
100,1,0,16,153,1,20,pure_miss_one
100,00,0,16,153,0,4,resetful_one
100,01,0,16,153,0,5,resetful_one
100,10,0,16,153,0,3,resetful_one
100,11,0,16,153,3,19,pure_miss_one
100,000,0,16,153,0,4,resetful_one
100,001,0,16,153,0,5,resetful_one
100,010,0,16,153,0,4,resetful_one
100,011,0,16,153,1,5,resetful_one
100,100,0,16,153,0,3,resetful_one
100,101,0,16,153,1,4,resetful_one
100,110,0,16,153,1,4,resetful_one
100,111,0,16,153,6,14,pure_miss_one
101,0,0,16,153,0,6,resetful_one
101,1,0,16,153,1,19,pure_miss_one
101,00,0,16,153,0,6,resetful_one
101,01,0,16,153,0,5,resetful_one
101,10,0,16,153,0,6,resetful_one
101,11,0,16,153,4,19,pure_miss_one
101,000,0,16,153,0,6,resetful_one
101,001,0,16,153,0,5,resetful_one
101,010,0,16,153,0,6,resetful_one
101,011,0,16,153,0,5,resetful_one
101,100,0,16,153,0,6,resetful_one
101,101,0,16,153,0,5,resetful_one
101,110,0,16,153,1,5,resetful_one
101,111,0,16,153,8,14,pure_miss_one
110,0,0,16,153,0,4,resetful_one
110,1,0,16,153,1,20,pure_miss_one
110,00,0,16,153,0,4,resetful_one
110,01,0,16,153,0,5,resetful_one
110,10,0,16,153,0,4,resetful_one
110,11,0,16,153,3,19,pure_miss_one
110,000,0,16,153,0,4,resetful_one
110,001,0,16,153,0,5,resetful_one
110,010,0,16,153,0,4,resetful_one
110,011,0,16,153,0,5,resetful_one
110,100,0,16,153,0,4,resetful_one
110,101,0,16,153,0,5,resetful_one
110,110,0,16,153,0,3,resetful_one
110,111,0,16,153,6,14,pure_miss_one
111,0,0,16,153,0,14,zero_without_reset
111,1,0,16,153,0,24,zero_without_reset
111,00,0,16,153,0,14,zero_without_reset
111,01,0,16,153,0,14,zero_without_reset
111,10,0,16,153,0,14,zero_without_reset
111,11,0,16,153,0,22,zero_without_reset
111,000,0,16,153,0,14,zero_without_reset
111,001,0,16,153,0,14,zero_without_reset
111,010,0,16,153,0,14,zero_without_reset
111,011,0,16,153,0,13,zero_without_reset
111,100,0,16,153,0,14,zero_without_reset
111,101,0,16,153,0,14,zero_without_reset
111,110,0,16,153,0,14,zero_without_reset
111,111,0,16,153,0,13,zero_without_reset
