first_zero,first_one,second_zero,second_one,composite_zero,composite_one,prefix,suffix,internal_gap,tested,internal_gap_exclusions
0,1,0,1,0,1,0,0,0,10,0
0,1,0,11,0,11,0,0,0,20,0
0,1,0,111,0,111,0,0,0,30,0
0,1,00,1,00,1,0,0,0,10,0
0,1,00,11,00,11,0,0,0,20,0
0,1,00,111,00,111,0,0,0,30,0
0,1,01,1,01,1,0,1,0,10,0
0,1,01,11,01,11,0,1,0,20,0
0,1,01,111,01,111,0,1,0,30,0
0,1,10,1,10,1,1,0,0,10,0
0,1,10,11,10,11,1,0,0,20,0
0,1,10,111,10,111,1,0,0,30,0
0,1,000,1,000,1,0,0,0,10,0
0,1,000,11,000,11,0,0,0,20,0
0,1,000,111,000,111,0,0,0,30,0
0,1,001,1,001,1,0,1,0,10,0
0,1,001,11,001,11,0,1,0,20,0
0,1,001,111,001,111,0,1,0,30,0
0,1,010,1,010,1,0,0,1,9,1
0,1,010,11,010,11,0,0,1,19,1
0,1,010,111,010,111,0,0,1,29,1
0,1,011,1,011,1,0,2,0,10,0
0,1,011,11,011,11,0,2,0,20,0
0,1,011,111,011,111,0,2,0,30,0
0,1,100,1,100,1,1,0,0,10,0
0,1,100,11,100,11,1,0,0,20,0
0,1,100,111,100,111,1,0,0,30,0
0,1,101,1,101,1,1,1,0,10,0
0,1,101,11,101,11,1,1,0,20,0
0,1,101,111,101,111,1,1,0,30,0
0,1,110,1,110,1,2,0,0,10,0
0,1,110,11,110,11,2,0,0,20,0
0,1,110,111,110,111,2,0,0,30,0
0,11,0,1,0,11,0,0,0,20,0
0,11,0,11,0,1111,0,0,0,40,0
0,11,0,111,0,111111,0,0,0,60,0
0,11,00,1,00,11,0,0,0,20,0
0,11,00,11,00,1111,0,0,0,40,0
0,11,00,111,00,111111,0,0,0,60,0
0,11,01,1,01,11,0,1,0,20,0
0,11,01,11,01,1111,0,1,0,40,0
0,11,01,111,01,111111,0,1,0,60,0
0,11,10,1,10,11,1,0,0,20,0
0,11,10,11,10,1111,1,0,0,40,0
0,11,10,111,10,111111,1,0,0,60,0
0,11,000,1,000,11,0,0,0,20,0
0,11,000,11,000,1111,0,0,0,40,0
0,11,000,111,000,111111,0,0,0,60,0
0,11,001,1,001,11,0,1,0,20,0
0,11,001,11,001,1111,0,1,0,40,0
0,11,001,111,001,111111,0,1,0,60,0
0,11,010,1,010,11,0,0,1,19,1
0,11,010,11,010,1111,0,0,1,39,1
0,11,010,111,010,111111,0,0,1,59,1
0,11,011,1,011,11,0,2,0,20,0
0,11,011,11,011,1111,0,2,0,40,0
0,11,011,111,011,111111,0,2,0,60,0
0,11,100,1,100,11,1,0,0,20,0
0,11,100,11,100,1111,1,0,0,40,0
0,11,100,111,100,111111,1,0,0,60,0
0,11,101,1,101,11,1,1,0,20,0
0,11,101,11,101,1111,1,1,0,40,0
0,11,101,111,101,111111,1,1,0,60,0
0,11,110,1,110,11,2,0,0,20,0
0,11,110,11,110,1111,2,0,0,40,0
0,11,110,111,110,111111,2,0,0,60,0
0,111,0,1,0,111,0,0,0,30,0
0,111,0,11,0,111111,0,0,0,60,0
0,111,0,111,0,111111111,0,0,0,90,0
0,111,00,1,00,111,0,0,0,30,0
0,111,00,11,00,111111,0,0,0,60,0
0,111,00,111,00,111111111,0,0,0,90,0
0,111,01,1,01,111,0,1,0,30,0
0,111,01,11,01,111111,0,1,0,60,0
0,111,01,111,01,111111111,0,1,0,90,0
0,111,10,1,10,111,1,0,0,30,0
0,111,10,11,10,111111,1,0,0,60,0
0,111,10,111,10,111111111,1,0,0,90,0
0,111,000,1,000,111,0,0,0,30,0
0,111,000,11,000,111111,0,0,0,60,0
0,111,000,111,000,111111111,0,0,0,90,0
0,111,001,1,001,111,0,1,0,30,0
0,111,001,11,001,111111,0,1,0,60,0
0,111,001,111,001,111111111,0,1,0,90,0
0,111,010,1,010,111,0,0,1,29,1
0,111,010,11,010,111111,0,0,1,59,1
0,111,010,111,010,111111111,0,0,1,89,1
0,111,011,1,011,111,0,2,0,30,0
0,111,011,11,011,111111,0,2,0,60,0
0,111,011,111,011,111111111,0,2,0,90,0
0,111,100,1,100,111,1,0,0,30,0
0,111,100,11,100,111111,1,0,0,60,0
0,111,100,111,100,111111111,1,0,0,90,0
0,111,101,1,101,111,1,1,0,30,0
0,111,101,11,101,111111,1,1,0,60,0
0,111,101,111,101,111111111,1,1,0,90,0
0,111,110,1,110,111,2,0,0,30,0
0,111,110,11,110,111111,2,0,0,60,0
0,111,110,111,110,111111111,2,0,0,90,0
00,1,0,1,00,1,0,0,0,10,0
00,1,0,11,00,11,0,0,0,20,0
00,1,0,111,00,111,0,0,0,30,0
00,1,00,1,0000,1,0,0,0,10,0
00,1,00,11,0000,11,0,0,0,20,0
00,1,00,111,0000,111,0,0,0,30,0
00,1,01,1,0101,1,0,1,1,10,0
00,1,01,11,0101,11,0,1,1,20,0
00,1,01,111,0101,111,0,1,1,30,0
00,1,10,1,1010,1,1,0,1,10,0
00,1,10,11,1010,11,1,0,1,20,0
00,1,10,111,1010,111,1,0,1,30,0
00,1,000,1,000000,1,0,0,0,10,0
00,1,000,11,000000,11,0,0,0,20,0
00,1,000,111,000000,111,0,0,0,30,0
00,1,001,1,001001,1,0,1,1,10,0
00,1,001,11,001001,11,0,1,1,20,0
00,1,001,111,001001,111,0,1,1,30,0
00,1,010,1,010010,1,0,0,1,9,1
00,1,010,11,010010,11,0,0,1,19,1
00,1,010,111,010010,111,0,0,1,29,1
00,1,011,1,011011,1,0,2,2,10,0
00,1,011,11,011011,11,0,2,2,20,0
00,1,011,111,011011,111,0,2,2,30,0
00,1,100,1,100100,1,1,0,1,10,0
00,1,100,11,100100,11,1,0,1,20,0
00,1,100,111,100100,111,1,0,1,30,0
00,1,101,1,101101,1,1,1,2,10,0
00,1,101,11,101101,11,1,1,2,20,0
00,1,101,111,101101,111,1,1,2,30,0
00,1,110,1,110110,1,2,0,2,10,0
00,1,110,11,110110,11,2,0,2,20,0
00,1,110,111,110110,111,2,0,2,30,0
00,11,0,1,00,11,0,0,0,20,0
00,11,0,11,00,1111,0,0,0,40,0
00,11,0,111,00,111111,0,0,0,60,0
00,11,00,1,0000,11,0,0,0,20,0
00,11,00,11,0000,1111,0,0,0,40,0
00,11,00,111,0000,111111,0,0,0,60,0
00,11,01,1,0101,11,0,1,1,20,0
00,11,01,11,0101,1111,0,1,1,40,0
00,11,01,111,0101,111111,0,1,1,60,0
00,11,10,1,1010,11,1,0,1,20,0
00,11,10,11,1010,1111,1,0,1,40,0
00,11,10,111,1010,111111,1,0,1,60,0
00,11,000,1,000000,11,0,0,0,20,0
00,11,000,11,000000,1111,0,0,0,40,0
00,11,000,111,000000,111111,0,0,0,60,0
00,11,001,1,001001,11,0,1,1,20,0
00,11,001,11,001001,1111,0,1,1,40,0
00,11,001,111,001001,111111,0,1,1,60,0
00,11,010,1,010010,11,0,0,1,19,1
00,11,010,11,010010,1111,0,0,1,39,1
00,11,010,111,010010,111111,0,0,1,59,1
00,11,011,1,011011,11,0,2,2,20,0
00,11,011,11,011011,1111,0,2,2,40,0
00,11,011,111,011011,111111,0,2,2,60,0
00,11,100,1,100100,11,1,0,1,20,0
00,11,100,11,100100,1111,1,0,1,40,0
00,11,100,111,100100,111111,1,0,1,60,0
00,11,101,1,101101,11,1,1,2,20,0
00,11,101,11,101101,1111,1,1,2,40,0
00,11,101,111,101101,111111,1,1,2,60,0
00,11,110,1,110110,11,2,0,2,20,0
00,11,110,11,110110,1111,2,0,2,40,0
00,11,110,111,110110,111111,2,0,2,60,0
00,111,0,1,00,111,0,0,0,30,0
00,111,0,11,00,111111,0,0,0,60,0
00,111,0,111,00,111111111,0,0,0,90,0
00,111,00,1,0000,111,0,0,0,30,0
00,111,00,11,0000,111111,0,0,0,60,0
00,111,00,111,0000,111111111,0,0,0,90,0
00,111,01,1,0101,111,0,1,1,30,0
00,111,01,11,0101,111111,0,1,1,60,0
00,111,01,111,0101,111111111,0,1,1,90,0
00,111,10,1,1010,111,1,0,1,30,0
00,111,10,11,1010,111111,1,0,1,60,0
00,111,10,111,1010,111111111,1,0,1,90,0
00,111,000,1,000000,111,0,0,0,30,0
00,111,000,11,000000,111111,0,0,0,60,0
00,111,000,111,000000,111111111,0,0,0,90,0
00,111,001,1,001001,111,0,1,1,30,0
00,111,001,11,001001,111111,0,1,1,60,0
00,111,001,111,001001,111111111,0,1,1,90,0
00,111,010,1,010010,111,0,0,1,29,1
00,111,010,11,010010,111111,0,0,1,59,1
00,111,010,111,010010,111111111,0,0,1,89,1
00,111,011,1,011011,111,0,2,2,30,0
00,111,011,11,011011,111111,0,2,2,60,0
00,111,011,111,011011,111111111,0,2,2,90,0
00,111,100,1,100100,111,1,0,1,30,0
00,111,100,11,100100,111111,1,0,1,60,0
00,111,100,111,100100,111111111,1,0,1,90,0
00,111,101,1,101101,111,1,1,2,30,0
00,111,101,11,101101,111111,1,1,2,60,0
00,111,101,111,101101,111111111,1,1,2,90,0
00,111,110,1,110110,111,2,0,2,30,0
00,111,110,11,110110,111111,2,0,2,60,0
00,111,110,111,110110,111111111,2,0,2,90,0
01,1,0,1,01,1,0,1,0,10,0
01,1,0,11,011,11,0,2,0,20,0
01,1,0,111,0111,111,0,3,0,30,0
01,1,00,1,001,1,0,1,0,10,0
01,1,00,11,0011,11,0,2,0,20,0
01,1,00,111,00111,111,0,3,0,30,0
01,1,01,1,011,1,0,2,0,10,0
01,1,01,11,0111,11,0,3,0,20,0
01,1,01,111,01111,111,0,4,0,30,0
01,1,10,1,101,1,1,1,0,10,0
01,1,10,11,1011,11,1,2,0,20,0
01,1,10,111,10111,111,1,3,0,30,0
01,1,000,1,0001,1,0,1,0,10,0
01,1,000,11,00011,11,0,2,0,20,0
01,1,000,111,000111,111,0,3,0,30,0
01,1,001,1,0011,1,0,2,0,10,0
01,1,001,11,00111,11,0,3,0,20,0
01,1,001,111,001111,111,0,4,0,30,0
01,1,010,1,0101,1,0,1,1,10,0
01,1,010,11,01011,11,0,2,1,20,0
01,1,010,111,010111,111,0,3,1,30,0
01,1,011,1,0111,1,0,3,0,10,0
01,1,011,11,01111,11,0,4,0,20,0
01,1,011,111,011111,111,0,5,0,30,0
01,1,100,1,1001,1,1,1,0,10,0
01,1,100,11,10011,11,1,2,0,20,0
01,1,100,111,100111,111,1,3,0,30,0
01,1,101,1,1011,1,1,2,0,10,0
01,1,101,11,10111,11,1,3,0,20,0
01,1,101,111,101111,111,1,4,0,30,0
01,1,110,1,1101,1,2,1,0,10,0
01,1,110,11,11011,11,2,2,0,20,0
01,1,110,111,110111,111,2,3,0,30,0
01,11,0,1,01,11,0,1,0,20,0
01,11,0,11,011,1111,0,2,0,40,0
01,11,0,111,0111,111111,0,3,0,60,0
01,11,00,1,001,11,0,1,0,20,0
01,11,00,11,0011,1111,0,2,0,40,0
01,11,00,111,00111,111111,0,3,0,60,0
01,11,01,1,011,11,0,2,0,20,0
01,11,01,11,0111,1111,0,3,0,40,0
01,11,01,111,01111,111111,0,4,0,60,0
01,11,10,1,101,11,1,1,0,20,0
01,11,10,11,1011,1111,1,2,0,40,0
01,11,10,111,10111,111111,1,3,0,60,0
01,11,000,1,0001,11,0,1,0,20,0
01,11,000,11,00011,1111,0,2,0,40,0
01,11,000,111,000111,111111,0,3,0,60,0
01,11,001,1,0011,11,0,2,0,20,0
01,11,001,11,00111,1111,0,3,0,40,0
01,11,001,111,001111,111111,0,4,0,60,0
01,11,010,1,0101,11,0,1,1,20,0
01,11,010,11,01011,1111,0,2,1,40,0
01,11,010,111,010111,111111,0,3,1,60,0
01,11,011,1,0111,11,0,3,0,20,0
01,11,011,11,01111,1111,0,4,0,40,0
01,11,011,111,011111,111111,0,5,0,60,0
01,11,100,1,1001,11,1,1,0,20,0
01,11,100,11,10011,1111,1,2,0,40,0
01,11,100,111,100111,111111,1,3,0,60,0
01,11,101,1,1011,11,1,2,0,20,0
01,11,101,11,10111,1111,1,3,0,40,0
01,11,101,111,101111,111111,1,4,0,60,0
01,11,110,1,1101,11,2,1,0,20,0
01,11,110,11,11011,1111,2,2,0,40,0
01,11,110,111,110111,111111,2,3,0,60,0
01,111,0,1,01,111,0,1,0,30,0
01,111,0,11,011,111111,0,2,0,60,0
01,111,0,111,0111,111111111,0,3,0,90,0
01,111,00,1,001,111,0,1,0,30,0
01,111,00,11,0011,111111,0,2,0,60,0
01,111,00,111,00111,111111111,0,3,0,90,0
01,111,01,1,011,111,0,2,0,30,0
01,111,01,11,0111,111111,0,3,0,60,0
01,111,01,111,01111,111111111,0,4,0,90,0
01,111,10,1,101,111,1,1,0,30,0
01,111,10,11,1011,111111,1,2,0,60,0
01,111,10,111,10111,111111111,1,3,0,90,0
01,111,000,1,0001,111,0,1,0,30,0
01,111,000,11,00011,111111,0,2,0,60,0
01,111,000,111,000111,111111111,0,3,0,90,0
01,111,001,1,0011,111,0,2,0,30,0
01,111,001,11,00111,111111,0,3,0,60,0
01,111,001,111,001111,111111111,0,4,0,90,0
01,111,010,1,0101,111,0,1,1,30,0
01,111,010,11,01011,111111,0,2,1,60,0
01,111,010,111,010111,111111111,0,3,1,90,0
01,111,011,1,0111,111,0,3,0,30,0
01,111,011,11,01111,111111,0,4,0,60,0
01,111,011,111,011111,111111111,0,5,0,90,0
01,111,100,1,1001,111,1,1,0,30,0
01,111,100,11,10011,111111,1,2,0,60,0
01,111,100,111,100111,111111111,1,3,0,90,0
01,111,101,1,1011,111,1,2,0,30,0
01,111,101,11,10111,111111,1,3,0,60,0
01,111,101,111,101111,111111111,1,4,0,90,0
01,111,110,1,1101,111,2,1,0,30,0
01,111,110,11,11011,111111,2,2,0,60,0
01,111,110,111,110111,111111111,2,3,0,90,0
10,1,0,1,10,1,1,0,0,10,0
10,1,0,11,110,11,2,0,0,20,0
10,1,0,111,1110,111,3,0,0,30,0
10,1,00,1,100,1,1,0,0,10,0
10,1,00,11,1100,11,2,0,0,20,0
10,1,00,111,11100,111,3,0,0,30,0
10,1,01,1,101,1,1,1,0,10,0
10,1,01,11,1101,11,2,1,0,20,0
10,1,01,111,11101,111,3,1,0,30,0
10,1,10,1,110,1,2,0,0,10,0
10,1,10,11,1110,11,3,0,0,20,0
10,1,10,111,11110,111,4,0,0,30,0
10,1,000,1,1000,1,1,0,0,10,0
10,1,000,11,11000,11,2,0,0,20,0
10,1,000,111,111000,111,3,0,0,30,0
10,1,001,1,1001,1,1,1,0,10,0
10,1,001,11,11001,11,2,1,0,20,0
10,1,001,111,111001,111,3,1,0,30,0
10,1,010,1,1010,1,1,0,1,10,0
10,1,010,11,11010,11,2,0,1,20,0
10,1,010,111,111010,111,3,0,1,30,0
10,1,011,1,1011,1,1,2,0,10,0
10,1,011,11,11011,11,2,2,0,20,0
10,1,011,111,111011,111,3,2,0,30,0
10,1,100,1,1100,1,2,0,0,10,0
10,1,100,11,11100,11,3,0,0,20,0
10,1,100,111,111100,111,4,0,0,30,0
10,1,101,1,1101,1,2,1,0,10,0
10,1,101,11,11101,11,3,1,0,20,0
10,1,101,111,111101,111,4,1,0,30,0
10,1,110,1,1110,1,3,0,0,10,0
10,1,110,11,11110,11,4,0,0,20,0
10,1,110,111,111110,111,5,0,0,30,0
10,11,0,1,10,11,1,0,0,20,0
10,11,0,11,110,1111,2,0,0,40,0
10,11,0,111,1110,111111,3,0,0,60,0
10,11,00,1,100,11,1,0,0,20,0
10,11,00,11,1100,1111,2,0,0,40,0
10,11,00,111,11100,111111,3,0,0,60,0
10,11,01,1,101,11,1,1,0,20,0
10,11,01,11,1101,1111,2,1,0,40,0
10,11,01,111,11101,111111,3,1,0,60,0
10,11,10,1,110,11,2,0,0,20,0
10,11,10,11,1110,1111,3,0,0,40,0
10,11,10,111,11110,111111,4,0,0,60,0
10,11,000,1,1000,11,1,0,0,20,0
10,11,000,11,11000,1111,2,0,0,40,0
10,11,000,111,111000,111111,3,0,0,60,0
10,11,001,1,1001,11,1,1,0,20,0
10,11,001,11,11001,1111,2,1,0,40,0
10,11,001,111,111001,111111,3,1,0,60,0
10,11,010,1,1010,11,1,0,1,20,0
10,11,010,11,11010,1111,2,0,1,40,0
10,11,010,111,111010,111111,3,0,1,60,0
10,11,011,1,1011,11,1,2,0,20,0
10,11,011,11,11011,1111,2,2,0,40,0
10,11,011,111,111011,111111,3,2,0,60,0
10,11,100,1,1100,11,2,0,0,20,0
10,11,100,11,11100,1111,3,0,0,40,0
10,11,100,111,111100,111111,4,0,0,60,0
10,11,101,1,1101,11,2,1,0,20,0
10,11,101,11,11101,1111,3,1,0,40,0
10,11,101,111,111101,111111,4,1,0,60,0
10,11,110,1,1110,11,3,0,0,20,0
10,11,110,11,11110,1111,4,0,0,40,0
10,11,110,111,111110,111111,5,0,0,60,0
10,111,0,1,10,111,1,0,0,30,0
10,111,0,11,110,111111,2,0,0,60,0
10,111,0,111,1110,111111111,3,0,0,90,0
10,111,00,1,100,111,1,0,0,30,0
10,111,00,11,1100,111111,2,0,0,60,0
10,111,00,111,11100,111111111,3,0,0,90,0
10,111,01,1,101,111,1,1,0,30,0
10,111,01,11,1101,111111,2,1,0,60,0
10,111,01,111,11101,111111111,3,1,0,90,0
10,111,10,1,110,111,2,0,0,30,0
10,111,10,11,1110,111111,3,0,0,60,0
10,111,10,111,11110,111111111,4,0,0,90,0
10,111,000,1,1000,111,1,0,0,30,0
10,111,000,11,11000,111111,2,0,0,60,0
10,111,000,111,111000,111111111,3,0,0,90,0
10,111,001,1,1001,111,1,1,0,30,0
10,111,001,11,11001,111111,2,1,0,60,0
10,111,001,111,111001,111111111,3,1,0,90,0
10,111,010,1,1010,111,1,0,1,30,0
10,111,010,11,11010,111111,2,0,1,60,0
10,111,010,111,111010,111111111,3,0,1,90,0
10,111,011,1,1011,111,1,2,0,30,0
10,111,011,11,11011,111111,2,2,0,60,0
10,111,011,111,111011,111111111,3,2,0,90,0
10,111,100,1,1100,111,2,0,0,30,0
10,111,100,11,11100,111111,3,0,0,60,0
10,111,100,111,111100,111111111,4,0,0,90,0
10,111,101,1,1101,111,2,1,0,30,0
10,111,101,11,11101,111111,3,1,0,60,0
10,111,101,111,111101,111111111,4,1,0,90,0
10,111,110,1,1110,111,3,0,0,30,0
10,111,110,11,11110,111111,4,0,0,60,0
10,111,110,111,111110,111111111,5,0,0,90,0
000,1,0,1,000,1,0,0,0,10,0
000,1,0,11,000,11,0,0,0,20,0
000,1,0,111,000,111,0,0,0,30,0
000,1,00,1,000000,1,0,0,0,10,0
000,1,00,11,000000,11,0,0,0,20,0
000,1,00,111,000000,111,0,0,0,30,0
000,1,01,1,010101,1,0,1,1,10,0
000,1,01,11,010101,11,0,1,1,20,0
000,1,01,111,010101,111,0,1,1,30,0
000,1,10,1,101010,1,1,0,1,10,0
000,1,10,11,101010,11,1,0,1,20,0
000,1,10,111,101010,111,1,0,1,30,0
000,1,000,1,000000000,1,0,0,0,10,0
000,1,000,11,000000000,11,0,0,0,20,0
000,1,000,111,000000000,111,0,0,0,30,0
000,1,001,1,001001001,1,0,1,1,10,0
000,1,001,11,001001001,11,0,1,1,20,0
000,1,001,111,001001001,111,0,1,1,30,0
000,1,010,1,010010010,1,0,0,1,9,1
000,1,010,11,010010010,11,0,0,1,19,1
000,1,010,111,010010010,111,0,0,1,29,1
000,1,011,1,011011011,1,0,2,2,10,0
000,1,011,11,011011011,11,0,2,2,20,0
000,1,011,111,011011011,111,0,2,2,30,0
000,1,100,1,100100100,1,1,0,1,10,0
000,1,100,11,100100100,11,1,0,1,20,0
000,1,100,111,100100100,111,1,0,1,30,0
000,1,101,1,101101101,1,1,1,2,10,0
000,1,101,11,101101101,11,1,1,2,20,0
000,1,101,111,101101101,111,1,1,2,30,0
000,1,110,1,110110110,1,2,0,2,10,0
000,1,110,11,110110110,11,2,0,2,20,0
000,1,110,111,110110110,111,2,0,2,30,0
000,11,0,1,000,11,0,0,0,20,0
000,11,0,11,000,1111,0,0,0,40,0
000,11,0,111,000,111111,0,0,0,60,0
000,11,00,1,000000,11,0,0,0,20,0
000,11,00,11,000000,1111,0,0,0,40,0
000,11,00,111,000000,111111,0,0,0,60,0
000,11,01,1,010101,11,0,1,1,20,0
000,11,01,11,010101,1111,0,1,1,40,0
000,11,01,111,010101,111111,0,1,1,60,0
000,11,10,1,101010,11,1,0,1,20,0
000,11,10,11,101010,1111,1,0,1,40,0
000,11,10,111,101010,111111,1,0,1,60,0
000,11,000,1,000000000,11,0,0,0,20,0
000,11,000,11,000000000,1111,0,0,0,40,0
000,11,000,111,000000000,111111,0,0,0,60,0
000,11,001,1,001001001,11,0,1,1,20,0
000,11,001,11,001001001,1111,0,1,1,40,0
000,11,001,111,001001001,111111,0,1,1,60,0
000,11,010,1,010010010,11,0,0,1,19,1
000,11,010,11,010010010,1111,0,0,1,39,1
000,11,010,111,010010010,111111,0,0,1,59,1
000,11,011,1,011011011,11,0,2,2,20,0
000,11,011,11,011011011,1111,0,2,2,40,0
000,11,011,111,011011011,111111,0,2,2,60,0
000,11,100,1,100100100,11,1,0,1,20,0
000,11,100,11,100100100,1111,1,0,1,40,0
000,11,100,111,100100100,111111,1,0,1,60,0
000,11,101,1,101101101,11,1,1,2,20,0
000,11,101,11,101101101,1111,1,1,2,40,0
000,11,101,111,101101101,111111,1,1,2,60,0
000,11,110,1,110110110,11,2,0,2,20,0
000,11,110,11,110110110,1111,2,0,2,40,0
000,11,110,111,110110110,111111,2,0,2,60,0
000,111,0,1,000,111,0,0,0,30,0
000,111,0,11,000,111111,0,0,0,60,0
000,111,0,111,000,111111111,0,0,0,90,0
000,111,00,1,000000,111,0,0,0,30,0
000,111,00,11,000000,111111,0,0,0,60,0
000,111,00,111,000000,111111111,0,0,0,90,0
000,111,01,1,010101,111,0,1,1,30,0
000,111,01,11,010101,111111,0,1,1,60,0
000,111,01,111,010101,111111111,0,1,1,90,0
000,111,10,1,101010,111,1,0,1,30,0
000,111,10,11,101010,111111,1,0,1,60,0
000,111,10,111,101010,111111111,1,0,1,90,0
000,111,000,1,000000000,111,0,0,0,30,0
000,111,000,11,000000000,111111,0,0,0,60,0
000,111,000,111,000000000,111111111,0,0,0,90,0
000,111,001,1,001001001,111,0,1,1,30,0
000,111,001,11,001001001,111111,0,1,1,60,0
000,111,001,111,001001001,111111111,0,1,1,90,0
000,111,010,1,010010010,111,0,0,1,29,1
000,111,010,11,010010010,111111,0,0,1,59,1
000,111,010,111,010010010,111111111,0,0,1,89,1
000,111,011,1,011011011,111,0,2,2,30,0
000,111,011,11,011011011,111111,0,2,2,60,0
000,111,011,111,011011011,111111111,0,2,2,90,0
000,111,100,1,100100100,111,1,0,1,30,0
000,111,100,11,100100100,111111,1,0,1,60,0
000,111,100,111,100100100,111111111,1,0,1,90,0
000,111,101,1,101101101,111,1,1,2,30,0
000,111,101,11,101101101,111111,1,1,2,60,0
000,111,101,111,101101101,111111111,1,1,2,90,0
000,111,110,1,110110110,111,2,0,2,30,0
000,111,110,11,110110110,111111,2,0,2,60,0
000,111,110,111,110110110,111111111,2,0,2,90,0
001,1,0,1,001,1,0,1,0,10,0
001,1,0,11,0011,11,0,2,0,20,0
001,1,0,111,00111,111,0,3,0,30,0
001,1,00,1,00001,1,0,1,0,10,0
001,1,00,11,000011,11,0,2,0,20,0
001,1,00,111,0000111,111,0,3,0,30,0
001,1,01,1,01011,1,0,2,1,10,0
001,1,01,11,010111,11,0,3,1,20,0
001,1,01,111,0101111,111,0,4,1,30,0
001,1,10,1,10101,1,1,1,1,10,0
001,1,10,11,101011,11,1,2,1,20,0
001,1,10,111,1010111,111,1,3,1,30,0
001,1,000,1,0000001,1,0,1,0,10,0
001,1,000,11,00000011,11,0,2,0,20,0
001,1,000,111,000000111,111,0,3,0,30,0
001,1,001,1,0010011,1,0,2,1,10,0
001,1,001,11,00100111,11,0,3,1,20,0
001,1,001,111,001001111,111,0,4,1,30,0
001,1,010,1,0100101,1,0,1,1,10,0
001,1,010,11,01001011,11,0,2,1,20,0
001,1,010,111,010010111,111,0,3,1,30,0
001,1,011,1,0110111,1,0,3,2,10,0
001,1,011,11,01101111,11,0,4,2,20,0
001,1,011,111,011011111,111,0,5,2,30,0
001,1,100,1,1001001,1,1,1,1,10,0
001,1,100,11,10010011,11,1,2,1,20,0
001,1,100,111,100100111,111,1,3,1,30,0
001,1,101,1,1011011,1,1,2,2,10,0
001,1,101,11,10110111,11,1,3,2,20,0
001,1,101,111,101101111,111,1,4,2,30,0
001,1,110,1,1101101,1,2,1,2,10,0
001,1,110,11,11011011,11,2,2,2,20,0
001,1,110,111,110110111,111,2,3,2,30,0
001,11,0,1,001,11,0,1,0,20,0
001,11,0,11,0011,1111,0,2,0,40,0
001,11,0,111,00111,111111,0,3,0,60,0
001,11,00,1,00001,11,0,1,0,20,0
001,11,00,11,000011,1111,0,2,0,40,0
001,11,00,111,0000111,111111,0,3,0,60,0
001,11,01,1,01011,11,0,2,1,20,0
001,11,01,11,010111,1111,0,3,1,40,0
001,11,01,111,0101111,111111,0,4,1,60,0
001,11,10,1,10101,11,1,1,1,20,0
001,11,10,11,101011,1111,1,2,1,40,0
001,11,10,111,1010111,111111,1,3,1,60,0
001,11,000,1,0000001,11,0,1,0,20,0
001,11,000,11,00000011,1111,0,2,0,40,0
001,11,000,111,000000111,111111,0,3,0,60,0
001,11,001,1,0010011,11,0,2,1,20,0
001,11,001,11,00100111,1111,0,3,1,40,0
001,11,001,111,001001111,111111,0,4,1,60,0
001,11,010,1,0100101,11,0,1,1,20,0
001,11,010,11,01001011,1111,0,2,1,40,0
001,11,010,111,010010111,111111,0,3,1,60,0
001,11,011,1,0110111,11,0,3,2,20,0
001,11,011,11,01101111,1111,0,4,2,40,0
001,11,011,111,011011111,111111,0,5,2,60,0
001,11,100,1,1001001,11,1,1,1,20,0
001,11,100,11,10010011,1111,1,2,1,40,0
001,11,100,111,100100111,111111,1,3,1,60,0
001,11,101,1,1011011,11,1,2,2,20,0
001,11,101,11,10110111,1111,1,3,2,40,0
001,11,101,111,101101111,111111,1,4,2,60,0
001,11,110,1,1101101,11,2,1,2,20,0
001,11,110,11,11011011,1111,2,2,2,40,0
001,11,110,111,110110111,111111,2,3,2,60,0
001,111,0,1,001,111,0,1,0,30,0
001,111,0,11,0011,111111,0,2,0,60,0
001,111,0,111,00111,111111111,0,3,0,90,0
001,111,00,1,00001,111,0,1,0,30,0
001,111,00,11,000011,111111,0,2,0,60,0
001,111,00,111,0000111,111111111,0,3,0,90,0
001,111,01,1,01011,111,0,2,1,30,0
001,111,01,11,010111,111111,0,3,1,60,0
001,111,01,111,0101111,111111111,0,4,1,90,0
001,111,10,1,10101,111,1,1,1,30,0
001,111,10,11,101011,111111,1,2,1,60,0
001,111,10,111,1010111,111111111,1,3,1,90,0
001,111,000,1,0000001,111,0,1,0,30,0
001,111,000,11,00000011,111111,0,2,0,60,0
001,111,000,111,000000111,111111111,0,3,0,90,0
001,111,001,1,0010011,111,0,2,1,30,0
001,111,001,11,00100111,111111,0,3,1,60,0
001,111,001,111,001001111,111111111,0,4,1,90,0
001,111,010,1,0100101,111,0,1,1,30,0
001,111,010,11,01001011,111111,0,2,1,60,0
001,111,010,111,010010111,111111111,0,3,1,90,0
001,111,011,1,0110111,111,0,3,2,30,0
001,111,011,11,01101111,111111,0,4,2,60,0
001,111,011,111,011011111,111111111,0,5,2,90,0
001,111,100,1,1001001,111,1,1,1,30,0
001,111,100,11,10010011,111111,1,2,1,60,0
001,111,100,111,100100111,111111111,1,3,1,90,0
001,111,101,1,1011011,111,1,2,2,30,0
001,111,101,11,10110111,111111,1,3,2,60,0
001,111,101,111,101101111,111111111,1,4,2,90,0
001,111,110,1,1101101,111,2,1,2,30,0
001,111,110,11,11011011,111111,2,2,2,60,0
001,111,110,111,110110111,111111111,2,3,2,90,0
010,1,0,1,010,1,0,0,1,9,1
010,1,0,11,0110,11,0,0,2,18,2
010,1,0,111,01110,111,0,0,3,27,3
010,1,00,1,00100,1,0,0,1,9,1
010,1,00,11,001100,11,0,0,2,18,2
010,1,00,111,0011100,111,0,0,3,27,3
010,1,01,1,01101,1,0,1,2,9,1
010,1,01,11,011101,11,0,1,3,18,2
010,1,01,111,0111101,111,0,1,4,27,3
010,1,10,1,10110,1,1,0,2,9,1
010,1,10,11,101110,11,1,0,3,18,2
010,1,10,111,1011110,111,1,0,4,27,3
010,1,000,1,0001000,1,0,0,1,9,1
010,1,000,11,00011000,11,0,0,2,18,2
010,1,000,111,000111000,111,0,0,3,27,3
010,1,001,1,0011001,1,0,1,2,9,1
010,1,001,11,00111001,11,0,1,3,18,2
010,1,001,111,001111001,111,0,1,4,27,3
010,1,010,1,0101010,1,0,0,1,9,1
010,1,010,11,01011010,11,0,0,2,18,2
010,1,010,111,010111010,111,0,0,3,27,3
010,1,011,1,0111011,1,0,2,3,9,1
010,1,011,11,01111011,11,0,2,4,18,2
010,1,011,111,011111011,111,0,2,5,27,3
010,1,100,1,1001100,1,1,0,2,9,1
010,1,100,11,10011100,11,1,0,3,18,2
010,1,100,111,100111100,111,1,0,4,27,3
010,1,101,1,1011101,1,1,1,3,9,1
010,1,101,11,10111101,11,1,1,4,18,2
010,1,101,111,101111101,111,1,1,5,27,3
010,1,110,1,1101110,1,2,0,3,9,1
010,1,110,11,11011110,11,2,0,4,18,2
010,1,110,111,110111110,111,2,0,5,27,3
010,11,0,1,010,11,0,0,1,19,1
010,11,0,11,0110,1111,0,0,2,38,2
010,11,0,111,01110,111111,0,0,3,57,3
010,11,00,1,00100,11,0,0,1,19,1
010,11,00,11,001100,1111,0,0,2,38,2
010,11,00,111,0011100,111111,0,0,3,57,3
010,11,01,1,01101,11,0,1,2,19,1
010,11,01,11,011101,1111,0,1,3,38,2
010,11,01,111,0111101,111111,0,1,4,57,3
010,11,10,1,10110,11,1,0,2,19,1
010,11,10,11,101110,1111,1,0,3,38,2
010,11,10,111,1011110,111111,1,0,4,57,3
010,11,000,1,0001000,11,0,0,1,19,1
010,11,000,11,00011000,1111,0,0,2,38,2
010,11,000,111,000111000,111111,0,0,3,57,3
010,11,001,1,0011001,11,0,1,2,19,1
010,11,001,11,00111001,1111,0,1,3,38,2
010,11,001,111,001111001,111111,0,1,4,57,3
010,11,010,1,0101010,11,0,0,1,19,1
010,11,010,11,01011010,1111,0,0,2,38,2
010,11,010,111,010111010,111111,0,0,3,57,3
010,11,011,1,0111011,11,0,2,3,19,1
010,11,011,11,01111011,1111,0,2,4,38,2
010,11,011,111,011111011,111111,0,2,5,57,3
010,11,100,1,1001100,11,1,0,2,19,1
010,11,100,11,10011100,1111,1,0,3,38,2
010,11,100,111,100111100,111111,1,0,4,57,3
010,11,101,1,1011101,11,1,1,3,19,1
010,11,101,11,10111101,1111,1,1,4,38,2
010,11,101,111,101111101,111111,1,1,5,57,3
010,11,110,1,1101110,11,2,0,3,19,1
010,11,110,11,11011110,1111,2,0,4,38,2
010,11,110,111,110111110,111111,2,0,5,57,3
010,111,0,1,010,111,0,0,1,29,1
010,111,0,11,0110,111111,0,0,2,58,2
010,111,0,111,01110,111111111,0,0,3,87,3
010,111,00,1,00100,111,0,0,1,29,1
010,111,00,11,001100,111111,0,0,2,58,2
010,111,00,111,0011100,111111111,0,0,3,87,3
010,111,01,1,01101,111,0,1,2,29,1
010,111,01,11,011101,111111,0,1,3,58,2
010,111,01,111,0111101,111111111,0,1,4,87,3
010,111,10,1,10110,111,1,0,2,29,1
010,111,10,11,101110,111111,1,0,3,58,2
010,111,10,111,1011110,111111111,1,0,4,87,3
010,111,000,1,0001000,111,0,0,1,29,1
010,111,000,11,00011000,111111,0,0,2,58,2
010,111,000,111,000111000,111111111,0,0,3,87,3
010,111,001,1,0011001,111,0,1,2,29,1
010,111,001,11,00111001,111111,0,1,3,58,2
010,111,001,111,001111001,111111111,0,1,4,87,3
010,111,010,1,0101010,111,0,0,1,29,1
010,111,010,11,01011010,111111,0,0,2,58,2
010,111,010,111,010111010,111111111,0,0,3,87,3
010,111,011,1,0111011,111,0,2,3,29,1
010,111,011,11,01111011,111111,0,2,4,58,2
010,111,011,111,011111011,111111111,0,2,5,87,3
010,111,100,1,1001100,111,1,0,2,29,1
010,111,100,11,10011100,111111,1,0,3,58,2
010,111,100,111,100111100,111111111,1,0,4,87,3
010,111,101,1,1011101,111,1,1,3,29,1
010,111,101,11,10111101,111111,1,1,4,58,2
010,111,101,111,101111101,111111111,1,1,5,87,3
010,111,110,1,1101110,111,2,0,3,29,1
010,111,110,11,11011110,111111,2,0,4,58,2
010,111,110,111,110111110,111111111,2,0,5,87,3
011,1,0,1,011,1,0,2,0,10,0
011,1,0,11,01111,11,0,4,0,20,0
011,1,0,111,0111111,111,0,6,0,30,0
011,1,00,1,0011,1,0,2,0,10,0
011,1,00,11,001111,11,0,4,0,20,0
011,1,00,111,00111111,111,0,6,0,30,0
011,1,01,1,0111,1,0,3,0,10,0
011,1,01,11,011111,11,0,5,0,20,0
011,1,01,111,01111111,111,0,7,0,30,0
011,1,10,1,1011,1,1,2,0,10,0
011,1,10,11,101111,11,1,4,0,20,0
011,1,10,111,10111111,111,1,6,0,30,0
011,1,000,1,00011,1,0,2,0,10,0
011,1,000,11,0001111,11,0,4,0,20,0
011,1,000,111,000111111,111,0,6,0,30,0
011,1,001,1,00111,1,0,3,0,10,0
011,1,001,11,0011111,11,0,5,0,20,0
011,1,001,111,001111111,111,0,7,0,30,0
011,1,010,1,01011,1,0,2,1,10,0
011,1,010,11,0101111,11,0,4,1,20,0
011,1,010,111,010111111,111,0,6,1,30,0
011,1,011,1,01111,1,0,4,0,10,0
011,1,011,11,0111111,11,0,6,0,20,0
011,1,011,111,011111111,111,0,8,0,30,0
011,1,100,1,10011,1,1,2,0,10,0
011,1,100,11,1001111,11,1,4,0,20,0
011,1,100,111,100111111,111,1,6,0,30,0
011,1,101,1,10111,1,1,3,0,10,0
011,1,101,11,1011111,11,1,5,0,20,0
011,1,101,111,101111111,111,1,7,0,30,0
011,1,110,1,11011,1,2,2,0,10,0
011,1,110,11,1101111,11,2,4,0,20,0
011,1,110,111,110111111,111,2,6,0,30,0
011,11,0,1,011,11,0,2,0,20,0
011,11,0,11,01111,1111,0,4,0,40,0
011,11,0,111,0111111,111111,0,6,0,60,0
011,11,00,1,0011,11,0,2,0,20,0
011,11,00,11,001111,1111,0,4,0,40,0
011,11,00,111,00111111,111111,0,6,0,60,0
011,11,01,1,0111,11,0,3,0,20,0
011,11,01,11,011111,1111,0,5,0,40,0
011,11,01,111,01111111,111111,0,7,0,60,0
011,11,10,1,1011,11,1,2,0,20,0
011,11,10,11,101111,1111,1,4,0,40,0
011,11,10,111,10111111,111111,1,6,0,60,0
011,11,000,1,00011,11,0,2,0,20,0
011,11,000,11,0001111,1111,0,4,0,40,0
011,11,000,111,000111111,111111,0,6,0,60,0
011,11,001,1,00111,11,0,3,0,20,0
011,11,001,11,0011111,1111,0,5,0,40,0
011,11,001,111,001111111,111111,0,7,0,60,0
011,11,010,1,01011,11,0,2,1,20,0
011,11,010,11,0101111,1111,0,4,1,40,0
011,11,010,111,010111111,111111,0,6,1,60,0
011,11,011,1,01111,11,0,4,0,20,0
011,11,011,11,0111111,1111,0,6,0,40,0
011,11,011,111,011111111,111111,0,8,0,60,0
011,11,100,1,10011,11,1,2,0,20,0
011,11,100,11,1001111,1111,1,4,0,40,0
011,11,100,111,100111111,111111,1,6,0,60,0
011,11,101,1,10111,11,1,3,0,20,0
011,11,101,11,1011111,1111,1,5,0,40,0
011,11,101,111,101111111,111111,1,7,0,60,0
011,11,110,1,11011,11,2,2,0,20,0
011,11,110,11,1101111,1111,2,4,0,40,0
011,11,110,111,110111111,111111,2,6,0,60,0
011,111,0,1,011,111,0,2,0,30,0
011,111,0,11,01111,111111,0,4,0,60,0
011,111,0,111,0111111,111111111,0,6,0,90,0
011,111,00,1,0011,111,0,2,0,30,0
011,111,00,11,001111,111111,0,4,0,60,0
011,111,00,111,00111111,111111111,0,6,0,90,0
011,111,01,1,0111,111,0,3,0,30,0
011,111,01,11,011111,111111,0,5,0,60,0
011,111,01,111,01111111,111111111,0,7,0,90,0
011,111,10,1,1011,111,1,2,0,30,0
011,111,10,11,101111,111111,1,4,0,60,0
011,111,10,111,10111111,111111111,1,6,0,90,0
011,111,000,1,00011,111,0,2,0,30,0
011,111,000,11,0001111,111111,0,4,0,60,0
011,111,000,111,000111111,111111111,0,6,0,90,0
011,111,001,1,00111,111,0,3,0,30,0
011,111,001,11,0011111,111111,0,5,0,60,0
011,111,001,111,001111111,111111111,0,7,0,90,0
011,111,010,1,01011,111,0,2,1,30,0
011,111,010,11,0101111,111111,0,4,1,60,0
011,111,010,111,010111111,111111111,0,6,1,90,0
011,111,011,1,01111,111,0,4,0,30,0
011,111,011,11,0111111,111111,0,6,0,60,0
011,111,011,111,011111111,111111111,0,8,0,90,0
011,111,100,1,10011,111,1,2,0,30,0
011,111,100,11,1001111,111111,1,4,0,60,0
011,111,100,111,100111111,111111111,1,6,0,90,0
011,111,101,1,10111,111,1,3,0,30,0
011,111,101,11,1011111,111111,1,5,0,60,0
011,111,101,111,101111111,111111111,1,7,0,90,0
011,111,110,1,11011,111,2,2,0,30,0
011,111,110,11,1101111,111111,2,4,0,60,0
011,111,110,111,110111111,111111111,2,6,0,90,0
100,1,0,1,100,1,1,0,0,10,0
100,1,0,11,1100,11,2,0,0,20,0
100,1,0,111,11100,111,3,0,0,30,0
100,1,00,1,10000,1,1,0,0,10,0
100,1,00,11,110000,11,2,0,0,20,0
100,1,00,111,1110000,111,3,0,0,30,0
100,1,01,1,10101,1,1,1,1,10,0
100,1,01,11,110101,11,2,1,1,20,0
100,1,01,111,1110101,111,3,1,1,30,0
100,1,10,1,11010,1,2,0,1,10,0
100,1,10,11,111010,11,3,0,1,20,0
100,1,10,111,1111010,111,4,0,1,30,0
100,1,000,1,1000000,1,1,0,0,10,0
100,1,000,11,11000000,11,2,0,0,20,0
100,1,000,111,111000000,111,3,0,0,30,0
100,1,001,1,1001001,1,1,1,1,10,0
100,1,001,11,11001001,11,2,1,1,20,0
100,1,001,111,111001001,111,3,1,1,30,0
100,1,010,1,1010010,1,1,0,1,10,0
100,1,010,11,11010010,11,2,0,1,20,0
100,1,010,111,111010010,111,3,0,1,30,0
100,1,011,1,1011011,1,1,2,2,10,0
100,1,011,11,11011011,11,2,2,2,20,0
100,1,011,111,111011011,111,3,2,2,30,0
100,1,100,1,1100100,1,2,0,1,10,0
100,1,100,11,11100100,11,3,0,1,20,0
100,1,100,111,111100100,111,4,0,1,30,0
100,1,101,1,1101101,1,2,1,2,10,0
100,1,101,11,11101101,11,3,1,2,20,0
100,1,101,111,111101101,111,4,1,2,30,0
100,1,110,1,1110110,1,3,0,2,10,0
100,1,110,11,11110110,11,4,0,2,20,0
100,1,110,111,111110110,111,5,0,2,30,0
100,11,0,1,100,11,1,0,0,20,0
100,11,0,11,1100,1111,2,0,0,40,0
100,11,0,111,11100,111111,3,0,0,60,0
100,11,00,1,10000,11,1,0,0,20,0
100,11,00,11,110000,1111,2,0,0,40,0
100,11,00,111,1110000,111111,3,0,0,60,0
100,11,01,1,10101,11,1,1,1,20,0
100,11,01,11,110101,1111,2,1,1,40,0
100,11,01,111,1110101,111111,3,1,1,60,0
100,11,10,1,11010,11,2,0,1,20,0
100,11,10,11,111010,1111,3,0,1,40,0
100,11,10,111,1111010,111111,4,0,1,60,0
100,11,000,1,1000000,11,1,0,0,20,0
100,11,000,11,11000000,1111,2,0,0,40,0
100,11,000,111,111000000,111111,3,0,0,60,0
100,11,001,1,1001001,11,1,1,1,20,0
100,11,001,11,11001001,1111,2,1,1,40,0
100,11,001,111,111001001,111111,3,1,1,60,0
100,11,010,1,1010010,11,1,0,1,20,0
100,11,010,11,11010010,1111,2,0,1,40,0
100,11,010,111,111010010,111111,3,0,1,60,0
100,11,011,1,1011011,11,1,2,2,20,0
100,11,011,11,11011011,1111,2,2,2,40,0
100,11,011,111,111011011,111111,3,2,2,60,0
100,11,100,1,1100100,11,2,0,1,20,0
100,11,100,11,11100100,1111,3,0,1,40,0
100,11,100,111,111100100,111111,4,0,1,60,0
100,11,101,1,1101101,11,2,1,2,20,0
100,11,101,11,11101101,1111,3,1,2,40,0
100,11,101,111,111101101,111111,4,1,2,60,0
100,11,110,1,1110110,11,3,0,2,20,0
100,11,110,11,11110110,1111,4,0,2,40,0
100,11,110,111,111110110,111111,5,0,2,60,0
100,111,0,1,100,111,1,0,0,30,0
100,111,0,11,1100,111111,2,0,0,60,0
100,111,0,111,11100,111111111,3,0,0,90,0
100,111,00,1,10000,111,1,0,0,30,0
100,111,00,11,110000,111111,2,0,0,60,0
100,111,00,111,1110000,111111111,3,0,0,90,0
100,111,01,1,10101,111,1,1,1,30,0
100,111,01,11,110101,111111,2,1,1,60,0
100,111,01,111,1110101,111111111,3,1,1,90,0
100,111,10,1,11010,111,2,0,1,30,0
100,111,10,11,111010,111111,3,0,1,60,0
100,111,10,111,1111010,111111111,4,0,1,90,0
100,111,000,1,1000000,111,1,0,0,30,0
100,111,000,11,11000000,111111,2,0,0,60,0
100,111,000,111,111000000,111111111,3,0,0,90,0
100,111,001,1,1001001,111,1,1,1,30,0
100,111,001,11,11001001,111111,2,1,1,60,0
100,111,001,111,111001001,111111111,3,1,1,90,0
100,111,010,1,1010010,111,1,0,1,30,0
100,111,010,11,11010010,111111,2,0,1,60,0
100,111,010,111,111010010,111111111,3,0,1,90,0
100,111,011,1,1011011,111,1,2,2,30,0
100,111,011,11,11011011,111111,2,2,2,60,0
100,111,011,111,111011011,111111111,3,2,2,90,0
100,111,100,1,1100100,111,2,0,1,30,0
100,111,100,11,11100100,111111,3,0,1,60,0
100,111,100,111,111100100,111111111,4,0,1,90,0
100,111,101,1,1101101,111,2,1,2,30,0
100,111,101,11,11101101,111111,3,1,2,60,0
100,111,101,111,111101101,111111111,4,1,2,90,0
100,111,110,1,1110110,111,3,0,2,30,0
100,111,110,11,11110110,111111,4,0,2,60,0
100,111,110,111,111110110,111111111,5,0,2,90,0
101,1,0,1,101,1,1,1,0,10,0
101,1,0,11,11011,11,2,2,0,20,0
101,1,0,111,1110111,111,3,3,0,30,0
101,1,00,1,1001,1,1,1,0,10,0
101,1,00,11,110011,11,2,2,0,20,0
101,1,00,111,11100111,111,3,3,0,30,0
101,1,01,1,1011,1,1,2,0,10,0
101,1,01,11,110111,11,2,3,0,20,0
101,1,01,111,11101111,111,3,4,0,30,0
101,1,10,1,1101,1,2,1,0,10,0
101,1,10,11,111011,11,3,2,0,20,0
101,1,10,111,11110111,111,4,3,0,30,0
101,1,000,1,10001,1,1,1,0,10,0
101,1,000,11,1100011,11,2,2,0,20,0
101,1,000,111,111000111,111,3,3,0,30,0
101,1,001,1,10011,1,1,2,0,10,0
101,1,001,11,1100111,11,2,3,0,20,0
101,1,001,111,111001111,111,3,4,0,30,0
101,1,010,1,10101,1,1,1,1,10,0
101,1,010,11,1101011,11,2,2,1,20,0
101,1,010,111,111010111,111,3,3,1,30,0
101,1,011,1,10111,1,1,3,0,10,0
101,1,011,11,1101111,11,2,4,0,20,0
101,1,011,111,111011111,111,3,5,0,30,0
101,1,100,1,11001,1,2,1,0,10,0
101,1,100,11,1110011,11,3,2,0,20,0
101,1,100,111,111100111,111,4,3,0,30,0
101,1,101,1,11011,1,2,2,0,10,0
101,1,101,11,1110111,11,3,3,0,20,0
101,1,101,111,111101111,111,4,4,0,30,0
101,1,110,1,11101,1,3,1,0,10,0
101,1,110,11,1111011,11,4,2,0,20,0
101,1,110,111,111110111,111,5,3,0,30,0
101,11,0,1,101,11,1,1,0,20,0
101,11,0,11,11011,1111,2,2,0,40,0
101,11,0,111,1110111,111111,3,3,0,60,0
101,11,00,1,1001,11,1,1,0,20,0
101,11,00,11,110011,1111,2,2,0,40,0
101,11,00,111,11100111,111111,3,3,0,60,0
101,11,01,1,1011,11,1,2,0,20,0
101,11,01,11,110111,1111,2,3,0,40,0
101,11,01,111,11101111,111111,3,4,0,60,0
101,11,10,1,1101,11,2,1,0,20,0
101,11,10,11,111011,1111,3,2,0,40,0
101,11,10,111,11110111,111111,4,3,0,60,0
101,11,000,1,10001,11,1,1,0,20,0
101,11,000,11,1100011,1111,2,2,0,40,0
101,11,000,111,111000111,111111,3,3,0,60,0
101,11,001,1,10011,11,1,2,0,20,0
101,11,001,11,1100111,1111,2,3,0,40,0
101,11,001,111,111001111,111111,3,4,0,60,0
101,11,010,1,10101,11,1,1,1,20,0
101,11,010,11,1101011,1111,2,2,1,40,0
101,11,010,111,111010111,111111,3,3,1,60,0
101,11,011,1,10111,11,1,3,0,20,0
101,11,011,11,1101111,1111,2,4,0,40,0
101,11,011,111,111011111,111111,3,5,0,60,0
101,11,100,1,11001,11,2,1,0,20,0
101,11,100,11,1110011,1111,3,2,0,40,0
101,11,100,111,111100111,111111,4,3,0,60,0
101,11,101,1,11011,11,2,2,0,20,0
101,11,101,11,1110111,1111,3,3,0,40,0
101,11,101,111,111101111,111111,4,4,0,60,0
101,11,110,1,11101,11,3,1,0,20,0
101,11,110,11,1111011,1111,4,2,0,40,0
101,11,110,111,111110111,111111,5,3,0,60,0
101,111,0,1,101,111,1,1,0,30,0
101,111,0,11,11011,111111,2,2,0,60,0
101,111,0,111,1110111,111111111,3,3,0,90,0
101,111,00,1,1001,111,1,1,0,30,0
101,111,00,11,110011,111111,2,2,0,60,0
101,111,00,111,11100111,111111111,3,3,0,90,0
101,111,01,1,1011,111,1,2,0,30,0
101,111,01,11,110111,111111,2,3,0,60,0
101,111,01,111,11101111,111111111,3,4,0,90,0
101,111,10,1,1101,111,2,1,0,30,0
101,111,10,11,111011,111111,3,2,0,60,0
101,111,10,111,11110111,111111111,4,3,0,90,0
101,111,000,1,10001,111,1,1,0,30,0
101,111,000,11,1100011,111111,2,2,0,60,0
101,111,000,111,111000111,111111111,3,3,0,90,0
101,111,001,1,10011,111,1,2,0,30,0
101,111,001,11,1100111,111111,2,3,0,60,0
101,111,001,111,111001111,111111111,3,4,0,90,0
101,111,010,1,10101,111,1,1,1,30,0
101,111,010,11,1101011,111111,2,2,1,60,0
101,111,010,111,111010111,111111111,3,3,1,90,0
101,111,011,1,10111,111,1,3,0,30,0
101,111,011,11,1101111,111111,2,4,0,60,0
101,111,011,111,111011111,111111111,3,5,0,90,0
101,111,100,1,11001,111,2,1,0,30,0
101,111,100,11,1110011,111111,3,2,0,60,0
101,111,100,111,111100111,111111111,4,3,0,90,0
101,111,101,1,11011,111,2,2,0,30,0
101,111,101,11,1110111,111111,3,3,0,60,0
101,111,101,111,111101111,111111111,4,4,0,90,0
101,111,110,1,11101,111,3,1,0,30,0
101,111,110,11,1111011,111111,4,2,0,60,0
101,111,110,111,111110111,111111111,5,3,0,90,0
110,1,0,1,110,1,2,0,0,10,0
110,1,0,11,11110,11,4,0,0,20,0
110,1,0,111,1111110,111,6,0,0,30,0
110,1,00,1,1100,1,2,0,0,10,0
110,1,00,11,111100,11,4,0,0,20,0
110,1,00,111,11111100,111,6,0,0,30,0
110,1,01,1,1101,1,2,1,0,10,0
110,1,01,11,111101,11,4,1,0,20,0
110,1,01,111,11111101,111,6,1,0,30,0
110,1,10,1,1110,1,3,0,0,10,0
110,1,10,11,111110,11,5,0,0,20,0
110,1,10,111,11111110,111,7,0,0,30,0
110,1,000,1,11000,1,2,0,0,10,0
110,1,000,11,1111000,11,4,0,0,20,0
110,1,000,111,111111000,111,6,0,0,30,0
110,1,001,1,11001,1,2,1,0,10,0
110,1,001,11,1111001,11,4,1,0,20,0
110,1,001,111,111111001,111,6,1,0,30,0
110,1,010,1,11010,1,2,0,1,10,0
110,1,010,11,1111010,11,4,0,1,20,0
110,1,010,111,111111010,111,6,0,1,30,0
110,1,011,1,11011,1,2,2,0,10,0
110,1,011,11,1111011,11,4,2,0,20,0
110,1,011,111,111111011,111,6,2,0,30,0
110,1,100,1,11100,1,3,0,0,10,0
110,1,100,11,1111100,11,5,0,0,20,0
110,1,100,111,111111100,111,7,0,0,30,0
110,1,101,1,11101,1,3,1,0,10,0
110,1,101,11,1111101,11,5,1,0,20,0
110,1,101,111,111111101,111,7,1,0,30,0
110,1,110,1,11110,1,4,0,0,10,0
110,1,110,11,1111110,11,6,0,0,20,0
110,1,110,111,111111110,111,8,0,0,30,0
110,11,0,1,110,11,2,0,0,20,0
110,11,0,11,11110,1111,4,0,0,40,0
110,11,0,111,1111110,111111,6,0,0,60,0
110,11,00,1,1100,11,2,0,0,20,0
110,11,00,11,111100,1111,4,0,0,40,0
110,11,00,111,11111100,111111,6,0,0,60,0
110,11,01,1,1101,11,2,1,0,20,0
110,11,01,11,111101,1111,4,1,0,40,0
110,11,01,111,11111101,111111,6,1,0,60,0
110,11,10,1,1110,11,3,0,0,20,0
110,11,10,11,111110,1111,5,0,0,40,0
110,11,10,111,11111110,111111,7,0,0,60,0
110,11,000,1,11000,11,2,0,0,20,0
110,11,000,11,1111000,1111,4,0,0,40,0
110,11,000,111,111111000,111111,6,0,0,60,0
110,11,001,1,11001,11,2,1,0,20,0
110,11,001,11,1111001,1111,4,1,0,40,0
110,11,001,111,111111001,111111,6,1,0,60,0
110,11,010,1,11010,11,2,0,1,20,0
110,11,010,11,1111010,1111,4,0,1,40,0
110,11,010,111,111111010,111111,6,0,1,60,0
110,11,011,1,11011,11,2,2,0,20,0
110,11,011,11,1111011,1111,4,2,0,40,0
110,11,011,111,111111011,111111,6,2,0,60,0
110,11,100,1,11100,11,3,0,0,20,0
110,11,100,11,1111100,1111,5,0,0,40,0
110,11,100,111,111111100,111111,7,0,0,60,0
110,11,101,1,11101,11,3,1,0,20,0
110,11,101,11,1111101,1111,5,1,0,40,0
110,11,101,111,111111101,111111,7,1,0,60,0
110,11,110,1,11110,11,4,0,0,20,0
110,11,110,11,1111110,1111,6,0,0,40,0
110,11,110,111,111111110,111111,8,0,0,60,0
110,111,0,1,110,111,2,0,0,30,0
110,111,0,11,11110,111111,4,0,0,60,0
110,111,0,111,1111110,111111111,6,0,0,90,0
110,111,00,1,1100,111,2,0,0,30,0
110,111,00,11,111100,111111,4,0,0,60,0
110,111,00,111,11111100,111111111,6,0,0,90,0
110,111,01,1,1101,111,2,1,0,30,0
110,111,01,11,111101,111111,4,1,0,60,0
110,111,01,111,11111101,111111111,6,1,0,90,0
110,111,10,1,1110,111,3,0,0,30,0
110,111,10,11,111110,111111,5,0,0,60,0
110,111,10,111,11111110,111111111,7,0,0,90,0
110,111,000,1,11000,111,2,0,0,30,0
110,111,000,11,1111000,111111,4,0,0,60,0
110,111,000,111,111111000,111111111,6,0,0,90,0
110,111,001,1,11001,111,2,1,0,30,0
110,111,001,11,1111001,111111,4,1,0,60,0
110,111,001,111,111111001,111111111,6,1,0,90,0
110,111,010,1,11010,111,2,0,1,30,0
110,111,010,11,1111010,111111,4,0,1,60,0
110,111,010,111,111111010,111111111,6,0,1,90,0
110,111,011,1,11011,111,2,2,0,30,0
110,111,011,11,1111011,111111,4,2,0,60,0
110,111,011,111,111111011,111111111,6,2,0,90,0
110,111,100,1,11100,111,3,0,0,30,0
110,111,100,11,1111100,111111,5,0,0,60,0
110,111,100,111,111111100,111111111,7,0,0,90,0
110,111,101,1,11101,111,3,1,0,30,0
110,111,101,11,1111101,111111,5,1,0,60,0
110,111,101,111,111111101,111111111,7,1,0,90,0
110,111,110,1,11110,111,4,0,0,30,0
110,111,110,11,1111110,111111,6,0,0,60,0
110,111,110,111,111111110,111111111,8,0,0,90,0
