model,bound,vertices,edges,live_vertices,initial_0_live,initial_1_live,certificate_valid
m017,0,2,2,2,1,1,1
m017,1,8,8,8,1,1,1
m017,2,18,18,18,1,1,1
m017,3,32,32,32,1,1,1
m018,0,2,2,2,1,1,1
m018,1,8,8,8,1,1,1
m018,2,18,18,18,1,1,1
m018,3,32,32,32,1,1,1
m019,0,2,3,2,1,1,1
m019,1,8,12,8,1,1,1
m019,2,18,27,18,1,1,1
m019,3,32,48,32,1,1,1
m020,0,2,2,2,1,1,1
m020,1,8,8,8,1,1,1
m020,2,18,18,18,1,1,1
m020,3,32,32,32,1,1,1
m021,0,2,1,0,0,0,1
m021,1,8,8,7,1,1,1
m021,2,18,21,17,1,1,1
m021,3,32,40,31,1,1,1
m022,0,2,1,0,0,0,1
m022,1,8,8,7,1,1,1
m022,2,18,21,17,1,1,1
m022,3,32,40,31,1,1,1
m023,0,2,1,0,0,0,1
m023,1,8,10,7,1,1,1
m023,2,18,27,17,1,1,1
m023,3,32,52,31,1,1,1
m024,0,2,2,2,1,1,1
m024,1,8,8,8,1,1,1
m024,2,18,18,18,1,1,1
m024,3,32,32,32,1,1,1
m025,0,2,1,0,0,0,1
m025,1,8,8,7,1,1,1
m025,2,18,21,17,1,1,1
m025,3,32,40,31,1,1,1
m026,0,2,1,0,0,0,1
m026,1,8,8,7,1,1,1
m026,2,18,21,17,1,1,1
m026,3,32,40,31,1,1,1
m027,0,2,1,0,0,0,1
m027,1,8,10,7,1,1,1
m027,2,18,27,17,1,1,1
m027,3,32,52,31,1,1,1
m028,0,2,3,2,1,1,1
m028,1,8,12,8,1,1,1
m028,2,18,27,18,1,1,1
m028,3,32,48,32,1,1,1
m029,0,2,1,0,0,0,1
m029,1,8,10,7,1,1,1
m029,2,18,27,17,1,1,1
m029,3,32,52,31,1,1,1
m030,0,2,1,0,0,0,1
m030,1,8,10,7,1,1,1
m030,2,18,27,17,1,1,1
m030,3,32,52,31,1,1,1
m031,0,2,1,0,0,0,1
m031,1,8,12,7,1,1,1
m031,2,18,33,17,1,1,1
m031,3,32,64,31,1,1,1
m033,0,2,2,2,1,1,1
m033,1,8,8,8,1,1,1
m033,2,18,18,18,1,1,1
m033,3,32,32,32,1,1,1
m034,0,2,2,2,1,1,1
m034,1,8,8,8,1,1,1
m034,2,18,18,18,1,1,1
m034,3,32,32,32,1,1,1
m035,0,2,3,2,1,1,1
m035,1,8,12,8,1,1,1
m035,2,18,27,18,1,1,1
m035,3,32,48,32,1,1,1
m036,0,2,2,2,1,1,1
m036,1,8,8,8,1,1,1
m036,2,18,18,18,1,1,1
m036,3,32,32,32,1,1,1
m037,0,2,1,1,0,1,1
m037,1,8,8,7,1,1,1
m037,2,18,21,17,1,1,1
m037,3,32,40,31,1,1,1
m038,0,2,1,1,0,1,1
m038,1,8,8,7,1,1,1
m038,2,18,21,17,1,1,1
m038,3,32,40,31,1,1,1
m039,0,2,1,1,0,1,1
m039,1,8,10,7,1,1,1
m039,2,18,27,17,1,1,1
m039,3,32,52,31,1,1,1
m040,0,2,2,2,1,1,1
m040,1,8,8,8,1,1,1
m040,2,18,18,18,1,1,1
m040,3,32,32,32,1,1,1
m041,0,2,1,1,0,1,1
m041,1,8,8,7,1,1,1
m041,2,18,21,17,1,1,1
m041,3,32,40,31,1,1,1
m042,0,2,1,1,0,1,1
m042,1,8,8,7,1,1,1
m042,2,18,21,17,1,1,1
m042,3,32,40,31,1,1,1
m043,0,2,1,1,0,1,1
m043,1,8,10,7,1,1,1
m043,2,18,27,17,1,1,1
m043,3,32,52,31,1,1,1
m044,0,2,3,2,1,1,1
m044,1,8,12,8,1,1,1
m044,2,18,27,18,1,1,1
m044,3,32,48,32,1,1,1
m045,0,2,1,1,0,1,1
m045,1,8,10,7,1,1,1
m045,2,18,27,17,1,1,1
m045,3,32,52,31,1,1,1
m046,0,2,1,1,0,1,1
m046,1,8,10,7,1,1,1
m046,2,18,27,17,1,1,1
m046,3,32,52,31,1,1,1
m047,0,2,1,1,0,1,1
m047,1,8,12,7,1,1,1
m047,2,18,33,17,1,1,1
m047,3,32,64,31,1,1,1
m049,0,2,3,2,1,1,1
m049,1,8,12,8,1,1,1
m049,2,18,27,18,1,1,1
m049,3,32,48,32,1,1,1
m050,0,2,3,2,1,1,1
m050,1,8,12,8,1,1,1
m050,2,18,27,18,1,1,1
m050,3,32,48,32,1,1,1
m051,0,2,4,2,1,1,1
m051,1,8,16,8,1,1,1
m051,2,18,36,18,1,1,1
m051,3,32,64,32,1,1,1
m052,0,2,3,2,1,1,1
m052,1,8,12,8,1,1,1
m052,2,18,27,18,1,1,1
m052,3,32,48,32,1,1,1
m053,0,2,2,1,0,1,1
m053,1,8,12,7,1,1,1
m053,2,18,30,17,1,1,1
m053,3,32,56,31,1,1,1
m054,0,2,2,1,0,1,1
m054,1,8,12,7,1,1,1
m054,2,18,30,17,1,1,1
m054,3,32,56,31,1,1,1
m055,0,2,2,1,0,1,1
m055,1,8,14,7,1,1,1
m055,2,18,36,17,1,1,1
m055,3,32,68,31,1,1,1
m056,0,2,3,2,1,1,1
m056,1,8,12,8,1,1,1
m056,2,18,27,18,1,1,1
m056,3,32,48,32,1,1,1
m057,0,2,2,1,0,1,1
m057,1,8,12,7,1,1,1
m057,2,18,30,17,1,1,1
m057,3,32,56,31,1,1,1
m058,0,2,2,1,0,1,1
m058,1,8,12,7,1,1,1
m058,2,18,30,17,1,1,1
m058,3,32,56,31,1,1,1
m059,0,2,2,1,0,1,1
m059,1,8,14,7,1,1,1
m059,2,18,36,17,1,1,1
m059,3,32,68,31,1,1,1
m060,0,2,4,2,1,1,1
m060,1,8,16,8,1,1,1
m060,2,18,36,18,1,1,1
m060,3,32,64,32,1,1,1
m061,0,2,2,1,0,1,1
m061,1,8,14,7,1,1,1
m061,2,18,36,17,1,1,1
m061,3,32,68,31,1,1,1
m062,0,2,2,1,0,1,1
m062,1,8,14,7,1,1,1
m062,2,18,36,17,1,1,1
m062,3,32,68,31,1,1,1
m063,0,2,2,1,0,1,1
m063,1,8,16,7,1,1,1
m063,2,18,42,17,1,1,1
m063,3,32,80,31,1,1,1
m065,0,2,2,2,1,1,1
m065,1,8,8,8,1,1,1
m065,2,18,18,18,1,1,1
m065,3,32,32,32,1,1,1
m066,0,2,2,2,1,1,1
m066,1,8,8,8,1,1,1
m066,2,18,18,18,1,1,1
m066,3,32,32,32,1,1,1
m067,0,2,3,2,1,1,1
m067,1,8,12,8,1,1,1
m067,2,18,27,18,1,1,1
m067,3,32,48,32,1,1,1
m068,0,2,2,2,1,1,1
m068,1,8,8,8,1,1,1
m068,2,18,18,18,1,1,1
m068,3,32,32,32,1,1,1
m069,0,2,1,0,0,0,1
m069,1,8,8,7,1,1,1
m069,2,18,21,17,1,1,1
m069,3,32,40,31,1,1,1
m070,0,2,1,0,0,0,1
m070,1,8,8,7,1,1,1
m070,2,18,21,17,1,1,1
m070,3,32,40,31,1,1,1
m071,0,2,1,0,0,0,1
m071,1,8,10,7,1,1,1
m071,2,18,27,17,1,1,1
m071,3,32,52,31,1,1,1
m072,0,2,2,2,1,1,1
m072,1,8,8,8,1,1,1
m072,2,18,18,18,1,1,1
m072,3,32,32,32,1,1,1
m073,0,2,1,0,0,0,1
m073,1,8,8,7,1,1,1
m073,2,18,21,17,1,1,1
m073,3,32,40,31,1,1,1
m074,0,2,1,0,0,0,1
m074,1,8,8,7,1,1,1
m074,2,18,21,17,1,1,1
m074,3,32,40,31,1,1,1
m075,0,2,1,0,0,0,1
m075,1,8,10,7,1,1,1
m075,2,18,27,17,1,1,1
m075,3,32,52,31,1,1,1
m076,0,2,3,2,1,1,1
m076,1,8,12,8,1,1,1
m076,2,18,27,18,1,1,1
m076,3,32,48,32,1,1,1
m077,0,2,1,0,0,0,1
m077,1,8,10,7,1,1,1
m077,2,18,27,17,1,1,1
m077,3,32,52,31,1,1,1
m078,0,2,1,0,0,0,1
m078,1,8,10,7,1,1,1
m078,2,18,27,17,1,1,1
m078,3,32,52,31,1,1,1
m079,0,2,1,0,0,0,1
m079,1,8,12,7,1,1,1
m079,2,18,33,17,1,1,1
m079,3,32,64,31,1,1,1
m081,0,2,1,1,1,0,1
m081,1,8,8,7,1,1,1
m081,2,18,21,17,1,1,1
m081,3,32,40,31,1,1,1
m082,0,2,1,0,0,0,1
m082,1,8,8,7,1,1,1
m082,2,18,21,17,1,1,1
m082,3,32,40,31,1,1,1
m083,0,2,2,1,1,0,1
m083,1,8,12,7,1,1,1
m083,2,18,30,17,1,1,1
m083,3,32,56,31,1,1,1
m084,0,2,1,1,1,0,1
m084,1,8,8,7,1,1,1
m084,2,18,21,17,1,1,1
m084,3,32,40,31,1,1,1
m085,0,2,0,0,0,0,1
m085,1,8,8,6,1,1,1
m085,2,18,24,16,1,1,1
m085,3,32,48,30,1,1,1
m086,0,2,0,0,0,0,1
m086,1,8,8,6,1,1,1
m086,2,18,24,16,1,1,1
m086,3,32,48,30,1,1,1
m087,0,2,0,0,0,0,1
m087,1,8,10,6,1,1,1
m087,2,18,30,16,1,1,1
m087,3,32,60,30,1,1,1
m088,0,2,1,0,0,0,1
m088,1,8,8,7,1,1,1
m088,2,18,21,17,1,1,1
m088,3,32,40,31,1,1,1
m089,0,2,0,0,0,0,1
m089,1,8,8,6,1,1,1
m089,2,18,24,16,1,1,1
m089,3,32,48,30,1,1,1
m090,0,2,0,0,0,0,1
m090,1,8,8,6,1,1,1
m090,2,18,24,16,1,1,1
m090,3,32,48,30,1,1,1
m091,0,2,0,0,0,0,1
m091,1,8,10,6,1,1,1
m091,2,18,30,16,1,1,1
m091,3,32,60,30,1,1,1
m092,0,2,2,1,1,0,1
m092,1,8,12,7,1,1,1
m092,2,18,30,17,1,1,1
m092,3,32,56,31,1,1,1
m093,0,2,0,0,0,0,1
m093,1,8,10,6,1,1,1
m093,2,18,30,16,1,1,1
m093,3,32,60,30,1,1,1
m094,0,2,0,0,0,0,1
m094,1,8,10,6,1,1,1
m094,2,18,30,16,1,1,1
m094,3,32,60,30,1,1,1
m095,0,2,0,0,0,0,1
m095,1,8,12,6,1,1,1
m095,2,18,36,16,1,1,1
m095,3,32,72,30,1,1,1
m097,0,2,1,1,1,0,1
m097,1,8,8,7,1,1,1
m097,2,18,21,17,1,1,1
m097,3,32,40,31,1,1,1
m098,0,2,1,0,0,0,1
m098,1,8,8,7,1,1,1
m098,2,18,21,17,1,1,1
m098,3,32,40,31,1,1,1
m099,0,2,2,1,1,0,1
m099,1,8,12,7,1,1,1
m099,2,18,30,17,1,1,1
m099,3,32,56,31,1,1,1
m100,0,2,1,1,1,0,1
m100,1,8,8,7,1,1,1
m100,2,18,21,17,1,1,1
m100,3,32,40,31,1,1,1
m101,0,2,0,0,0,0,1
m101,1,8,8,6,1,1,1
m101,2,18,24,16,1,1,1
m101,3,32,48,30,1,1,1
m102,0,2,0,0,0,0,1
m102,1,8,8,6,1,1,1
m102,2,18,24,16,1,1,1
m102,3,32,48,30,1,1,1
m103,0,2,0,0,0,0,1
m103,1,8,10,6,1,1,1
m103,2,18,30,16,1,1,1
m103,3,32,60,30,1,1,1
m104,0,2,1,0,0,0,1
m104,1,8,8,7,1,1,1
m104,2,18,21,17,1,1,1
m104,3,32,40,31,1,1,1
m105,0,2,0,0,0,0,1
m105,1,8,8,6,1,1,1
m105,2,18,24,16,1,1,1
m105,3,32,48,30,1,1,1
m106,0,2,0,0,0,0,1
m106,1,8,8,6,1,1,1
m106,2,18,24,16,1,1,1
m106,3,32,48,30,1,1,1
m107,0,2,0,0,0,0,1
m107,1,8,10,6,1,1,1
m107,2,18,30,16,1,1,1
m107,3,32,60,30,1,1,1
m108,0,2,2,1,1,0,1
m108,1,8,12,7,1,1,1
m108,2,18,30,17,1,1,1
m108,3,32,56,31,1,1,1
m109,0,2,0,0,0,0,1
m109,1,8,10,6,1,1,1
m109,2,18,30,16,1,1,1
m109,3,32,60,30,1,1,1
m110,0,2,0,0,0,0,1
m110,1,8,10,6,1,1,1
m110,2,18,30,16,1,1,1
m110,3,32,60,30,1,1,1
m111,0,2,0,0,0,0,1
m111,1,8,12,6,1,1,1
m111,2,18,36,16,1,1,1
m111,3,32,72,30,1,1,1
m113,0,2,1,1,1,0,1
m113,1,8,10,7,1,1,1
m113,2,18,27,17,1,1,1
m113,3,32,52,31,1,1,1
m114,0,2,1,0,0,0,1
m114,1,8,10,7,1,1,1
m114,2,18,27,17,1,1,1
m114,3,32,52,31,1,1,1
m115,0,2,2,1,1,0,1
m115,1,8,14,7,1,1,1
m115,2,18,36,17,1,1,1
m115,3,32,68,31,1,1,1
m116,0,2,1,1,1,0,1
m116,1,8,10,7,1,1,1
m116,2,18,27,17,1,1,1
m116,3,32,52,31,1,1,1
m117,0,2,0,0,0,0,1
m117,1,8,10,6,1,1,1
m117,2,18,30,16,1,1,1
m117,3,32,60,30,1,1,1
m118,0,2,0,0,0,0,1
m118,1,8,10,6,1,1,1
m118,2,18,30,16,1,1,1
m118,3,32,60,30,1,1,1
m119,0,2,0,0,0,0,1
m119,1,8,12,6,1,1,1
m119,2,18,36,16,1,1,1
m119,3,32,72,30,1,1,1
m120,0,2,1,0,0,0,1
m120,1,8,10,7,1,1,1
m120,2,18,27,17,1,1,1
m120,3,32,52,31,1,1,1
m121,0,2,0,0,0,0,1
m121,1,8,10,6,1,1,1
m121,2,18,30,16,1,1,1
m121,3,32,60,30,1,1,1
m122,0,2,0,0,0,0,1
m122,1,8,10,6,1,1,1
m122,2,18,30,16,1,1,1
m122,3,32,60,30,1,1,1
m123,0,2,0,0,0,0,1
m123,1,8,12,6,1,1,1
m123,2,18,36,16,1,1,1
m123,3,32,72,30,1,1,1
m124,0,2,2,1,1,0,1
m124,1,8,14,7,1,1,1
m124,2,18,36,17,1,1,1
m124,3,32,68,31,1,1,1
m125,0,2,0,0,0,0,1
m125,1,8,12,6,1,1,1
m125,2,18,36,16,1,1,1
m125,3,32,72,30,1,1,1
m126,0,2,0,0,0,0,1
m126,1,8,12,6,1,1,1
m126,2,18,36,16,1,1,1
m126,3,32,72,30,1,1,1
m127,0,2,0,0,0,0,1
m127,1,8,14,6,1,1,1
m127,2,18,42,16,1,1,1
m127,3,32,84,30,1,1,1
m129,0,2,2,2,1,1,1
m129,1,8,8,8,1,1,1
m129,2,18,18,18,1,1,1
m129,3,32,32,32,1,1,1
m130,0,2,2,2,1,1,1
m130,1,8,8,8,1,1,1
m130,2,18,18,18,1,1,1
m130,3,32,32,32,1,1,1
m131,0,2,3,2,1,1,1
m131,1,8,12,8,1,1,1
m131,2,18,27,18,1,1,1
m131,3,32,48,32,1,1,1
m132,0,2,2,2,1,1,1
m132,1,8,8,8,1,1,1
m132,2,18,18,18,1,1,1
m132,3,32,32,32,1,1,1
m133,0,2,1,1,0,1,1
m133,1,8,8,7,1,1,1
m133,2,18,21,17,1,1,1
m133,3,32,40,31,1,1,1
m134,0,2,1,1,0,1,1
m134,1,8,8,7,1,1,1
m134,2,18,21,17,1,1,1
m134,3,32,40,31,1,1,1
m135,0,2,1,1,0,1,1
m135,1,8,10,7,1,1,1
m135,2,18,27,17,1,1,1
m135,3,32,52,31,1,1,1
m136,0,2,2,2,1,1,1
m136,1,8,8,8,1,1,1
m136,2,18,18,18,1,1,1
m136,3,32,32,32,1,1,1
m137,0,2,1,1,0,1,1
m137,1,8,8,7,1,1,1
m137,2,18,21,17,1,1,1
m137,3,32,40,31,1,1,1
m138,0,2,1,1,0,1,1
m138,1,8,8,7,1,1,1
m138,2,18,21,17,1,1,1
m138,3,32,40,31,1,1,1
m139,0,2,1,1,0,1,1
m139,1,8,10,7,1,1,1
m139,2,18,27,17,1,1,1
m139,3,32,52,31,1,1,1
m140,0,2,3,2,1,1,1
m140,1,8,12,8,1,1,1
m140,2,18,27,18,1,1,1
m140,3,32,48,32,1,1,1
m141,0,2,1,1,0,1,1
m141,1,8,10,7,1,1,1
m141,2,18,27,17,1,1,1
m141,3,32,52,31,1,1,1
m142,0,2,1,1,0,1,1
m142,1,8,10,7,1,1,1
m142,2,18,27,17,1,1,1
m142,3,32,52,31,1,1,1
m143,0,2,1,1,0,1,1
m143,1,8,12,7,1,1,1
m143,2,18,33,17,1,1,1
m143,3,32,64,31,1,1,1
m145,0,2,1,1,1,0,1
m145,1,8,8,7,1,1,1
m145,2,18,21,17,1,1,1
m145,3,32,40,31,1,1,1
m146,0,2,1,0,0,0,1
m146,1,8,8,7,1,1,1
m146,2,18,21,17,1,1,1
m146,3,32,40,31,1,1,1
m147,0,2,2,1,1,0,1
m147,1,8,12,7,1,1,1
m147,2,18,30,17,1,1,1
m147,3,32,56,31,1,1,1
m148,0,2,1,1,1,0,1
m148,1,8,8,7,1,1,1
m148,2,18,21,17,1,1,1
m148,3,32,40,31,1,1,1
m149,0,2,0,0,0,0,1
m149,1,8,8,6,1,1,1
m149,2,18,24,16,1,1,1
m149,3,32,48,30,1,1,1
m150,0,2,0,0,0,0,1
m150,1,8,8,6,1,1,1
m150,2,18,24,16,1,1,1
m150,3,32,48,30,1,1,1
m151,0,2,0,0,0,0,1
m151,1,8,10,6,1,1,1
m151,2,18,30,16,1,1,1
m151,3,32,60,30,1,1,1
m152,0,2,1,0,0,0,1
m152,1,8,8,7,1,1,1
m152,2,18,21,17,1,1,1
m152,3,32,40,31,1,1,1
m153,0,2,0,0,0,0,1
m153,1,8,8,6,1,1,1
m153,2,18,24,16,1,1,1
m153,3,32,48,30,1,1,1
m154,0,2,0,0,0,0,1
m154,1,8,8,6,1,1,1
m154,2,18,24,16,1,1,1
m154,3,32,48,30,1,1,1
m155,0,2,0,0,0,0,1
m155,1,8,10,6,1,1,1
m155,2,18,30,16,1,1,1
m155,3,32,60,30,1,1,1
m156,0,2,2,1,1,0,1
m156,1,8,12,7,1,1,1
m156,2,18,30,17,1,1,1
m156,3,32,56,31,1,1,1
m157,0,2,0,0,0,0,1
m157,1,8,10,6,1,1,1
m157,2,18,30,16,1,1,1
m157,3,32,60,30,1,1,1
m158,0,2,0,0,0,0,1
m158,1,8,10,6,1,1,1
m158,2,18,30,16,1,1,1
m158,3,32,60,30,1,1,1
m159,0,2,0,0,0,0,1
m159,1,8,12,6,1,1,1
m159,2,18,36,16,1,1,1
m159,3,32,72,30,1,1,1
m161,0,2,1,1,1,0,1
m161,1,8,8,7,1,1,1
m161,2,18,21,17,1,1,1
m161,3,32,40,31,1,1,1
m162,0,2,1,0,0,0,1
m162,1,8,8,7,1,1,1
m162,2,18,21,17,1,1,1
m162,3,32,40,31,1,1,1
m163,0,2,2,1,1,0,1
m163,1,8,12,7,1,1,1
m163,2,18,30,17,1,1,1
m163,3,32,56,31,1,1,1
m164,0,2,1,1,1,0,1
m164,1,8,8,7,1,1,1
m164,2,18,21,17,1,1,1
m164,3,32,40,31,1,1,1
m165,0,2,0,0,0,0,1
m165,1,8,8,6,1,1,1
m165,2,18,24,16,1,1,1
m165,3,32,48,30,1,1,1
m166,0,2,0,0,0,0,1
m166,1,8,8,6,1,1,1
m166,2,18,24,16,1,1,1
m166,3,32,48,30,1,1,1
m167,0,2,0,0,0,0,1
m167,1,8,10,6,1,1,1
m167,2,18,30,16,1,1,1
m167,3,32,60,30,1,1,1
m168,0,2,1,0,0,0,1
m168,1,8,8,7,1,1,1
m168,2,18,21,17,1,1,1
m168,3,32,40,31,1,1,1
m169,0,2,0,0,0,0,1
m169,1,8,8,6,1,1,1
m169,2,18,24,16,1,1,1
m169,3,32,48,30,1,1,1
m170,0,2,0,0,0,0,1
m170,1,8,8,6,1,1,1
m170,2,18,24,16,1,1,1
m170,3,32,48,30,1,1,1
m171,0,2,0,0,0,0,1
m171,1,8,10,6,1,1,1
m171,2,18,30,16,1,1,1
m171,3,32,60,30,1,1,1
m172,0,2,2,1,1,0,1
m172,1,8,12,7,1,1,1
m172,2,18,30,17,1,1,1
m172,3,32,56,31,1,1,1
m173,0,2,0,0,0,0,1
m173,1,8,10,6,1,1,1
m173,2,18,30,16,1,1,1
m173,3,32,60,30,1,1,1
m174,0,2,0,0,0,0,1
m174,1,8,10,6,1,1,1
m174,2,18,30,16,1,1,1
m174,3,32,60,30,1,1,1
m175,0,2,0,0,0,0,1
m175,1,8,12,6,1,1,1
m175,2,18,36,16,1,1,1
m175,3,32,72,30,1,1,1
m177,0,2,1,1,1,0,1
m177,1,8,10,7,1,1,1
m177,2,18,27,17,1,1,1
m177,3,32,52,31,1,1,1
m178,0,2,1,0,0,0,1
m178,1,8,10,7,1,1,1
m178,2,18,27,17,1,1,1
m178,3,32,52,31,1,1,1
m179,0,2,2,1,1,0,1
m179,1,8,14,7,1,1,1
m179,2,18,36,17,1,1,1
m179,3,32,68,31,1,1,1
m180,0,2,1,1,1,0,1
m180,1,8,10,7,1,1,1
m180,2,18,27,17,1,1,1
m180,3,32,52,31,1,1,1
m181,0,2,0,0,0,0,1
m181,1,8,10,6,1,1,1
m181,2,18,30,16,1,1,1
m181,3,32,60,30,1,1,1
m182,0,2,0,0,0,0,1
m182,1,8,10,6,1,1,1
m182,2,18,30,16,1,1,1
m182,3,32,60,30,1,1,1
m183,0,2,0,0,0,0,1
m183,1,8,12,6,1,1,1
m183,2,18,36,16,1,1,1
m183,3,32,72,30,1,1,1
m184,0,2,1,0,0,0,1
m184,1,8,10,7,1,1,1
m184,2,18,27,17,1,1,1
m184,3,32,52,31,1,1,1
m185,0,2,0,0,0,0,1
m185,1,8,10,6,1,1,1
m185,2,18,30,16,1,1,1
m185,3,32,60,30,1,1,1
m186,0,2,0,0,0,0,1
m186,1,8,10,6,1,1,1
m186,2,18,30,16,1,1,1
m186,3,32,60,30,1,1,1
m187,0,2,0,0,0,0,1
m187,1,8,12,6,1,1,1
m187,2,18,36,16,1,1,1
m187,3,32,72,30,1,1,1
m188,0,2,2,1,1,0,1
m188,1,8,14,7,1,1,1
m188,2,18,36,17,1,1,1
m188,3,32,68,31,1,1,1
m189,0,2,0,0,0,0,1
m189,1,8,12,6,1,1,1
m189,2,18,36,16,1,1,1
m189,3,32,72,30,1,1,1
m190,0,2,0,0,0,0,1
m190,1,8,12,6,1,1,1
m190,2,18,36,16,1,1,1
m190,3,32,72,30,1,1,1
m191,0,2,0,0,0,0,1
m191,1,8,14,6,1,1,1
m191,2,18,42,16,1,1,1
m191,3,32,84,30,1,1,1
m193,0,2,3,2,1,1,1
m193,1,8,12,8,1,1,1
m193,2,18,27,18,1,1,1
m193,3,32,48,32,1,1,1
m194,0,2,3,2,1,1,1
m194,1,8,12,8,1,1,1
m194,2,18,27,18,1,1,1
m194,3,32,48,32,1,1,1
m195,0,2,4,2,1,1,1
m195,1,8,16,8,1,1,1
m195,2,18,36,18,1,1,1
m195,3,32,64,32,1,1,1
m196,0,2,3,2,1,1,1
m196,1,8,12,8,1,1,1
m196,2,18,27,18,1,1,1
m196,3,32,48,32,1,1,1
m197,0,2,2,1,0,1,1
m197,1,8,12,7,1,1,1
m197,2,18,30,17,1,1,1
m197,3,32,56,31,1,1,1
m198,0,2,2,1,0,1,1
m198,1,8,12,7,1,1,1
m198,2,18,30,17,1,1,1
m198,3,32,56,31,1,1,1
m199,0,2,2,1,0,1,1
m199,1,8,14,7,1,1,1
m199,2,18,36,17,1,1,1
m199,3,32,68,31,1,1,1
m200,0,2,3,2,1,1,1
m200,1,8,12,8,1,1,1
m200,2,18,27,18,1,1,1
m200,3,32,48,32,1,1,1
m201,0,2,2,1,0,1,1
m201,1,8,12,7,1,1,1
m201,2,18,30,17,1,1,1
m201,3,32,56,31,1,1,1
m202,0,2,2,1,0,1,1
m202,1,8,12,7,1,1,1
m202,2,18,30,17,1,1,1
m202,3,32,56,31,1,1,1
m203,0,2,2,1,0,1,1
m203,1,8,14,7,1,1,1
m203,2,18,36,17,1,1,1
m203,3,32,68,31,1,1,1
m204,0,2,4,2,1,1,1
m204,1,8,16,8,1,1,1
m204,2,18,36,18,1,1,1
m204,3,32,64,32,1,1,1
m205,0,2,2,1,0,1,1
m205,1,8,14,7,1,1,1
m205,2,18,36,17,1,1,1
m205,3,32,68,31,1,1,1
m206,0,2,2,1,0,1,1
m206,1,8,14,7,1,1,1
m206,2,18,36,17,1,1,1
m206,3,32,68,31,1,1,1
m207,0,2,2,1,0,1,1
m207,1,8,16,7,1,1,1
m207,2,18,42,17,1,1,1
m207,3,32,80,31,1,1,1
m209,0,2,1,1,1,0,1
m209,1,8,10,7,1,1,1
m209,2,18,27,17,1,1,1
m209,3,32,52,31,1,1,1
m210,0,2,1,0,0,0,1
m210,1,8,10,7,1,1,1
m210,2,18,27,17,1,1,1
m210,3,32,52,31,1,1,1
m211,0,2,2,1,1,0,1
m211,1,8,14,7,1,1,1
m211,2,18,36,17,1,1,1
m211,3,32,68,31,1,1,1
m212,0,2,1,1,1,0,1
m212,1,8,10,7,1,1,1
m212,2,18,27,17,1,1,1
m212,3,32,52,31,1,1,1
m213,0,2,0,0,0,0,1
m213,1,8,10,6,1,1,1
m213,2,18,30,16,1,1,1
m213,3,32,60,30,1,1,1
m214,0,2,0,0,0,0,1
m214,1,8,10,6,1,1,1
m214,2,18,30,16,1,1,1
m214,3,32,60,30,1,1,1
m215,0,2,0,0,0,0,1
m215,1,8,12,6,1,1,1
m215,2,18,36,16,1,1,1
m215,3,32,72,30,1,1,1
m216,0,2,1,0,0,0,1
m216,1,8,10,7,1,1,1
m216,2,18,27,17,1,1,1
m216,3,32,52,31,1,1,1
m217,0,2,0,0,0,0,1
m217,1,8,10,6,1,1,1
m217,2,18,30,16,1,1,1
m217,3,32,60,30,1,1,1
m218,0,2,0,0,0,0,1
m218,1,8,10,6,1,1,1
m218,2,18,30,16,1,1,1
m218,3,32,60,30,1,1,1
m219,0,2,0,0,0,0,1
m219,1,8,12,6,1,1,1
m219,2,18,36,16,1,1,1
m219,3,32,72,30,1,1,1
m220,0,2,2,1,1,0,1
m220,1,8,14,7,1,1,1
m220,2,18,36,17,1,1,1
m220,3,32,68,31,1,1,1
m221,0,2,0,0,0,0,1
m221,1,8,12,6,1,1,1
m221,2,18,36,16,1,1,1
m221,3,32,72,30,1,1,1
m222,0,2,0,0,0,0,1
m222,1,8,12,6,1,1,1
m222,2,18,36,16,1,1,1
m222,3,32,72,30,1,1,1
m223,0,2,0,0,0,0,1
m223,1,8,14,6,1,1,1
m223,2,18,42,16,1,1,1
m223,3,32,84,30,1,1,1
m225,0,2,1,1,1,0,1
m225,1,8,10,7,1,1,1
m225,2,18,27,17,1,1,1
m225,3,32,52,31,1,1,1
m226,0,2,1,0,0,0,1
m226,1,8,10,7,1,1,1
m226,2,18,27,17,1,1,1
m226,3,32,52,31,1,1,1
m227,0,2,2,1,1,0,1
m227,1,8,14,7,1,1,1
m227,2,18,36,17,1,1,1
m227,3,32,68,31,1,1,1
m228,0,2,1,1,1,0,1
m228,1,8,10,7,1,1,1
m228,2,18,27,17,1,1,1
m228,3,32,52,31,1,1,1
m229,0,2,0,0,0,0,1
m229,1,8,10,6,1,1,1
m229,2,18,30,16,1,1,1
m229,3,32,60,30,1,1,1
m230,0,2,0,0,0,0,1
m230,1,8,10,6,1,1,1
m230,2,18,30,16,1,1,1
m230,3,32,60,30,1,1,1
m231,0,2,0,0,0,0,1
m231,1,8,12,6,1,1,1
m231,2,18,36,16,1,1,1
m231,3,32,72,30,1,1,1
m232,0,2,1,0,0,0,1
m232,1,8,10,7,1,1,1
m232,2,18,27,17,1,1,1
m232,3,32,52,31,1,1,1
m233,0,2,0,0,0,0,1
m233,1,8,10,6,1,1,1
m233,2,18,30,16,1,1,1
m233,3,32,60,30,1,1,1
m234,0,2,0,0,0,0,1
m234,1,8,10,6,1,1,1
m234,2,18,30,16,1,1,1
m234,3,32,60,30,1,1,1
m235,0,2,0,0,0,0,1
m235,1,8,12,6,1,1,1
m235,2,18,36,16,1,1,1
m235,3,32,72,30,1,1,1
m236,0,2,2,1,1,0,1
m236,1,8,14,7,1,1,1
m236,2,18,36,17,1,1,1
m236,3,32,68,31,1,1,1
m237,0,2,0,0,0,0,1
m237,1,8,12,6,1,1,1
m237,2,18,36,16,1,1,1
m237,3,32,72,30,1,1,1
m238,0,2,0,0,0,0,1
m238,1,8,12,6,1,1,1
m238,2,18,36,16,1,1,1
m238,3,32,72,30,1,1,1
m239,0,2,0,0,0,0,1
m239,1,8,14,6,1,1,1
m239,2,18,42,16,1,1,1
m239,3,32,84,30,1,1,1
m241,0,2,1,1,1,0,1
m241,1,8,12,7,1,1,1
m241,2,18,33,17,1,1,1
m241,3,32,64,31,1,1,1
m242,0,2,1,0,0,0,1
m242,1,8,12,7,1,1,1
m242,2,18,33,17,1,1,1
m242,3,32,64,31,1,1,1
m243,0,2,2,1,1,0,1
m243,1,8,16,7,1,1,1
m243,2,18,42,17,1,1,1
m243,3,32,80,31,1,1,1
m244,0,2,1,1,1,0,1
m244,1,8,12,7,1,1,1
m244,2,18,33,17,1,1,1
m244,3,32,64,31,1,1,1
m245,0,2,0,0,0,0,1
m245,1,8,12,6,1,1,1
m245,2,18,36,16,1,1,1
m245,3,32,72,30,1,1,1
m246,0,2,0,0,0,0,1
m246,1,8,12,6,1,1,1
m246,2,18,36,16,1,1,1
m246,3,32,72,30,1,1,1
m247,0,2,0,0,0,0,1
m247,1,8,14,6,1,1,1
m247,2,18,42,16,1,1,1
m247,3,32,84,30,1,1,1
m248,0,2,1,0,0,0,1
m248,1,8,12,7,1,1,1
m248,2,18,33,17,1,1,1
m248,3,32,64,31,1,1,1
m249,0,2,0,0,0,0,1
m249,1,8,12,6,1,1,1
m249,2,18,36,16,1,1,1
m249,3,32,72,30,1,1,1
m250,0,2,0,0,0,0,1
m250,1,8,12,6,1,1,1
m250,2,18,36,16,1,1,1
m250,3,32,72,30,1,1,1
m251,0,2,0,0,0,0,1
m251,1,8,14,6,1,1,1
m251,2,18,42,16,1,1,1
m251,3,32,84,30,1,1,1
m252,0,2,2,1,1,0,1
m252,1,8,16,7,1,1,1
m252,2,18,42,17,1,1,1
m252,3,32,80,31,1,1,1
m253,0,2,0,0,0,0,1
m253,1,8,14,6,1,1,1
m253,2,18,42,16,1,1,1
m253,3,32,84,30,1,1,1
m254,0,2,0,0,0,0,1
m254,1,8,14,6,1,1,1
m254,2,18,42,16,1,1,1
m254,3,32,84,30,1,1,1
m255,0,2,0,0,0,0,1
m255,1,8,16,6,1,1,1
m255,2,18,48,16,1,1,1
m255,3,32,96,30,1,1,1
