model,bound,goal_mask,viable_0,viable_1,may_eventually_0,may_eventually_1,must_eventually_0,must_eventually_1,must_recur_0,must_recur_1
m017,0,0,1,1,0,0,0,0,0,0
m017,0,1,1,1,1,1,1,1,1,1
m017,0,2,1,1,0,1,0,1,0,0
m017,0,3,1,1,1,1,1,1,1,1
m017,1,0,1,1,0,0,0,0,0,0
m017,1,1,1,1,1,1,1,1,1,1
m017,1,2,1,1,0,1,0,1,0,0
m017,1,3,1,1,1,1,1,1,1,1
m017,2,0,1,1,0,0,0,0,0,0
m017,2,1,1,1,1,1,1,1,1,1
m017,2,2,1,1,0,1,0,1,0,0
m017,2,3,1,1,1,1,1,1,1,1
m017,3,0,1,1,0,0,0,0,0,0
m017,3,1,1,1,1,1,1,1,1,1
m017,3,2,1,1,0,1,0,1,0,0
m017,3,3,1,1,1,1,1,1,1,1
m018,0,0,1,1,0,0,0,0,0,0
m018,0,1,1,1,1,1,1,1,1,1
m018,0,2,1,1,1,1,1,1,1,1
m018,0,3,1,1,1,1,1,1,1,1
m018,1,0,1,1,0,0,0,0,0,0
m018,1,1,1,1,1,1,1,1,1,1
m018,1,2,1,1,1,1,1,1,1,1
m018,1,3,1,1,1,1,1,1,1,1
m018,2,0,1,1,0,0,0,0,0,0
m018,2,1,1,1,1,1,1,1,1,1
m018,2,2,1,1,1,1,1,1,1,1
m018,2,3,1,1,1,1,1,1,1,1
m018,3,0,1,1,0,0,0,0,0,0
m018,3,1,1,1,1,1,1,1,1,1
m018,3,2,1,1,1,1,1,1,1,1
m018,3,3,1,1,1,1,1,1,1,1
m019,0,0,1,1,0,0,0,0,0,0
m019,0,1,1,1,1,1,1,1,1,1
m019,0,2,1,1,1,1,0,1,0,0
m019,0,3,1,1,1,1,1,1,1,1
m019,1,0,1,1,0,0,0,0,0,0
m019,1,1,1,1,1,1,1,1,1,1
m019,1,2,1,1,1,1,0,1,0,0
m019,1,3,1,1,1,1,1,1,1,1
m019,2,0,1,1,0,0,0,0,0,0
m019,2,1,1,1,1,1,1,1,1,1
m019,2,2,1,1,1,1,0,1,0,0
m019,2,3,1,1,1,1,1,1,1,1
m019,3,0,1,1,0,0,0,0,0,0
m019,3,1,1,1,1,1,1,1,1,1
m019,3,2,1,1,1,1,0,1,0,0
m019,3,3,1,1,1,1,1,1,1,1
m020,0,0,1,1,0,0,0,0,0,0
m020,0,1,1,1,1,1,1,1,1,1
m020,0,2,1,1,0,1,0,1,0,0
m020,0,3,1,1,1,1,1,1,1,1
m020,1,0,1,1,0,0,0,0,0,0
m020,1,1,1,1,1,1,1,1,1,1
m020,1,2,1,1,0,1,0,1,0,0
m020,1,3,1,1,1,1,1,1,1,1
m020,2,0,1,1,0,0,0,0,0,0
m020,2,1,1,1,1,1,1,1,1,1
m020,2,2,1,1,0,1,0,1,0,0
m020,2,3,1,1,1,1,1,1,1,1
m020,3,0,1,1,0,0,0,0,0,0
m020,3,1,1,1,1,1,1,1,1,1
m020,3,2,1,1,0,1,0,1,0,0
m020,3,3,1,1,1,1,1,1,1,1
m021,0,0,0,0,0,0,0,0,0,0
m021,0,1,0,0,0,0,0,0,0,0
m021,0,2,0,0,0,0,0,0,0,0
m021,0,3,0,0,0,0,0,0,0,0
m021,1,0,1,1,0,0,0,0,0,0
m021,1,1,1,1,1,1,1,1,1,1
m021,1,2,1,1,0,1,0,1,0,0
m021,1,3,1,1,1,1,1,1,1,1
m021,2,0,1,1,0,0,0,0,0,0
m021,2,1,1,1,1,1,1,1,1,1
m021,2,2,1,1,0,1,0,1,0,0
m021,2,3,1,1,1,1,1,1,1,1
m021,3,0,1,1,0,0,0,0,0,0
m021,3,1,1,1,1,1,1,1,1,1
m021,3,2,1,1,0,1,0,1,0,0
m021,3,3,1,1,1,1,1,1,1,1
m022,0,0,0,0,0,0,0,0,0,0
m022,0,1,0,0,0,0,0,0,0,0
m022,0,2,0,0,0,0,0,0,0,0
m022,0,3,0,0,0,0,0,0,0,0
m022,1,0,1,1,0,0,0,0,0,0
m022,1,1,1,1,1,1,1,1,1,1
m022,1,2,1,1,1,1,1,1,1,1
m022,1,3,1,1,1,1,1,1,1,1
m022,2,0,1,1,0,0,0,0,0,0
m022,2,1,1,1,1,1,1,1,1,1
m022,2,2,1,1,1,1,1,1,1,1
m022,2,3,1,1,1,1,1,1,1,1
m022,3,0,1,1,0,0,0,0,0,0
m022,3,1,1,1,1,1,1,1,1,1
m022,3,2,1,1,1,1,1,1,1,1
m022,3,3,1,1,1,1,1,1,1,1
m023,0,0,0,0,0,0,0,0,0,0
m023,0,1,0,0,0,0,0,0,0,0
m023,0,2,0,0,0,0,0,0,0,0
m023,0,3,0,0,0,0,0,0,0,0
m023,1,0,1,1,0,0,0,0,0,0
m023,1,1,1,1,1,1,1,1,1,1
m023,1,2,1,1,1,1,0,1,0,0
m023,1,3,1,1,1,1,1,1,1,1
m023,2,0,1,1,0,0,0,0,0,0
m023,2,1,1,1,1,1,1,1,1,1
m023,2,2,1,1,1,1,0,1,0,0
m023,2,3,1,1,1,1,1,1,1,1
m023,3,0,1,1,0,0,0,0,0,0
m023,3,1,1,1,1,1,1,1,1,1
m023,3,2,1,1,1,1,0,1,0,0
m023,3,3,1,1,1,1,1,1,1,1
m024,0,0,1,1,0,0,0,0,0,0
m024,0,1,1,1,1,1,1,1,1,1
m024,0,2,1,1,1,1,1,1,1,1
m024,0,3,1,1,1,1,1,1,1,1
m024,1,0,1,1,0,0,0,0,0,0
m024,1,1,1,1,1,1,1,1,1,1
m024,1,2,1,1,1,1,1,1,1,1
m024,1,3,1,1,1,1,1,1,1,1
m024,2,0,1,1,0,0,0,0,0,0
m024,2,1,1,1,1,1,1,1,1,1
m024,2,2,1,1,1,1,1,1,1,1
m024,2,3,1,1,1,1,1,1,1,1
m024,3,0,1,1,0,0,0,0,0,0
m024,3,1,1,1,1,1,1,1,1,1
m024,3,2,1,1,1,1,1,1,1,1
m024,3,3,1,1,1,1,1,1,1,1
m025,0,0,0,0,0,0,0,0,0,0
m025,0,1,0,0,0,0,0,0,0,0
m025,0,2,0,0,0,0,0,0,0,0
m025,0,3,0,0,0,0,0,0,0,0
m025,1,0,1,1,0,0,0,0,0,0
m025,1,1,1,1,1,1,1,1,1,1
m025,1,2,1,1,1,1,1,1,1,1
m025,1,3,1,1,1,1,1,1,1,1
m025,2,0,1,1,0,0,0,0,0,0
m025,2,1,1,1,1,1,1,1,1,1
m025,2,2,1,1,1,1,1,1,1,1
m025,2,3,1,1,1,1,1,1,1,1
m025,3,0,1,1,0,0,0,0,0,0
m025,3,1,1,1,1,1,1,1,1,1
m025,3,2,1,1,1,1,1,1,1,1
m025,3,3,1,1,1,1,1,1,1,1
m026,0,0,0,0,0,0,0,0,0,0
m026,0,1,0,0,0,0,0,0,0,0
m026,0,2,0,0,0,0,0,0,0,0
m026,0,3,0,0,0,0,0,0,0,0
m026,1,0,1,1,0,0,0,0,0,0
m026,1,1,1,1,1,1,1,1,1,1
m026,1,2,1,1,1,1,1,1,1,1
m026,1,3,1,1,1,1,1,1,1,1
m026,2,0,1,1,0,0,0,0,0,0
m026,2,1,1,1,1,1,1,1,1,1
m026,2,2,1,1,1,1,1,1,1,1
m026,2,3,1,1,1,1,1,1,1,1
m026,3,0,1,1,0,0,0,0,0,0
m026,3,1,1,1,1,1,1,1,1,1
m026,3,2,1,1,1,1,1,1,1,1
m026,3,3,1,1,1,1,1,1,1,1
m027,0,0,0,0,0,0,0,0,0,0
m027,0,1,0,0,0,0,0,0,0,0
m027,0,2,0,0,0,0,0,0,0,0
m027,0,3,0,0,0,0,0,0,0,0
m027,1,0,1,1,0,0,0,0,0,0
m027,1,1,1,1,1,1,1,1,1,1
m027,1,2,1,1,1,1,1,1,1,1
m027,1,3,1,1,1,1,1,1,1,1
m027,2,0,1,1,0,0,0,0,0,0
m027,2,1,1,1,1,1,1,1,1,1
m027,2,2,1,1,1,1,1,1,1,1
m027,2,3,1,1,1,1,1,1,1,1
m027,3,0,1,1,0,0,0,0,0,0
m027,3,1,1,1,1,1,1,1,1,1
m027,3,2,1,1,1,1,1,1,1,1
m027,3,3,1,1,1,1,1,1,1,1
m028,0,0,1,1,0,0,0,0,0,0
m028,0,1,1,1,1,1,1,1,1,1
m028,0,2,1,1,1,1,0,1,0,0
m028,0,3,1,1,1,1,1,1,1,1
m028,1,0,1,1,0,0,0,0,0,0
m028,1,1,1,1,1,1,1,1,1,1
m028,1,2,1,1,1,1,0,1,0,0
m028,1,3,1,1,1,1,1,1,1,1
m028,2,0,1,1,0,0,0,0,0,0
m028,2,1,1,1,1,1,1,1,1,1
m028,2,2,1,1,1,1,0,1,0,0
m028,2,3,1,1,1,1,1,1,1,1
m028,3,0,1,1,0,0,0,0,0,0
m028,3,1,1,1,1,1,1,1,1,1
m028,3,2,1,1,1,1,0,1,0,0
m028,3,3,1,1,1,1,1,1,1,1
m029,0,0,0,0,0,0,0,0,0,0
m029,0,1,0,0,0,0,0,0,0,0
m029,0,2,0,0,0,0,0,0,0,0
m029,0,3,0,0,0,0,0,0,0,0
m029,1,0,1,1,0,0,0,0,0,0
m029,1,1,1,1,1,1,1,1,1,1
m029,1,2,1,1,1,1,0,1,0,0
m029,1,3,1,1,1,1,1,1,1,1
m029,2,0,1,1,0,0,0,0,0,0
m029,2,1,1,1,1,1,1,1,1,1
m029,2,2,1,1,1,1,0,1,0,0
m029,2,3,1,1,1,1,1,1,1,1
m029,3,0,1,1,0,0,0,0,0,0
m029,3,1,1,1,1,1,1,1,1,1
m029,3,2,1,1,1,1,0,1,0,0
m029,3,3,1,1,1,1,1,1,1,1
m030,0,0,0,0,0,0,0,0,0,0
m030,0,1,0,0,0,0,0,0,0,0
m030,0,2,0,0,0,0,0,0,0,0
m030,0,3,0,0,0,0,0,0,0,0
m030,1,0,1,1,0,0,0,0,0,0
m030,1,1,1,1,1,1,1,1,1,1
m030,1,2,1,1,1,1,1,1,1,1
m030,1,3,1,1,1,1,1,1,1,1
m030,2,0,1,1,0,0,0,0,0,0
m030,2,1,1,1,1,1,1,1,1,1
m030,2,2,1,1,1,1,1,1,1,1
m030,2,3,1,1,1,1,1,1,1,1
m030,3,0,1,1,0,0,0,0,0,0
m030,3,1,1,1,1,1,1,1,1,1
m030,3,2,1,1,1,1,1,1,1,1
m030,3,3,1,1,1,1,1,1,1,1
m031,0,0,0,0,0,0,0,0,0,0
m031,0,1,0,0,0,0,0,0,0,0
m031,0,2,0,0,0,0,0,0,0,0
m031,0,3,0,0,0,0,0,0,0,0
m031,1,0,1,1,0,0,0,0,0,0
m031,1,1,1,1,1,1,1,1,1,1
m031,1,2,1,1,1,1,0,1,0,0
m031,1,3,1,1,1,1,1,1,1,1
m031,2,0,1,1,0,0,0,0,0,0
m031,2,1,1,1,1,1,1,1,1,1
m031,2,2,1,1,1,1,0,1,0,0
m031,2,3,1,1,1,1,1,1,1,1
m031,3,0,1,1,0,0,0,0,0,0
m031,3,1,1,1,1,1,1,1,1,1
m031,3,2,1,1,1,1,0,1,0,0
m031,3,3,1,1,1,1,1,1,1,1
m033,0,0,1,1,0,0,0,0,0,0
m033,0,1,1,1,1,0,1,0,1,0
m033,0,2,1,1,0,1,0,1,0,1
m033,0,3,1,1,1,1,1,1,1,1
m033,1,0,1,1,0,0,0,0,0,0
m033,1,1,1,1,1,0,1,0,1,0
m033,1,2,1,1,0,1,0,1,0,1
m033,1,3,1,1,1,1,1,1,1,1
m033,2,0,1,1,0,0,0,0,0,0
m033,2,1,1,1,1,0,1,0,1,0
m033,2,2,1,1,0,1,0,1,0,1
m033,2,3,1,1,1,1,1,1,1,1
m033,3,0,1,1,0,0,0,0,0,0
m033,3,1,1,1,1,0,1,0,1,0
m033,3,2,1,1,0,1,0,1,0,1
m033,3,3,1,1,1,1,1,1,1,1
m034,0,0,1,1,0,0,0,0,0,0
m034,0,1,1,1,1,0,1,0,0,0
m034,0,2,1,1,1,1,1,1,1,1
m034,0,3,1,1,1,1,1,1,1,1
m034,1,0,1,1,0,0,0,0,0,0
m034,1,1,1,1,1,0,1,0,0,0
m034,1,2,1,1,1,1,1,1,1,1
m034,1,3,1,1,1,1,1,1,1,1
m034,2,0,1,1,0,0,0,0,0,0
m034,2,1,1,1,1,0,1,0,0,0
m034,2,2,1,1,1,1,1,1,1,1
m034,2,3,1,1,1,1,1,1,1,1
m034,3,0,1,1,0,0,0,0,0,0
m034,3,1,1,1,1,0,1,0,0,0
m034,3,2,1,1,1,1,1,1,1,1
m034,3,3,1,1,1,1,1,1,1,1
m035,0,0,1,1,0,0,0,0,0,0
m035,0,1,1,1,1,0,1,0,0,0
m035,0,2,1,1,1,1,0,1,0,1
m035,0,3,1,1,1,1,1,1,1,1
m035,1,0,1,1,0,0,0,0,0,0
m035,1,1,1,1,1,0,1,0,0,0
m035,1,2,1,1,1,1,0,1,0,1
m035,1,3,1,1,1,1,1,1,1,1
m035,2,0,1,1,0,0,0,0,0,0
m035,2,1,1,1,1,0,1,0,0,0
m035,2,2,1,1,1,1,0,1,0,1
m035,2,3,1,1,1,1,1,1,1,1
m035,3,0,1,1,0,0,0,0,0,0
m035,3,1,1,1,1,0,1,0,0,0
m035,3,2,1,1,1,1,0,1,0,1
m035,3,3,1,1,1,1,1,1,1,1
m036,0,0,1,1,0,0,0,0,0,0
m036,0,1,1,1,1,0,1,0,1,0
m036,0,2,1,1,0,1,0,1,0,1
m036,0,3,1,1,1,1,1,1,1,1
m036,1,0,1,1,0,0,0,0,0,0
m036,1,1,1,1,1,0,1,0,1,0
m036,1,2,1,1,0,1,0,1,0,1
m036,1,3,1,1,1,1,1,1,1,1
m036,2,0,1,1,0,0,0,0,0,0
m036,2,1,1,1,1,0,1,0,1,0
m036,2,2,1,1,0,1,0,1,0,1
m036,2,3,1,1,1,1,1,1,1,1
m036,3,0,1,1,0,0,0,0,0,0
m036,3,1,1,1,1,0,1,0,1,0
m036,3,2,1,1,0,1,0,1,0,1
m036,3,3,1,1,1,1,1,1,1,1
m037,0,0,0,1,0,0,0,0,0,0
m037,0,1,0,1,0,0,0,0,0,0
m037,0,2,0,1,0,1,0,1,0,1
m037,0,3,0,1,0,1,0,1,0,1
m037,1,0,1,1,0,0,0,0,0,0
m037,1,1,1,1,1,0,1,0,1,0
m037,1,2,1,1,0,1,0,1,0,1
m037,1,3,1,1,1,1,1,1,1,1
m037,2,0,1,1,0,0,0,0,0,0
m037,2,1,1,1,1,0,1,0,1,0
m037,2,2,1,1,0,1,0,1,0,1
m037,2,3,1,1,1,1,1,1,1,1
m037,3,0,1,1,0,0,0,0,0,0
m037,3,1,1,1,1,0,1,0,1,0
m037,3,2,1,1,0,1,0,1,0,1
m037,3,3,1,1,1,1,1,1,1,1
m038,0,0,0,1,0,0,0,0,0,0
m038,0,1,0,1,0,0,0,0,0,0
m038,0,2,0,1,0,1,0,1,0,1
m038,0,3,0,1,0,1,0,1,0,1
m038,1,0,1,1,0,0,0,0,0,0
m038,1,1,1,1,1,0,1,0,0,0
m038,1,2,1,1,1,1,1,1,1,1
m038,1,3,1,1,1,1,1,1,1,1
m038,2,0,1,1,0,0,0,0,0,0
m038,2,1,1,1,1,0,1,0,0,0
m038,2,2,1,1,1,1,1,1,1,1
m038,2,3,1,1,1,1,1,1,1,1
m038,3,0,1,1,0,0,0,0,0,0
m038,3,1,1,1,1,0,1,0,0,0
m038,3,2,1,1,1,1,1,1,1,1
m038,3,3,1,1,1,1,1,1,1,1
m039,0,0,0,1,0,0,0,0,0,0
m039,0,1,0,1,0,0,0,0,0,0
m039,0,2,0,1,0,1,0,1,0,1
m039,0,3,0,1,0,1,0,1,0,1
m039,1,0,1,1,0,0,0,0,0,0
m039,1,1,1,1,1,0,1,0,0,0
m039,1,2,1,1,1,1,0,1,0,1
m039,1,3,1,1,1,1,1,1,1,1
m039,2,0,1,1,0,0,0,0,0,0
m039,2,1,1,1,1,0,1,0,0,0
m039,2,2,1,1,1,1,0,1,0,1
m039,2,3,1,1,1,1,1,1,1,1
m039,3,0,1,1,0,0,0,0,0,0
m039,3,1,1,1,1,0,1,0,0,0
m039,3,2,1,1,1,1,0,1,0,1
m039,3,3,1,1,1,1,1,1,1,1
m040,0,0,1,1,0,0,0,0,0,0
m040,0,1,1,1,1,0,1,0,0,0
m040,0,2,1,1,1,1,1,1,1,1
m040,0,3,1,1,1,1,1,1,1,1
m040,1,0,1,1,0,0,0,0,0,0
m040,1,1,1,1,1,0,1,0,0,0
m040,1,2,1,1,1,1,1,1,1,1
m040,1,3,1,1,1,1,1,1,1,1
m040,2,0,1,1,0,0,0,0,0,0
m040,2,1,1,1,1,0,1,0,0,0
m040,2,2,1,1,1,1,1,1,1,1
m040,2,3,1,1,1,1,1,1,1,1
m040,3,0,1,1,0,0,0,0,0,0
m040,3,1,1,1,1,0,1,0,0,0
m040,3,2,1,1,1,1,1,1,1,1
m040,3,3,1,1,1,1,1,1,1,1
m041,0,0,0,1,0,0,0,0,0,0
m041,0,1,0,1,0,0,0,0,0,0
m041,0,2,0,1,0,1,0,1,0,1
m041,0,3,0,1,0,1,0,1,0,1
m041,1,0,1,1,0,0,0,0,0,0
m041,1,1,1,1,1,0,1,0,0,0
m041,1,2,1,1,1,1,1,1,1,1
m041,1,3,1,1,1,1,1,1,1,1
m041,2,0,1,1,0,0,0,0,0,0
m041,2,1,1,1,1,0,1,0,0,0
m041,2,2,1,1,1,1,1,1,1,1
m041,2,3,1,1,1,1,1,1,1,1
m041,3,0,1,1,0,0,0,0,0,0
m041,3,1,1,1,1,0,1,0,0,0
m041,3,2,1,1,1,1,1,1,1,1
m041,3,3,1,1,1,1,1,1,1,1
m042,0,0,0,1,0,0,0,0,0,0
m042,0,1,0,1,0,0,0,0,0,0
m042,0,2,0,1,0,1,0,1,0,1
m042,0,3,0,1,0,1,0,1,0,1
m042,1,0,1,1,0,0,0,0,0,0
m042,1,1,1,1,1,0,1,0,0,0
m042,1,2,1,1,1,1,1,1,1,1
m042,1,3,1,1,1,1,1,1,1,1
m042,2,0,1,1,0,0,0,0,0,0
m042,2,1,1,1,1,0,1,0,0,0
m042,2,2,1,1,1,1,1,1,1,1
m042,2,3,1,1,1,1,1,1,1,1
m042,3,0,1,1,0,0,0,0,0,0
m042,3,1,1,1,1,0,1,0,0,0
m042,3,2,1,1,1,1,1,1,1,1
m042,3,3,1,1,1,1,1,1,1,1
m043,0,0,0,1,0,0,0,0,0,0
m043,0,1,0,1,0,0,0,0,0,0
m043,0,2,0,1,0,1,0,1,0,1
m043,0,3,0,1,0,1,0,1,0,1
m043,1,0,1,1,0,0,0,0,0,0
m043,1,1,1,1,1,0,1,0,0,0
m043,1,2,1,1,1,1,1,1,1,1
m043,1,3,1,1,1,1,1,1,1,1
m043,2,0,1,1,0,0,0,0,0,0
m043,2,1,1,1,1,0,1,0,0,0
m043,2,2,1,1,1,1,1,1,1,1
m043,2,3,1,1,1,1,1,1,1,1
m043,3,0,1,1,0,0,0,0,0,0
m043,3,1,1,1,1,0,1,0,0,0
m043,3,2,1,1,1,1,1,1,1,1
m043,3,3,1,1,1,1,1,1,1,1
m044,0,0,1,1,0,0,0,0,0,0
m044,0,1,1,1,1,0,1,0,0,0
m044,0,2,1,1,1,1,0,1,0,1
m044,0,3,1,1,1,1,1,1,1,1
m044,1,0,1,1,0,0,0,0,0,0
m044,1,1,1,1,1,0,1,0,0,0
m044,1,2,1,1,1,1,0,1,0,1
m044,1,3,1,1,1,1,1,1,1,1
m044,2,0,1,1,0,0,0,0,0,0
m044,2,1,1,1,1,0,1,0,0,0
m044,2,2,1,1,1,1,0,1,0,1
m044,2,3,1,1,1,1,1,1,1,1
m044,3,0,1,1,0,0,0,0,0,0
m044,3,1,1,1,1,0,1,0,0,0
m044,3,2,1,1,1,1,0,1,0,1
m044,3,3,1,1,1,1,1,1,1,1
m045,0,0,0,1,0,0,0,0,0,0
m045,0,1,0,1,0,0,0,0,0,0
m045,0,2,0,1,0,1,0,1,0,1
m045,0,3,0,1,0,1,0,1,0,1
m045,1,0,1,1,0,0,0,0,0,0
m045,1,1,1,1,1,0,1,0,0,0
m045,1,2,1,1,1,1,0,1,0,1
m045,1,3,1,1,1,1,1,1,1,1
m045,2,0,1,1,0,0,0,0,0,0
m045,2,1,1,1,1,0,1,0,0,0
m045,2,2,1,1,1,1,0,1,0,1
m045,2,3,1,1,1,1,1,1,1,1
m045,3,0,1,1,0,0,0,0,0,0
m045,3,1,1,1,1,0,1,0,0,0
m045,3,2,1,1,1,1,0,1,0,1
m045,3,3,1,1,1,1,1,1,1,1
m046,0,0,0,1,0,0,0,0,0,0
m046,0,1,0,1,0,0,0,0,0,0
m046,0,2,0,1,0,1,0,1,0,1
m046,0,3,0,1,0,1,0,1,0,1
m046,1,0,1,1,0,0,0,0,0,0
m046,1,1,1,1,1,0,1,0,0,0
m046,1,2,1,1,1,1,1,1,1,1
m046,1,3,1,1,1,1,1,1,1,1
m046,2,0,1,1,0,0,0,0,0,0
m046,2,1,1,1,1,0,1,0,0,0
m046,2,2,1,1,1,1,1,1,1,1
m046,2,3,1,1,1,1,1,1,1,1
m046,3,0,1,1,0,0,0,0,0,0
m046,3,1,1,1,1,0,1,0,0,0
m046,3,2,1,1,1,1,1,1,1,1
m046,3,3,1,1,1,1,1,1,1,1
m047,0,0,0,1,0,0,0,0,0,0
m047,0,1,0,1,0,0,0,0,0,0
m047,0,2,0,1,0,1,0,1,0,1
m047,0,3,0,1,0,1,0,1,0,1
m047,1,0,1,1,0,0,0,0,0,0
m047,1,1,1,1,1,0,1,0,0,0
m047,1,2,1,1,1,1,0,1,0,1
m047,1,3,1,1,1,1,1,1,1,1
m047,2,0,1,1,0,0,0,0,0,0
m047,2,1,1,1,1,0,1,0,0,0
m047,2,2,1,1,1,1,0,1,0,1
m047,2,3,1,1,1,1,1,1,1,1
m047,3,0,1,1,0,0,0,0,0,0
m047,3,1,1,1,1,0,1,0,0,0
m047,3,2,1,1,1,1,0,1,0,1
m047,3,3,1,1,1,1,1,1,1,1
m049,0,0,1,1,0,0,0,0,0,0
m049,0,1,1,1,1,1,1,0,1,0
m049,0,2,1,1,0,1,0,1,0,0
m049,0,3,1,1,1,1,1,1,1,1
m049,1,0,1,1,0,0,0,0,0,0
m049,1,1,1,1,1,1,1,0,1,0
m049,1,2,1,1,0,1,0,1,0,0
m049,1,3,1,1,1,1,1,1,1,1
m049,2,0,1,1,0,0,0,0,0,0
m049,2,1,1,1,1,1,1,0,1,0
m049,2,2,1,1,0,1,0,1,0,0
m049,2,3,1,1,1,1,1,1,1,1
m049,3,0,1,1,0,0,0,0,0,0
m049,3,1,1,1,1,1,1,0,1,0
m049,3,2,1,1,0,1,0,1,0,0
m049,3,3,1,1,1,1,1,1,1,1
m050,0,0,1,1,0,0,0,0,0,0
m050,0,1,1,1,1,1,1,0,0,0
m050,0,2,1,1,1,1,1,1,1,1
m050,0,3,1,1,1,1,1,1,1,1
m050,1,0,1,1,0,0,0,0,0,0
m050,1,1,1,1,1,1,1,0,0,0
m050,1,2,1,1,1,1,1,1,1,1
m050,1,3,1,1,1,1,1,1,1,1
m050,2,0,1,1,0,0,0,0,0,0
m050,2,1,1,1,1,1,1,0,0,0
m050,2,2,1,1,1,1,1,1,1,1
m050,2,3,1,1,1,1,1,1,1,1
m050,3,0,1,1,0,0,0,0,0,0
m050,3,1,1,1,1,1,1,0,0,0
m050,3,2,1,1,1,1,1,1,1,1
m050,3,3,1,1,1,1,1,1,1,1
m051,0,0,1,1,0,0,0,0,0,0
m051,0,1,1,1,1,1,1,0,0,0
m051,0,2,1,1,1,1,0,1,0,0
m051,0,3,1,1,1,1,1,1,1,1
m051,1,0,1,1,0,0,0,0,0,0
m051,1,1,1,1,1,1,1,0,0,0
m051,1,2,1,1,1,1,0,1,0,0
m051,1,3,1,1,1,1,1,1,1,1
m051,2,0,1,1,0,0,0,0,0,0
m051,2,1,1,1,1,1,1,0,0,0
m051,2,2,1,1,1,1,0,1,0,0
m051,2,3,1,1,1,1,1,1,1,1
m051,3,0,1,1,0,0,0,0,0,0
m051,3,1,1,1,1,1,1,0,0,0
m051,3,2,1,1,1,1,0,1,0,0
m051,3,3,1,1,1,1,1,1,1,1
m052,0,0,1,1,0,0,0,0,0,0
m052,0,1,1,1,1,1,1,0,1,0
m052,0,2,1,1,0,1,0,1,0,0
m052,0,3,1,1,1,1,1,1,1,1
m052,1,0,1,1,0,0,0,0,0,0
m052,1,1,1,1,1,1,1,0,1,0
m052,1,2,1,1,0,1,0,1,0,0
m052,1,3,1,1,1,1,1,1,1,1
m052,2,0,1,1,0,0,0,0,0,0
m052,2,1,1,1,1,1,1,0,1,0
m052,2,2,1,1,0,1,0,1,0,0
m052,2,3,1,1,1,1,1,1,1,1
m052,3,0,1,1,0,0,0,0,0,0
m052,3,1,1,1,1,1,1,0,1,0
m052,3,2,1,1,0,1,0,1,0,0
m052,3,3,1,1,1,1,1,1,1,1
m053,0,0,0,1,0,0,0,0,0,0
m053,0,1,0,1,0,0,0,0,0,0
m053,0,2,0,1,0,1,0,1,0,1
m053,0,3,0,1,0,1,0,1,0,1
m053,1,0,1,1,0,0,0,0,0,0
m053,1,1,1,1,1,1,1,0,1,0
m053,1,2,1,1,0,1,0,1,0,0
m053,1,3,1,1,1,1,1,1,1,1
m053,2,0,1,1,0,0,0,0,0,0
m053,2,1,1,1,1,1,1,0,1,0
m053,2,2,1,1,0,1,0,1,0,0
m053,2,3,1,1,1,1,1,1,1,1
m053,3,0,1,1,0,0,0,0,0,0
m053,3,1,1,1,1,1,1,0,1,0
m053,3,2,1,1,0,1,0,1,0,0
m053,3,3,1,1,1,1,1,1,1,1
m054,0,0,0,1,0,0,0,0,0,0
m054,0,1,0,1,0,0,0,0,0,0
m054,0,2,0,1,0,1,0,1,0,1
m054,0,3,0,1,0,1,0,1,0,1
m054,1,0,1,1,0,0,0,0,0,0
m054,1,1,1,1,1,1,1,0,0,0
m054,1,2,1,1,1,1,1,1,1,1
m054,1,3,1,1,1,1,1,1,1,1
m054,2,0,1,1,0,0,0,0,0,0
m054,2,1,1,1,1,1,1,0,0,0
m054,2,2,1,1,1,1,1,1,1,1
m054,2,3,1,1,1,1,1,1,1,1
m054,3,0,1,1,0,0,0,0,0,0
m054,3,1,1,1,1,1,1,0,0,0
m054,3,2,1,1,1,1,1,1,1,1
m054,3,3,1,1,1,1,1,1,1,1
m055,0,0,0,1,0,0,0,0,0,0
m055,0,1,0,1,0,0,0,0,0,0
m055,0,2,0,1,0,1,0,1,0,1
m055,0,3,0,1,0,1,0,1,0,1
m055,1,0,1,1,0,0,0,0,0,0
m055,1,1,1,1,1,1,1,0,0,0
m055,1,2,1,1,1,1,0,1,0,0
m055,1,3,1,1,1,1,1,1,1,1
m055,2,0,1,1,0,0,0,0,0,0
m055,2,1,1,1,1,1,1,0,0,0
m055,2,2,1,1,1,1,0,1,0,0
m055,2,3,1,1,1,1,1,1,1,1
m055,3,0,1,1,0,0,0,0,0,0
m055,3,1,1,1,1,1,1,0,0,0
m055,3,2,1,1,1,1,0,1,0,0
m055,3,3,1,1,1,1,1,1,1,1
m056,0,0,1,1,0,0,0,0,0,0
m056,0,1,1,1,1,1,1,0,0,0
m056,0,2,1,1,1,1,1,1,1,1
m056,0,3,1,1,1,1,1,1,1,1
m056,1,0,1,1,0,0,0,0,0,0
m056,1,1,1,1,1,1,1,0,0,0
m056,1,2,1,1,1,1,1,1,1,1
m056,1,3,1,1,1,1,1,1,1,1
m056,2,0,1,1,0,0,0,0,0,0
m056,2,1,1,1,1,1,1,0,0,0
m056,2,2,1,1,1,1,1,1,1,1
m056,2,3,1,1,1,1,1,1,1,1
m056,3,0,1,1,0,0,0,0,0,0
m056,3,1,1,1,1,1,1,0,0,0
m056,3,2,1,1,1,1,1,1,1,1
m056,3,3,1,1,1,1,1,1,1,1
m057,0,0,0,1,0,0,0,0,0,0
m057,0,1,0,1,0,0,0,0,0,0
m057,0,2,0,1,0,1,0,1,0,1
m057,0,3,0,1,0,1,0,1,0,1
m057,1,0,1,1,0,0,0,0,0,0
m057,1,1,1,1,1,1,1,0,0,0
m057,1,2,1,1,1,1,1,1,1,1
m057,1,3,1,1,1,1,1,1,1,1
m057,2,0,1,1,0,0,0,0,0,0
m057,2,1,1,1,1,1,1,0,0,0
m057,2,2,1,1,1,1,1,1,1,1
m057,2,3,1,1,1,1,1,1,1,1
m057,3,0,1,1,0,0,0,0,0,0
m057,3,1,1,1,1,1,1,0,0,0
m057,3,2,1,1,1,1,1,1,1,1
m057,3,3,1,1,1,1,1,1,1,1
m058,0,0,0,1,0,0,0,0,0,0
m058,0,1,0,1,0,0,0,0,0,0
m058,0,2,0,1,0,1,0,1,0,1
m058,0,3,0,1,0,1,0,1,0,1
m058,1,0,1,1,0,0,0,0,0,0
m058,1,1,1,1,1,1,1,0,0,0
m058,1,2,1,1,1,1,1,1,1,1
m058,1,3,1,1,1,1,1,1,1,1
m058,2,0,1,1,0,0,0,0,0,0
m058,2,1,1,1,1,1,1,0,0,0
m058,2,2,1,1,1,1,1,1,1,1
m058,2,3,1,1,1,1,1,1,1,1
m058,3,0,1,1,0,0,0,0,0,0
m058,3,1,1,1,1,1,1,0,0,0
m058,3,2,1,1,1,1,1,1,1,1
m058,3,3,1,1,1,1,1,1,1,1
m059,0,0,0,1,0,0,0,0,0,0
m059,0,1,0,1,0,0,0,0,0,0
m059,0,2,0,1,0,1,0,1,0,1
m059,0,3,0,1,0,1,0,1,0,1
m059,1,0,1,1,0,0,0,0,0,0
m059,1,1,1,1,1,1,1,0,0,0
m059,1,2,1,1,1,1,1,1,1,1
m059,1,3,1,1,1,1,1,1,1,1
m059,2,0,1,1,0,0,0,0,0,0
m059,2,1,1,1,1,1,1,0,0,0
m059,2,2,1,1,1,1,1,1,1,1
m059,2,3,1,1,1,1,1,1,1,1
m059,3,0,1,1,0,0,0,0,0,0
m059,3,1,1,1,1,1,1,0,0,0
m059,3,2,1,1,1,1,1,1,1,1
m059,3,3,1,1,1,1,1,1,1,1
m060,0,0,1,1,0,0,0,0,0,0
m060,0,1,1,1,1,1,1,0,0,0
m060,0,2,1,1,1,1,0,1,0,0
m060,0,3,1,1,1,1,1,1,1,1
m060,1,0,1,1,0,0,0,0,0,0
m060,1,1,1,1,1,1,1,0,0,0
m060,1,2,1,1,1,1,0,1,0,0
m060,1,3,1,1,1,1,1,1,1,1
m060,2,0,1,1,0,0,0,0,0,0
m060,2,1,1,1,1,1,1,0,0,0
m060,2,2,1,1,1,1,0,1,0,0
m060,2,3,1,1,1,1,1,1,1,1
m060,3,0,1,1,0,0,0,0,0,0
m060,3,1,1,1,1,1,1,0,0,0
m060,3,2,1,1,1,1,0,1,0,0
m060,3,3,1,1,1,1,1,1,1,1
m061,0,0,0,1,0,0,0,0,0,0
m061,0,1,0,1,0,0,0,0,0,0
m061,0,2,0,1,0,1,0,1,0,1
m061,0,3,0,1,0,1,0,1,0,1
m061,1,0,1,1,0,0,0,0,0,0
m061,1,1,1,1,1,1,1,0,0,0
m061,1,2,1,1,1,1,0,1,0,0
m061,1,3,1,1,1,1,1,1,1,1
m061,2,0,1,1,0,0,0,0,0,0
m061,2,1,1,1,1,1,1,0,0,0
m061,2,2,1,1,1,1,0,1,0,0
m061,2,3,1,1,1,1,1,1,1,1
m061,3,0,1,1,0,0,0,0,0,0
m061,3,1,1,1,1,1,1,0,0,0
m061,3,2,1,1,1,1,0,1,0,0
m061,3,3,1,1,1,1,1,1,1,1
m062,0,0,0,1,0,0,0,0,0,0
m062,0,1,0,1,0,0,0,0,0,0
m062,0,2,0,1,0,1,0,1,0,1
m062,0,3,0,1,0,1,0,1,0,1
m062,1,0,1,1,0,0,0,0,0,0
m062,1,1,1,1,1,1,1,0,0,0
m062,1,2,1,1,1,1,1,1,1,1
m062,1,3,1,1,1,1,1,1,1,1
m062,2,0,1,1,0,0,0,0,0,0
m062,2,1,1,1,1,1,1,0,0,0
m062,2,2,1,1,1,1,1,1,1,1
m062,2,3,1,1,1,1,1,1,1,1
m062,3,0,1,1,0,0,0,0,0,0
m062,3,1,1,1,1,1,1,0,0,0
m062,3,2,1,1,1,1,1,1,1,1
m062,3,3,1,1,1,1,1,1,1,1
m063,0,0,0,1,0,0,0,0,0,0
m063,0,1,0,1,0,0,0,0,0,0
m063,0,2,0,1,0,1,0,1,0,1
m063,0,3,0,1,0,1,0,1,0,1
m063,1,0,1,1,0,0,0,0,0,0
m063,1,1,1,1,1,1,1,0,0,0
m063,1,2,1,1,1,1,0,1,0,0
m063,1,3,1,1,1,1,1,1,1,1
m063,2,0,1,1,0,0,0,0,0,0
m063,2,1,1,1,1,1,1,0,0,0
m063,2,2,1,1,1,1,0,1,0,0
m063,2,3,1,1,1,1,1,1,1,1
m063,3,0,1,1,0,0,0,0,0,0
m063,3,1,1,1,1,1,1,0,0,0
m063,3,2,1,1,1,1,0,1,0,0
m063,3,3,1,1,1,1,1,1,1,1
m065,0,0,1,1,0,0,0,0,0,0
m065,0,1,1,1,1,1,1,1,1,1
m065,0,2,1,1,0,1,0,1,0,0
m065,0,3,1,1,1,1,1,1,1,1
m065,1,0,1,1,0,0,0,0,0,0
m065,1,1,1,1,1,1,1,1,1,1
m065,1,2,1,1,0,1,0,1,0,0
m065,1,3,1,1,1,1,1,1,1,1
m065,2,0,1,1,0,0,0,0,0,0
m065,2,1,1,1,1,1,1,1,1,1
m065,2,2,1,1,0,1,0,1,0,0
m065,2,3,1,1,1,1,1,1,1,1
m065,3,0,1,1,0,0,0,0,0,0
m065,3,1,1,1,1,1,1,1,1,1
m065,3,2,1,1,0,1,0,1,0,0
m065,3,3,1,1,1,1,1,1,1,1
m066,0,0,1,1,0,0,0,0,0,0
m066,0,1,1,1,1,1,1,1,1,1
m066,0,2,1,1,1,1,1,1,1,1
m066,0,3,1,1,1,1,1,1,1,1
m066,1,0,1,1,0,0,0,0,0,0
m066,1,1,1,1,1,1,1,1,1,1
m066,1,2,1,1,1,1,1,1,1,1
m066,1,3,1,1,1,1,1,1,1,1
m066,2,0,1,1,0,0,0,0,0,0
m066,2,1,1,1,1,1,1,1,1,1
m066,2,2,1,1,1,1,1,1,1,1
m066,2,3,1,1,1,1,1,1,1,1
m066,3,0,1,1,0,0,0,0,0,0
m066,3,1,1,1,1,1,1,1,1,1
m066,3,2,1,1,1,1,1,1,1,1
m066,3,3,1,1,1,1,1,1,1,1
m067,0,0,1,1,0,0,0,0,0,0
m067,0,1,1,1,1,1,1,1,1,1
m067,0,2,1,1,1,1,0,1,0,0
m067,0,3,1,1,1,1,1,1,1,1
m067,1,0,1,1,0,0,0,0,0,0
m067,1,1,1,1,1,1,1,1,1,1
m067,1,2,1,1,1,1,0,1,0,0
m067,1,3,1,1,1,1,1,1,1,1
m067,2,0,1,1,0,0,0,0,0,0
m067,2,1,1,1,1,1,1,1,1,1
m067,2,2,1,1,1,1,0,1,0,0
m067,2,3,1,1,1,1,1,1,1,1
m067,3,0,1,1,0,0,0,0,0,0
m067,3,1,1,1,1,1,1,1,1,1
m067,3,2,1,1,1,1,0,1,0,0
m067,3,3,1,1,1,1,1,1,1,1
m068,0,0,1,1,0,0,0,0,0,0
m068,0,1,1,1,1,1,1,1,1,1
m068,0,2,1,1,0,1,0,1,0,0
m068,0,3,1,1,1,1,1,1,1,1
m068,1,0,1,1,0,0,0,0,0,0
m068,1,1,1,1,1,1,1,1,1,1
m068,1,2,1,1,0,1,0,1,0,0
m068,1,3,1,1,1,1,1,1,1,1
m068,2,0,1,1,0,0,0,0,0,0
m068,2,1,1,1,1,1,1,1,1,1
m068,2,2,1,1,0,1,0,1,0,0
m068,2,3,1,1,1,1,1,1,1,1
m068,3,0,1,1,0,0,0,0,0,0
m068,3,1,1,1,1,1,1,1,1,1
m068,3,2,1,1,0,1,0,1,0,0
m068,3,3,1,1,1,1,1,1,1,1
m069,0,0,0,0,0,0,0,0,0,0
m069,0,1,0,0,0,0,0,0,0,0
m069,0,2,0,0,0,0,0,0,0,0
m069,0,3,0,0,0,0,0,0,0,0
m069,1,0,1,1,0,0,0,0,0,0
m069,1,1,1,1,1,1,1,1,1,1
m069,1,2,1,1,0,1,0,1,0,0
m069,1,3,1,1,1,1,1,1,1,1
m069,2,0,1,1,0,0,0,0,0,0
m069,2,1,1,1,1,1,1,1,1,1
m069,2,2,1,1,0,1,0,1,0,0
m069,2,3,1,1,1,1,1,1,1,1
m069,3,0,1,1,0,0,0,0,0,0
m069,3,1,1,1,1,1,1,1,1,1
m069,3,2,1,1,0,1,0,1,0,0
m069,3,3,1,1,1,1,1,1,1,1
m070,0,0,0,0,0,0,0,0,0,0
m070,0,1,0,0,0,0,0,0,0,0
m070,0,2,0,0,0,0,0,0,0,0
m070,0,3,0,0,0,0,0,0,0,0
m070,1,0,1,1,0,0,0,0,0,0
m070,1,1,1,1,1,1,1,1,1,1
m070,1,2,1,1,1,1,1,1,1,1
m070,1,3,1,1,1,1,1,1,1,1
m070,2,0,1,1,0,0,0,0,0,0
m070,2,1,1,1,1,1,1,1,1,1
m070,2,2,1,1,1,1,1,1,1,1
m070,2,3,1,1,1,1,1,1,1,1
m070,3,0,1,1,0,0,0,0,0,0
m070,3,1,1,1,1,1,1,1,1,1
m070,3,2,1,1,1,1,1,1,1,1
m070,3,3,1,1,1,1,1,1,1,1
m071,0,0,0,0,0,0,0,0,0,0
m071,0,1,0,0,0,0,0,0,0,0
m071,0,2,0,0,0,0,0,0,0,0
m071,0,3,0,0,0,0,0,0,0,0
m071,1,0,1,1,0,0,0,0,0,0
m071,1,1,1,1,1,1,1,1,1,1
m071,1,2,1,1,1,1,0,1,0,0
m071,1,3,1,1,1,1,1,1,1,1
m071,2,0,1,1,0,0,0,0,0,0
m071,2,1,1,1,1,1,1,1,1,1
m071,2,2,1,1,1,1,0,1,0,0
m071,2,3,1,1,1,1,1,1,1,1
m071,3,0,1,1,0,0,0,0,0,0
m071,3,1,1,1,1,1,1,1,1,1
m071,3,2,1,1,1,1,0,1,0,0
m071,3,3,1,1,1,1,1,1,1,1
m072,0,0,1,1,0,0,0,0,0,0
m072,0,1,1,1,1,1,1,1,1,1
m072,0,2,1,1,1,1,1,1,1,1
m072,0,3,1,1,1,1,1,1,1,1
m072,1,0,1,1,0,0,0,0,0,0
m072,1,1,1,1,1,1,1,1,1,1
m072,1,2,1,1,1,1,1,1,1,1
m072,1,3,1,1,1,1,1,1,1,1
m072,2,0,1,1,0,0,0,0,0,0
m072,2,1,1,1,1,1,1,1,1,1
m072,2,2,1,1,1,1,1,1,1,1
m072,2,3,1,1,1,1,1,1,1,1
m072,3,0,1,1,0,0,0,0,0,0
m072,3,1,1,1,1,1,1,1,1,1
m072,3,2,1,1,1,1,1,1,1,1
m072,3,3,1,1,1,1,1,1,1,1
m073,0,0,0,0,0,0,0,0,0,0
m073,0,1,0,0,0,0,0,0,0,0
m073,0,2,0,0,0,0,0,0,0,0
m073,0,3,0,0,0,0,0,0,0,0
m073,1,0,1,1,0,0,0,0,0,0
m073,1,1,1,1,1,1,1,1,1,1
m073,1,2,1,1,1,1,1,1,1,1
m073,1,3,1,1,1,1,1,1,1,1
m073,2,0,1,1,0,0,0,0,0,0
m073,2,1,1,1,1,1,1,1,1,1
m073,2,2,1,1,1,1,1,1,1,1
m073,2,3,1,1,1,1,1,1,1,1
m073,3,0,1,1,0,0,0,0,0,0
m073,3,1,1,1,1,1,1,1,1,1
m073,3,2,1,1,1,1,1,1,1,1
m073,3,3,1,1,1,1,1,1,1,1
m074,0,0,0,0,0,0,0,0,0,0
m074,0,1,0,0,0,0,0,0,0,0
m074,0,2,0,0,0,0,0,0,0,0
m074,0,3,0,0,0,0,0,0,0,0
m074,1,0,1,1,0,0,0,0,0,0
m074,1,1,1,1,1,1,1,1,1,1
m074,1,2,1,1,1,1,1,1,1,1
m074,1,3,1,1,1,1,1,1,1,1
m074,2,0,1,1,0,0,0,0,0,0
m074,2,1,1,1,1,1,1,1,1,1
m074,2,2,1,1,1,1,1,1,1,1
m074,2,3,1,1,1,1,1,1,1,1
m074,3,0,1,1,0,0,0,0,0,0
m074,3,1,1,1,1,1,1,1,1,1
m074,3,2,1,1,1,1,1,1,1,1
m074,3,3,1,1,1,1,1,1,1,1
m075,0,0,0,0,0,0,0,0,0,0
m075,0,1,0,0,0,0,0,0,0,0
m075,0,2,0,0,0,0,0,0,0,0
m075,0,3,0,0,0,0,0,0,0,0
m075,1,0,1,1,0,0,0,0,0,0
m075,1,1,1,1,1,1,1,1,1,1
m075,1,2,1,1,1,1,1,1,1,1
m075,1,3,1,1,1,1,1,1,1,1
m075,2,0,1,1,0,0,0,0,0,0
m075,2,1,1,1,1,1,1,1,1,1
m075,2,2,1,1,1,1,1,1,1,1
m075,2,3,1,1,1,1,1,1,1,1
m075,3,0,1,1,0,0,0,0,0,0
m075,3,1,1,1,1,1,1,1,1,1
m075,3,2,1,1,1,1,1,1,1,1
m075,3,3,1,1,1,1,1,1,1,1
m076,0,0,1,1,0,0,0,0,0,0
m076,0,1,1,1,1,1,1,1,1,1
m076,0,2,1,1,1,1,0,1,0,0
m076,0,3,1,1,1,1,1,1,1,1
m076,1,0,1,1,0,0,0,0,0,0
m076,1,1,1,1,1,1,1,1,1,1
m076,1,2,1,1,1,1,0,1,0,0
m076,1,3,1,1,1,1,1,1,1,1
m076,2,0,1,1,0,0,0,0,0,0
m076,2,1,1,1,1,1,1,1,1,1
m076,2,2,1,1,1,1,0,1,0,0
m076,2,3,1,1,1,1,1,1,1,1
m076,3,0,1,1,0,0,0,0,0,0
m076,3,1,1,1,1,1,1,1,1,1
m076,3,2,1,1,1,1,0,1,0,0
m076,3,3,1,1,1,1,1,1,1,1
m077,0,0,0,0,0,0,0,0,0,0
m077,0,1,0,0,0,0,0,0,0,0
m077,0,2,0,0,0,0,0,0,0,0
m077,0,3,0,0,0,0,0,0,0,0
m077,1,0,1,1,0,0,0,0,0,0
m077,1,1,1,1,1,1,1,1,1,1
m077,1,2,1,1,1,1,0,1,0,0
m077,1,3,1,1,1,1,1,1,1,1
m077,2,0,1,1,0,0,0,0,0,0
m077,2,1,1,1,1,1,1,1,1,1
m077,2,2,1,1,1,1,0,1,0,0
m077,2,3,1,1,1,1,1,1,1,1
m077,3,0,1,1,0,0,0,0,0,0
m077,3,1,1,1,1,1,1,1,1,1
m077,3,2,1,1,1,1,0,1,0,0
m077,3,3,1,1,1,1,1,1,1,1
m078,0,0,0,0,0,0,0,0,0,0
m078,0,1,0,0,0,0,0,0,0,0
m078,0,2,0,0,0,0,0,0,0,0
m078,0,3,0,0,0,0,0,0,0,0
m078,1,0,1,1,0,0,0,0,0,0
m078,1,1,1,1,1,1,1,1,1,1
m078,1,2,1,1,1,1,1,1,1,1
m078,1,3,1,1,1,1,1,1,1,1
m078,2,0,1,1,0,0,0,0,0,0
m078,2,1,1,1,1,1,1,1,1,1
m078,2,2,1,1,1,1,1,1,1,1
m078,2,3,1,1,1,1,1,1,1,1
m078,3,0,1,1,0,0,0,0,0,0
m078,3,1,1,1,1,1,1,1,1,1
m078,3,2,1,1,1,1,1,1,1,1
m078,3,3,1,1,1,1,1,1,1,1
m079,0,0,0,0,0,0,0,0,0,0
m079,0,1,0,0,0,0,0,0,0,0
m079,0,2,0,0,0,0,0,0,0,0
m079,0,3,0,0,0,0,0,0,0,0
m079,1,0,1,1,0,0,0,0,0,0
m079,1,1,1,1,1,1,1,1,1,1
m079,1,2,1,1,1,1,0,1,0,0
m079,1,3,1,1,1,1,1,1,1,1
m079,2,0,1,1,0,0,0,0,0,0
m079,2,1,1,1,1,1,1,1,1,1
m079,2,2,1,1,1,1,0,1,0,0
m079,2,3,1,1,1,1,1,1,1,1
m079,3,0,1,1,0,0,0,0,0,0
m079,3,1,1,1,1,1,1,1,1,1
m079,3,2,1,1,1,1,0,1,0,0
m079,3,3,1,1,1,1,1,1,1,1
m081,0,0,1,0,0,0,0,0,0,0
m081,0,1,1,0,1,0,1,0,1,0
m081,0,2,1,0,0,0,0,0,0,0
m081,0,3,1,0,1,0,1,0,1,0
m081,1,0,1,1,0,0,0,0,0,0
m081,1,1,1,1,1,1,1,1,1,1
m081,1,2,1,1,0,1,0,1,0,0
m081,1,3,1,1,1,1,1,1,1,1
m081,2,0,1,1,0,0,0,0,0,0
m081,2,1,1,1,1,1,1,1,1,1
m081,2,2,1,1,0,1,0,1,0,0
m081,2,3,1,1,1,1,1,1,1,1
m081,3,0,1,1,0,0,0,0,0,0
m081,3,1,1,1,1,1,1,1,1,1
m081,3,2,1,1,0,1,0,1,0,0
m081,3,3,1,1,1,1,1,1,1,1
m082,0,0,0,0,0,0,0,0,0,0
m082,0,1,0,0,0,0,0,0,0,0
m082,0,2,0,0,0,0,0,0,0,0
m082,0,3,0,0,0,0,0,0,0,0
m082,1,0,1,1,0,0,0,0,0,0
m082,1,1,1,1,1,1,1,1,1,1
m082,1,2,1,1,1,1,1,1,1,1
m082,1,3,1,1,1,1,1,1,1,1
m082,2,0,1,1,0,0,0,0,0,0
m082,2,1,1,1,1,1,1,1,1,1
m082,2,2,1,1,1,1,1,1,1,1
m082,2,3,1,1,1,1,1,1,1,1
m082,3,0,1,1,0,0,0,0,0,0
m082,3,1,1,1,1,1,1,1,1,1
m082,3,2,1,1,1,1,1,1,1,1
m082,3,3,1,1,1,1,1,1,1,1
m083,0,0,1,0,0,0,0,0,0,0
m083,0,1,1,0,1,0,1,0,1,0
m083,0,2,1,0,0,0,0,0,0,0
m083,0,3,1,0,1,0,1,0,1,0
m083,1,0,1,1,0,0,0,0,0,0
m083,1,1,1,1,1,1,1,1,1,1
m083,1,2,1,1,1,1,0,1,0,0
m083,1,3,1,1,1,1,1,1,1,1
m083,2,0,1,1,0,0,0,0,0,0
m083,2,1,1,1,1,1,1,1,1,1
m083,2,2,1,1,1,1,0,1,0,0
m083,2,3,1,1,1,1,1,1,1,1
m083,3,0,1,1,0,0,0,0,0,0
m083,3,1,1,1,1,1,1,1,1,1
m083,3,2,1,1,1,1,0,1,0,0
m083,3,3,1,1,1,1,1,1,1,1
m084,0,0,1,0,0,0,0,0,0,0
m084,0,1,1,0,1,0,1,0,1,0
m084,0,2,1,0,0,0,0,0,0,0
m084,0,3,1,0,1,0,1,0,1,0
m084,1,0,1,1,0,0,0,0,0,0
m084,1,1,1,1,1,1,1,1,1,1
m084,1,2,1,1,0,1,0,1,0,0
m084,1,3,1,1,1,1,1,1,1,1
m084,2,0,1,1,0,0,0,0,0,0
m084,2,1,1,1,1,1,1,1,1,1
m084,2,2,1,1,0,1,0,1,0,0
m084,2,3,1,1,1,1,1,1,1,1
m084,3,0,1,1,0,0,0,0,0,0
m084,3,1,1,1,1,1,1,1,1,1
m084,3,2,1,1,0,1,0,1,0,0
m084,3,3,1,1,1,1,1,1,1,1
m085,0,0,0,0,0,0,0,0,0,0
m085,0,1,0,0,0,0,0,0,0,0
m085,0,2,0,0,0,0,0,0,0,0
m085,0,3,0,0,0,0,0,0,0,0
m085,1,0,1,1,0,0,0,0,0,0
m085,1,1,1,1,1,1,1,1,1,1
m085,1,2,1,1,0,1,0,1,0,0
m085,1,3,1,1,1,1,1,1,1,1
m085,2,0,1,1,0,0,0,0,0,0
m085,2,1,1,1,1,1,1,1,1,1
m085,2,2,1,1,0,1,0,1,0,0
m085,2,3,1,1,1,1,1,1,1,1
m085,3,0,1,1,0,0,0,0,0,0
m085,3,1,1,1,1,1,1,1,1,1
m085,3,2,1,1,0,1,0,1,0,0
m085,3,3,1,1,1,1,1,1,1,1
m086,0,0,0,0,0,0,0,0,0,0
m086,0,1,0,0,0,0,0,0,0,0
m086,0,2,0,0,0,0,0,0,0,0
m086,0,3,0,0,0,0,0,0,0,0
m086,1,0,1,1,0,0,0,0,0,0
m086,1,1,1,1,1,1,1,1,1,1
m086,1,2,1,1,1,1,1,1,1,1
m086,1,3,1,1,1,1,1,1,1,1
m086,2,0,1,1,0,0,0,0,0,0
m086,2,1,1,1,1,1,1,1,1,1
m086,2,2,1,1,1,1,1,1,1,1
m086,2,3,1,1,1,1,1,1,1,1
m086,3,0,1,1,0,0,0,0,0,0
m086,3,1,1,1,1,1,1,1,1,1
m086,3,2,1,1,1,1,1,1,1,1
m086,3,3,1,1,1,1,1,1,1,1
m087,0,0,0,0,0,0,0,0,0,0
m087,0,1,0,0,0,0,0,0,0,0
m087,0,2,0,0,0,0,0,0,0,0
m087,0,3,0,0,0,0,0,0,0,0
m087,1,0,1,1,0,0,0,0,0,0
m087,1,1,1,1,1,1,1,1,1,1
m087,1,2,1,1,1,1,0,1,0,0
m087,1,3,1,1,1,1,1,1,1,1
m087,2,0,1,1,0,0,0,0,0,0
m087,2,1,1,1,1,1,1,1,1,1
m087,2,2,1,1,1,1,0,1,0,0
m087,2,3,1,1,1,1,1,1,1,1
m087,3,0,1,1,0,0,0,0,0,0
m087,3,1,1,1,1,1,1,1,1,1
m087,3,2,1,1,1,1,0,1,0,0
m087,3,3,1,1,1,1,1,1,1,1
m088,0,0,0,0,0,0,0,0,0,0
m088,0,1,0,0,0,0,0,0,0,0
m088,0,2,0,0,0,0,0,0,0,0
m088,0,3,0,0,0,0,0,0,0,0
m088,1,0,1,1,0,0,0,0,0,0
m088,1,1,1,1,1,1,1,1,1,1
m088,1,2,1,1,1,1,1,1,1,1
m088,1,3,1,1,1,1,1,1,1,1
m088,2,0,1,1,0,0,0,0,0,0
m088,2,1,1,1,1,1,1,1,1,1
m088,2,2,1,1,1,1,1,1,1,1
m088,2,3,1,1,1,1,1,1,1,1
m088,3,0,1,1,0,0,0,0,0,0
m088,3,1,1,1,1,1,1,1,1,1
m088,3,2,1,1,1,1,1,1,1,1
m088,3,3,1,1,1,1,1,1,1,1
m089,0,0,0,0,0,0,0,0,0,0
m089,0,1,0,0,0,0,0,0,0,0
m089,0,2,0,0,0,0,0,0,0,0
m089,0,3,0,0,0,0,0,0,0,0
m089,1,0,1,1,0,0,0,0,0,0
m089,1,1,1,1,1,1,1,1,1,1
m089,1,2,1,1,1,1,1,1,1,1
m089,1,3,1,1,1,1,1,1,1,1
m089,2,0,1,1,0,0,0,0,0,0
m089,2,1,1,1,1,1,1,1,1,1
m089,2,2,1,1,1,1,1,1,1,1
m089,2,3,1,1,1,1,1,1,1,1
m089,3,0,1,1,0,0,0,0,0,0
m089,3,1,1,1,1,1,1,1,1,1
m089,3,2,1,1,1,1,1,1,1,1
m089,3,3,1,1,1,1,1,1,1,1
m090,0,0,0,0,0,0,0,0,0,0
m090,0,1,0,0,0,0,0,0,0,0
m090,0,2,0,0,0,0,0,0,0,0
m090,0,3,0,0,0,0,0,0,0,0
m090,1,0,1,1,0,0,0,0,0,0
m090,1,1,1,1,1,1,1,1,1,1
m090,1,2,1,1,1,1,1,1,1,1
m090,1,3,1,1,1,1,1,1,1,1
m090,2,0,1,1,0,0,0,0,0,0
m090,2,1,1,1,1,1,1,1,1,1
m090,2,2,1,1,1,1,1,1,1,1
m090,2,3,1,1,1,1,1,1,1,1
m090,3,0,1,1,0,0,0,0,0,0
m090,3,1,1,1,1,1,1,1,1,1
m090,3,2,1,1,1,1,1,1,1,1
m090,3,3,1,1,1,1,1,1,1,1
m091,0,0,0,0,0,0,0,0,0,0
m091,0,1,0,0,0,0,0,0,0,0
m091,0,2,0,0,0,0,0,0,0,0
m091,0,3,0,0,0,0,0,0,0,0
m091,1,0,1,1,0,0,0,0,0,0
m091,1,1,1,1,1,1,1,1,1,1
m091,1,2,1,1,1,1,1,1,1,1
m091,1,3,1,1,1,1,1,1,1,1
m091,2,0,1,1,0,0,0,0,0,0
m091,2,1,1,1,1,1,1,1,1,1
m091,2,2,1,1,1,1,1,1,1,1
m091,2,3,1,1,1,1,1,1,1,1
m091,3,0,1,1,0,0,0,0,0,0
m091,3,1,1,1,1,1,1,1,1,1
m091,3,2,1,1,1,1,1,1,1,1
m091,3,3,1,1,1,1,1,1,1,1
m092,0,0,1,0,0,0,0,0,0,0
m092,0,1,1,0,1,0,1,0,1,0
m092,0,2,1,0,0,0,0,0,0,0
m092,0,3,1,0,1,0,1,0,1,0
m092,1,0,1,1,0,0,0,0,0,0
m092,1,1,1,1,1,1,1,1,1,1
m092,1,2,1,1,1,1,0,1,0,0
m092,1,3,1,1,1,1,1,1,1,1
m092,2,0,1,1,0,0,0,0,0,0
m092,2,1,1,1,1,1,1,1,1,1
m092,2,2,1,1,1,1,0,1,0,0
m092,2,3,1,1,1,1,1,1,1,1
m092,3,0,1,1,0,0,0,0,0,0
m092,3,1,1,1,1,1,1,1,1,1
m092,3,2,1,1,1,1,0,1,0,0
m092,3,3,1,1,1,1,1,1,1,1
m093,0,0,0,0,0,0,0,0,0,0
m093,0,1,0,0,0,0,0,0,0,0
m093,0,2,0,0,0,0,0,0,0,0
m093,0,3,0,0,0,0,0,0,0,0
m093,1,0,1,1,0,0,0,0,0,0
m093,1,1,1,1,1,1,1,1,1,1
m093,1,2,1,1,1,1,0,1,0,0
m093,1,3,1,1,1,1,1,1,1,1
m093,2,0,1,1,0,0,0,0,0,0
m093,2,1,1,1,1,1,1,1,1,1
m093,2,2,1,1,1,1,0,1,0,0
m093,2,3,1,1,1,1,1,1,1,1
m093,3,0,1,1,0,0,0,0,0,0
m093,3,1,1,1,1,1,1,1,1,1
m093,3,2,1,1,1,1,0,1,0,0
m093,3,3,1,1,1,1,1,1,1,1
m094,0,0,0,0,0,0,0,0,0,0
m094,0,1,0,0,0,0,0,0,0,0
m094,0,2,0,0,0,0,0,0,0,0
m094,0,3,0,0,0,0,0,0,0,0
m094,1,0,1,1,0,0,0,0,0,0
m094,1,1,1,1,1,1,1,1,1,1
m094,1,2,1,1,1,1,1,1,1,1
m094,1,3,1,1,1,1,1,1,1,1
m094,2,0,1,1,0,0,0,0,0,0
m094,2,1,1,1,1,1,1,1,1,1
m094,2,2,1,1,1,1,1,1,1,1
m094,2,3,1,1,1,1,1,1,1,1
m094,3,0,1,1,0,0,0,0,0,0
m094,3,1,1,1,1,1,1,1,1,1
m094,3,2,1,1,1,1,1,1,1,1
m094,3,3,1,1,1,1,1,1,1,1
m095,0,0,0,0,0,0,0,0,0,0
m095,0,1,0,0,0,0,0,0,0,0
m095,0,2,0,0,0,0,0,0,0,0
m095,0,3,0,0,0,0,0,0,0,0
m095,1,0,1,1,0,0,0,0,0,0
m095,1,1,1,1,1,1,1,1,1,1
m095,1,2,1,1,1,1,0,1,0,0
m095,1,3,1,1,1,1,1,1,1,1
m095,2,0,1,1,0,0,0,0,0,0
m095,2,1,1,1,1,1,1,1,1,1
m095,2,2,1,1,1,1,0,1,0,0
m095,2,3,1,1,1,1,1,1,1,1
m095,3,0,1,1,0,0,0,0,0,0
m095,3,1,1,1,1,1,1,1,1,1
m095,3,2,1,1,1,1,0,1,0,0
m095,3,3,1,1,1,1,1,1,1,1
m097,0,0,1,0,0,0,0,0,0,0
m097,0,1,1,0,1,0,1,0,1,0
m097,0,2,1,0,0,0,0,0,0,0
m097,0,3,1,0,1,0,1,0,1,0
m097,1,0,1,1,0,0,0,0,0,0
m097,1,1,1,1,1,1,1,1,1,1
m097,1,2,1,1,0,1,0,1,0,0
m097,1,3,1,1,1,1,1,1,1,1
m097,2,0,1,1,0,0,0,0,0,0
m097,2,1,1,1,1,1,1,1,1,1
m097,2,2,1,1,0,1,0,1,0,0
m097,2,3,1,1,1,1,1,1,1,1
m097,3,0,1,1,0,0,0,0,0,0
m097,3,1,1,1,1,1,1,1,1,1
m097,3,2,1,1,0,1,0,1,0,0
m097,3,3,1,1,1,1,1,1,1,1
m098,0,0,0,0,0,0,0,0,0,0
m098,0,1,0,0,0,0,0,0,0,0
m098,0,2,0,0,0,0,0,0,0,0
m098,0,3,0,0,0,0,0,0,0,0
m098,1,0,1,1,0,0,0,0,0,0
m098,1,1,1,1,1,1,1,1,1,1
m098,1,2,1,1,1,1,1,1,1,1
m098,1,3,1,1,1,1,1,1,1,1
m098,2,0,1,1,0,0,0,0,0,0
m098,2,1,1,1,1,1,1,1,1,1
m098,2,2,1,1,1,1,1,1,1,1
m098,2,3,1,1,1,1,1,1,1,1
m098,3,0,1,1,0,0,0,0,0,0
m098,3,1,1,1,1,1,1,1,1,1
m098,3,2,1,1,1,1,1,1,1,1
m098,3,3,1,1,1,1,1,1,1,1
m099,0,0,1,0,0,0,0,0,0,0
m099,0,1,1,0,1,0,1,0,1,0
m099,0,2,1,0,0,0,0,0,0,0
m099,0,3,1,0,1,0,1,0,1,0
m099,1,0,1,1,0,0,0,0,0,0
m099,1,1,1,1,1,1,1,1,1,1
m099,1,2,1,1,1,1,0,1,0,0
m099,1,3,1,1,1,1,1,1,1,1
m099,2,0,1,1,0,0,0,0,0,0
m099,2,1,1,1,1,1,1,1,1,1
m099,2,2,1,1,1,1,0,1,0,0
m099,2,3,1,1,1,1,1,1,1,1
m099,3,0,1,1,0,0,0,0,0,0
m099,3,1,1,1,1,1,1,1,1,1
m099,3,2,1,1,1,1,0,1,0,0
m099,3,3,1,1,1,1,1,1,1,1
m100,0,0,1,0,0,0,0,0,0,0
m100,0,1,1,0,1,0,1,0,1,0
m100,0,2,1,0,0,0,0,0,0,0
m100,0,3,1,0,1,0,1,0,1,0
m100,1,0,1,1,0,0,0,0,0,0
m100,1,1,1,1,1,1,1,1,1,1
m100,1,2,1,1,0,1,0,1,0,0
m100,1,3,1,1,1,1,1,1,1,1
m100,2,0,1,1,0,0,0,0,0,0
m100,2,1,1,1,1,1,1,1,1,1
m100,2,2,1,1,0,1,0,1,0,0
m100,2,3,1,1,1,1,1,1,1,1
m100,3,0,1,1,0,0,0,0,0,0
m100,3,1,1,1,1,1,1,1,1,1
m100,3,2,1,1,0,1,0,1,0,0
m100,3,3,1,1,1,1,1,1,1,1
m101,0,0,0,0,0,0,0,0,0,0
m101,0,1,0,0,0,0,0,0,0,0
m101,0,2,0,0,0,0,0,0,0,0
m101,0,3,0,0,0,0,0,0,0,0
m101,1,0,1,1,0,0,0,0,0,0
m101,1,1,1,1,1,1,1,1,1,1
m101,1,2,1,1,0,1,0,1,0,0
m101,1,3,1,1,1,1,1,1,1,1
m101,2,0,1,1,0,0,0,0,0,0
m101,2,1,1,1,1,1,1,1,1,1
m101,2,2,1,1,0,1,0,1,0,0
m101,2,3,1,1,1,1,1,1,1,1
m101,3,0,1,1,0,0,0,0,0,0
m101,3,1,1,1,1,1,1,1,1,1
m101,3,2,1,1,0,1,0,1,0,0
m101,3,3,1,1,1,1,1,1,1,1
m102,0,0,0,0,0,0,0,0,0,0
m102,0,1,0,0,0,0,0,0,0,0
m102,0,2,0,0,0,0,0,0,0,0
m102,0,3,0,0,0,0,0,0,0,0
m102,1,0,1,1,0,0,0,0,0,0
m102,1,1,1,1,1,1,1,1,1,1
m102,1,2,1,1,1,1,1,1,1,1
m102,1,3,1,1,1,1,1,1,1,1
m102,2,0,1,1,0,0,0,0,0,0
m102,2,1,1,1,1,1,1,1,1,1
m102,2,2,1,1,1,1,1,1,1,1
m102,2,3,1,1,1,1,1,1,1,1
m102,3,0,1,1,0,0,0,0,0,0
m102,3,1,1,1,1,1,1,1,1,1
m102,3,2,1,1,1,1,1,1,1,1
m102,3,3,1,1,1,1,1,1,1,1
m103,0,0,0,0,0,0,0,0,0,0
m103,0,1,0,0,0,0,0,0,0,0
m103,0,2,0,0,0,0,0,0,0,0
m103,0,3,0,0,0,0,0,0,0,0
m103,1,0,1,1,0,0,0,0,0,0
m103,1,1,1,1,1,1,1,1,1,1
m103,1,2,1,1,1,1,0,1,0,0
m103,1,3,1,1,1,1,1,1,1,1
m103,2,0,1,1,0,0,0,0,0,0
m103,2,1,1,1,1,1,1,1,1,1
m103,2,2,1,1,1,1,0,1,0,0
m103,2,3,1,1,1,1,1,1,1,1
m103,3,0,1,1,0,0,0,0,0,0
m103,3,1,1,1,1,1,1,1,1,1
m103,3,2,1,1,1,1,0,1,0,0
m103,3,3,1,1,1,1,1,1,1,1
m104,0,0,0,0,0,0,0,0,0,0
m104,0,1,0,0,0,0,0,0,0,0
m104,0,2,0,0,0,0,0,0,0,0
m104,0,3,0,0,0,0,0,0,0,0
m104,1,0,1,1,0,0,0,0,0,0
m104,1,1,1,1,1,1,1,1,1,1
m104,1,2,1,1,1,1,1,1,1,1
m104,1,3,1,1,1,1,1,1,1,1
m104,2,0,1,1,0,0,0,0,0,0
m104,2,1,1,1,1,1,1,1,1,1
m104,2,2,1,1,1,1,1,1,1,1
m104,2,3,1,1,1,1,1,1,1,1
m104,3,0,1,1,0,0,0,0,0,0
m104,3,1,1,1,1,1,1,1,1,1
m104,3,2,1,1,1,1,1,1,1,1
m104,3,3,1,1,1,1,1,1,1,1
m105,0,0,0,0,0,0,0,0,0,0
m105,0,1,0,0,0,0,0,0,0,0
m105,0,2,0,0,0,0,0,0,0,0
m105,0,3,0,0,0,0,0,0,0,0
m105,1,0,1,1,0,0,0,0,0,0
m105,1,1,1,1,1,1,1,1,1,1
m105,1,2,1,1,1,1,1,1,1,1
m105,1,3,1,1,1,1,1,1,1,1
m105,2,0,1,1,0,0,0,0,0,0
m105,2,1,1,1,1,1,1,1,1,1
m105,2,2,1,1,1,1,1,1,1,1
m105,2,3,1,1,1,1,1,1,1,1
m105,3,0,1,1,0,0,0,0,0,0
m105,3,1,1,1,1,1,1,1,1,1
m105,3,2,1,1,1,1,1,1,1,1
m105,3,3,1,1,1,1,1,1,1,1
m106,0,0,0,0,0,0,0,0,0,0
m106,0,1,0,0,0,0,0,0,0,0
m106,0,2,0,0,0,0,0,0,0,0
m106,0,3,0,0,0,0,0,0,0,0
m106,1,0,1,1,0,0,0,0,0,0
m106,1,1,1,1,1,1,1,1,1,1
m106,1,2,1,1,1,1,1,1,1,1
m106,1,3,1,1,1,1,1,1,1,1
m106,2,0,1,1,0,0,0,0,0,0
m106,2,1,1,1,1,1,1,1,1,1
m106,2,2,1,1,1,1,1,1,1,1
m106,2,3,1,1,1,1,1,1,1,1
m106,3,0,1,1,0,0,0,0,0,0
m106,3,1,1,1,1,1,1,1,1,1
m106,3,2,1,1,1,1,1,1,1,1
m106,3,3,1,1,1,1,1,1,1,1
m107,0,0,0,0,0,0,0,0,0,0
m107,0,1,0,0,0,0,0,0,0,0
m107,0,2,0,0,0,0,0,0,0,0
m107,0,3,0,0,0,0,0,0,0,0
m107,1,0,1,1,0,0,0,0,0,0
m107,1,1,1,1,1,1,1,1,1,1
m107,1,2,1,1,1,1,1,1,1,1
m107,1,3,1,1,1,1,1,1,1,1
m107,2,0,1,1,0,0,0,0,0,0
m107,2,1,1,1,1,1,1,1,1,1
m107,2,2,1,1,1,1,1,1,1,1
m107,2,3,1,1,1,1,1,1,1,1
m107,3,0,1,1,0,0,0,0,0,0
m107,3,1,1,1,1,1,1,1,1,1
m107,3,2,1,1,1,1,1,1,1,1
m107,3,3,1,1,1,1,1,1,1,1
m108,0,0,1,0,0,0,0,0,0,0
m108,0,1,1,0,1,0,1,0,1,0
m108,0,2,1,0,0,0,0,0,0,0
m108,0,3,1,0,1,0,1,0,1,0
m108,1,0,1,1,0,0,0,0,0,0
m108,1,1,1,1,1,1,1,1,1,1
m108,1,2,1,1,1,1,0,1,0,0
m108,1,3,1,1,1,1,1,1,1,1
m108,2,0,1,1,0,0,0,0,0,0
m108,2,1,1,1,1,1,1,1,1,1
m108,2,2,1,1,1,1,0,1,0,0
m108,2,3,1,1,1,1,1,1,1,1
m108,3,0,1,1,0,0,0,0,0,0
m108,3,1,1,1,1,1,1,1,1,1
m108,3,2,1,1,1,1,0,1,0,0
m108,3,3,1,1,1,1,1,1,1,1
m109,0,0,0,0,0,0,0,0,0,0
m109,0,1,0,0,0,0,0,0,0,0
m109,0,2,0,0,0,0,0,0,0,0
m109,0,3,0,0,0,0,0,0,0,0
m109,1,0,1,1,0,0,0,0,0,0
m109,1,1,1,1,1,1,1,1,1,1
m109,1,2,1,1,1,1,0,1,0,0
m109,1,3,1,1,1,1,1,1,1,1
m109,2,0,1,1,0,0,0,0,0,0
m109,2,1,1,1,1,1,1,1,1,1
m109,2,2,1,1,1,1,0,1,0,0
m109,2,3,1,1,1,1,1,1,1,1
m109,3,0,1,1,0,0,0,0,0,0
m109,3,1,1,1,1,1,1,1,1,1
m109,3,2,1,1,1,1,0,1,0,0
m109,3,3,1,1,1,1,1,1,1,1
m110,0,0,0,0,0,0,0,0,0,0
m110,0,1,0,0,0,0,0,0,0,0
m110,0,2,0,0,0,0,0,0,0,0
m110,0,3,0,0,0,0,0,0,0,0
m110,1,0,1,1,0,0,0,0,0,0
m110,1,1,1,1,1,1,1,1,1,1
m110,1,2,1,1,1,1,1,1,1,1
m110,1,3,1,1,1,1,1,1,1,1
m110,2,0,1,1,0,0,0,0,0,0
m110,2,1,1,1,1,1,1,1,1,1
m110,2,2,1,1,1,1,1,1,1,1
m110,2,3,1,1,1,1,1,1,1,1
m110,3,0,1,1,0,0,0,0,0,0
m110,3,1,1,1,1,1,1,1,1,1
m110,3,2,1,1,1,1,1,1,1,1
m110,3,3,1,1,1,1,1,1,1,1
m111,0,0,0,0,0,0,0,0,0,0
m111,0,1,0,0,0,0,0,0,0,0
m111,0,2,0,0,0,0,0,0,0,0
m111,0,3,0,0,0,0,0,0,0,0
m111,1,0,1,1,0,0,0,0,0,0
m111,1,1,1,1,1,1,1,1,1,1
m111,1,2,1,1,1,1,0,1,0,0
m111,1,3,1,1,1,1,1,1,1,1
m111,2,0,1,1,0,0,0,0,0,0
m111,2,1,1,1,1,1,1,1,1,1
m111,2,2,1,1,1,1,0,1,0,0
m111,2,3,1,1,1,1,1,1,1,1
m111,3,0,1,1,0,0,0,0,0,0
m111,3,1,1,1,1,1,1,1,1,1
m111,3,2,1,1,1,1,0,1,0,0
m111,3,3,1,1,1,1,1,1,1,1
m113,0,0,1,0,0,0,0,0,0,0
m113,0,1,1,0,1,0,1,0,1,0
m113,0,2,1,0,0,0,0,0,0,0
m113,0,3,1,0,1,0,1,0,1,0
m113,1,0,1,1,0,0,0,0,0,0
m113,1,1,1,1,1,1,1,1,1,1
m113,1,2,1,1,0,1,0,1,0,0
m113,1,3,1,1,1,1,1,1,1,1
m113,2,0,1,1,0,0,0,0,0,0
m113,2,1,1,1,1,1,1,1,1,1
m113,2,2,1,1,0,1,0,1,0,0
m113,2,3,1,1,1,1,1,1,1,1
m113,3,0,1,1,0,0,0,0,0,0
m113,3,1,1,1,1,1,1,1,1,1
m113,3,2,1,1,0,1,0,1,0,0
m113,3,3,1,1,1,1,1,1,1,1
m114,0,0,0,0,0,0,0,0,0,0
m114,0,1,0,0,0,0,0,0,0,0
m114,0,2,0,0,0,0,0,0,0,0
m114,0,3,0,0,0,0,0,0,0,0
m114,1,0,1,1,0,0,0,0,0,0
m114,1,1,1,1,1,1,1,1,1,1
m114,1,2,1,1,1,1,1,1,1,1
m114,1,3,1,1,1,1,1,1,1,1
m114,2,0,1,1,0,0,0,0,0,0
m114,2,1,1,1,1,1,1,1,1,1
m114,2,2,1,1,1,1,1,1,1,1
m114,2,3,1,1,1,1,1,1,1,1
m114,3,0,1,1,0,0,0,0,0,0
m114,3,1,1,1,1,1,1,1,1,1
m114,3,2,1,1,1,1,1,1,1,1
m114,3,3,1,1,1,1,1,1,1,1
m115,0,0,1,0,0,0,0,0,0,0
m115,0,1,1,0,1,0,1,0,1,0
m115,0,2,1,0,0,0,0,0,0,0
m115,0,3,1,0,1,0,1,0,1,0
m115,1,0,1,1,0,0,0,0,0,0
m115,1,1,1,1,1,1,1,1,1,1
m115,1,2,1,1,1,1,0,1,0,0
m115,1,3,1,1,1,1,1,1,1,1
m115,2,0,1,1,0,0,0,0,0,0
m115,2,1,1,1,1,1,1,1,1,1
m115,2,2,1,1,1,1,0,1,0,0
m115,2,3,1,1,1,1,1,1,1,1
m115,3,0,1,1,0,0,0,0,0,0
m115,3,1,1,1,1,1,1,1,1,1
m115,3,2,1,1,1,1,0,1,0,0
m115,3,3,1,1,1,1,1,1,1,1
m116,0,0,1,0,0,0,0,0,0,0
m116,0,1,1,0,1,0,1,0,1,0
m116,0,2,1,0,0,0,0,0,0,0
m116,0,3,1,0,1,0,1,0,1,0
m116,1,0,1,1,0,0,0,0,0,0
m116,1,1,1,1,1,1,1,1,1,1
m116,1,2,1,1,0,1,0,1,0,0
m116,1,3,1,1,1,1,1,1,1,1
m116,2,0,1,1,0,0,0,0,0,0
m116,2,1,1,1,1,1,1,1,1,1
m116,2,2,1,1,0,1,0,1,0,0
m116,2,3,1,1,1,1,1,1,1,1
m116,3,0,1,1,0,0,0,0,0,0
m116,3,1,1,1,1,1,1,1,1,1
m116,3,2,1,1,0,1,0,1,0,0
m116,3,3,1,1,1,1,1,1,1,1
m117,0,0,0,0,0,0,0,0,0,0
m117,0,1,0,0,0,0,0,0,0,0
m117,0,2,0,0,0,0,0,0,0,0
m117,0,3,0,0,0,0,0,0,0,0
m117,1,0,1,1,0,0,0,0,0,0
m117,1,1,1,1,1,1,1,1,1,1
m117,1,2,1,1,0,1,0,1,0,0
m117,1,3,1,1,1,1,1,1,1,1
m117,2,0,1,1,0,0,0,0,0,0
m117,2,1,1,1,1,1,1,1,1,1
m117,2,2,1,1,0,1,0,1,0,0
m117,2,3,1,1,1,1,1,1,1,1
m117,3,0,1,1,0,0,0,0,0,0
m117,3,1,1,1,1,1,1,1,1,1
m117,3,2,1,1,0,1,0,1,0,0
m117,3,3,1,1,1,1,1,1,1,1
m118,0,0,0,0,0,0,0,0,0,0
m118,0,1,0,0,0,0,0,0,0,0
m118,0,2,0,0,0,0,0,0,0,0
m118,0,3,0,0,0,0,0,0,0,0
m118,1,0,1,1,0,0,0,0,0,0
m118,1,1,1,1,1,1,1,1,1,1
m118,1,2,1,1,1,1,1,1,1,1
m118,1,3,1,1,1,1,1,1,1,1
m118,2,0,1,1,0,0,0,0,0,0
m118,2,1,1,1,1,1,1,1,1,1
m118,2,2,1,1,1,1,1,1,1,1
m118,2,3,1,1,1,1,1,1,1,1
m118,3,0,1,1,0,0,0,0,0,0
m118,3,1,1,1,1,1,1,1,1,1
m118,3,2,1,1,1,1,1,1,1,1
m118,3,3,1,1,1,1,1,1,1,1
m119,0,0,0,0,0,0,0,0,0,0
m119,0,1,0,0,0,0,0,0,0,0
m119,0,2,0,0,0,0,0,0,0,0
m119,0,3,0,0,0,0,0,0,0,0
m119,1,0,1,1,0,0,0,0,0,0
m119,1,1,1,1,1,1,1,1,1,1
m119,1,2,1,1,1,1,0,1,0,0
m119,1,3,1,1,1,1,1,1,1,1
m119,2,0,1,1,0,0,0,0,0,0
m119,2,1,1,1,1,1,1,1,1,1
m119,2,2,1,1,1,1,0,1,0,0
m119,2,3,1,1,1,1,1,1,1,1
m119,3,0,1,1,0,0,0,0,0,0
m119,3,1,1,1,1,1,1,1,1,1
m119,3,2,1,1,1,1,0,1,0,0
m119,3,3,1,1,1,1,1,1,1,1
m120,0,0,0,0,0,0,0,0,0,0
m120,0,1,0,0,0,0,0,0,0,0
m120,0,2,0,0,0,0,0,0,0,0
m120,0,3,0,0,0,0,0,0,0,0
m120,1,0,1,1,0,0,0,0,0,0
m120,1,1,1,1,1,1,1,1,1,1
m120,1,2,1,1,1,1,1,1,1,1
m120,1,3,1,1,1,1,1,1,1,1
m120,2,0,1,1,0,0,0,0,0,0
m120,2,1,1,1,1,1,1,1,1,1
m120,2,2,1,1,1,1,1,1,1,1
m120,2,3,1,1,1,1,1,1,1,1
m120,3,0,1,1,0,0,0,0,0,0
m120,3,1,1,1,1,1,1,1,1,1
m120,3,2,1,1,1,1,1,1,1,1
m120,3,3,1,1,1,1,1,1,1,1
m121,0,0,0,0,0,0,0,0,0,0
m121,0,1,0,0,0,0,0,0,0,0
m121,0,2,0,0,0,0,0,0,0,0
m121,0,3,0,0,0,0,0,0,0,0
m121,1,0,1,1,0,0,0,0,0,0
m121,1,1,1,1,1,1,1,1,1,1
m121,1,2,1,1,1,1,1,1,1,1
m121,1,3,1,1,1,1,1,1,1,1
m121,2,0,1,1,0,0,0,0,0,0
m121,2,1,1,1,1,1,1,1,1,1
m121,2,2,1,1,1,1,1,1,1,1
m121,2,3,1,1,1,1,1,1,1,1
m121,3,0,1,1,0,0,0,0,0,0
m121,3,1,1,1,1,1,1,1,1,1
m121,3,2,1,1,1,1,1,1,1,1
m121,3,3,1,1,1,1,1,1,1,1
m122,0,0,0,0,0,0,0,0,0,0
m122,0,1,0,0,0,0,0,0,0,0
m122,0,2,0,0,0,0,0,0,0,0
m122,0,3,0,0,0,0,0,0,0,0
m122,1,0,1,1,0,0,0,0,0,0
m122,1,1,1,1,1,1,1,1,1,1
m122,1,2,1,1,1,1,1,1,1,1
m122,1,3,1,1,1,1,1,1,1,1
m122,2,0,1,1,0,0,0,0,0,0
m122,2,1,1,1,1,1,1,1,1,1
m122,2,2,1,1,1,1,1,1,1,1
m122,2,3,1,1,1,1,1,1,1,1
m122,3,0,1,1,0,0,0,0,0,0
m122,3,1,1,1,1,1,1,1,1,1
m122,3,2,1,1,1,1,1,1,1,1
m122,3,3,1,1,1,1,1,1,1,1
m123,0,0,0,0,0,0,0,0,0,0
m123,0,1,0,0,0,0,0,0,0,0
m123,0,2,0,0,0,0,0,0,0,0
m123,0,3,0,0,0,0,0,0,0,0
m123,1,0,1,1,0,0,0,0,0,0
m123,1,1,1,1,1,1,1,1,1,1
m123,1,2,1,1,1,1,1,1,1,1
m123,1,3,1,1,1,1,1,1,1,1
m123,2,0,1,1,0,0,0,0,0,0
m123,2,1,1,1,1,1,1,1,1,1
m123,2,2,1,1,1,1,1,1,1,1
m123,2,3,1,1,1,1,1,1,1,1
m123,3,0,1,1,0,0,0,0,0,0
m123,3,1,1,1,1,1,1,1,1,1
m123,3,2,1,1,1,1,1,1,1,1
m123,3,3,1,1,1,1,1,1,1,1
m124,0,0,1,0,0,0,0,0,0,0
m124,0,1,1,0,1,0,1,0,1,0
m124,0,2,1,0,0,0,0,0,0,0
m124,0,3,1,0,1,0,1,0,1,0
m124,1,0,1,1,0,0,0,0,0,0
m124,1,1,1,1,1,1,1,1,1,1
m124,1,2,1,1,1,1,0,1,0,0
m124,1,3,1,1,1,1,1,1,1,1
m124,2,0,1,1,0,0,0,0,0,0
m124,2,1,1,1,1,1,1,1,1,1
m124,2,2,1,1,1,1,0,1,0,0
m124,2,3,1,1,1,1,1,1,1,1
m124,3,0,1,1,0,0,0,0,0,0
m124,3,1,1,1,1,1,1,1,1,1
m124,3,2,1,1,1,1,0,1,0,0
m124,3,3,1,1,1,1,1,1,1,1
m125,0,0,0,0,0,0,0,0,0,0
m125,0,1,0,0,0,0,0,0,0,0
m125,0,2,0,0,0,0,0,0,0,0
m125,0,3,0,0,0,0,0,0,0,0
m125,1,0,1,1,0,0,0,0,0,0
m125,1,1,1,1,1,1,1,1,1,1
m125,1,2,1,1,1,1,0,1,0,0
m125,1,3,1,1,1,1,1,1,1,1
m125,2,0,1,1,0,0,0,0,0,0
m125,2,1,1,1,1,1,1,1,1,1
m125,2,2,1,1,1,1,0,1,0,0
m125,2,3,1,1,1,1,1,1,1,1
m125,3,0,1,1,0,0,0,0,0,0
m125,3,1,1,1,1,1,1,1,1,1
m125,3,2,1,1,1,1,0,1,0,0
m125,3,3,1,1,1,1,1,1,1,1
m126,0,0,0,0,0,0,0,0,0,0
m126,0,1,0,0,0,0,0,0,0,0
m126,0,2,0,0,0,0,0,0,0,0
m126,0,3,0,0,0,0,0,0,0,0
m126,1,0,1,1,0,0,0,0,0,0
m126,1,1,1,1,1,1,1,1,1,1
m126,1,2,1,1,1,1,1,1,1,1
m126,1,3,1,1,1,1,1,1,1,1
m126,2,0,1,1,0,0,0,0,0,0
m126,2,1,1,1,1,1,1,1,1,1
m126,2,2,1,1,1,1,1,1,1,1
m126,2,3,1,1,1,1,1,1,1,1
m126,3,0,1,1,0,0,0,0,0,0
m126,3,1,1,1,1,1,1,1,1,1
m126,3,2,1,1,1,1,1,1,1,1
m126,3,3,1,1,1,1,1,1,1,1
m127,0,0,0,0,0,0,0,0,0,0
m127,0,1,0,0,0,0,0,0,0,0
m127,0,2,0,0,0,0,0,0,0,0
m127,0,3,0,0,0,0,0,0,0,0
m127,1,0,1,1,0,0,0,0,0,0
m127,1,1,1,1,1,1,1,1,1,1
m127,1,2,1,1,1,1,0,1,0,0
m127,1,3,1,1,1,1,1,1,1,1
m127,2,0,1,1,0,0,0,0,0,0
m127,2,1,1,1,1,1,1,1,1,1
m127,2,2,1,1,1,1,0,1,0,0
m127,2,3,1,1,1,1,1,1,1,1
m127,3,0,1,1,0,0,0,0,0,0
m127,3,1,1,1,1,1,1,1,1,1
m127,3,2,1,1,1,1,0,1,0,0
m127,3,3,1,1,1,1,1,1,1,1
m129,0,0,1,1,0,0,0,0,0,0
m129,0,1,1,1,1,0,1,0,1,0
m129,0,2,1,1,0,1,0,1,0,1
m129,0,3,1,1,1,1,1,1,1,1
m129,1,0,1,1,0,0,0,0,0,0
m129,1,1,1,1,1,0,1,0,1,0
m129,1,2,1,1,0,1,0,1,0,1
m129,1,3,1,1,1,1,1,1,1,1
m129,2,0,1,1,0,0,0,0,0,0
m129,2,1,1,1,1,0,1,0,1,0
m129,2,2,1,1,0,1,0,1,0,1
m129,2,3,1,1,1,1,1,1,1,1
m129,3,0,1,1,0,0,0,0,0,0
m129,3,1,1,1,1,0,1,0,1,0
m129,3,2,1,1,0,1,0,1,0,1
m129,3,3,1,1,1,1,1,1,1,1
m130,0,0,1,1,0,0,0,0,0,0
m130,0,1,1,1,1,0,1,0,0,0
m130,0,2,1,1,1,1,1,1,1,1
m130,0,3,1,1,1,1,1,1,1,1
m130,1,0,1,1,0,0,0,0,0,0
m130,1,1,1,1,1,0,1,0,0,0
m130,1,2,1,1,1,1,1,1,1,1
m130,1,3,1,1,1,1,1,1,1,1
m130,2,0,1,1,0,0,0,0,0,0
m130,2,1,1,1,1,0,1,0,0,0
m130,2,2,1,1,1,1,1,1,1,1
m130,2,3,1,1,1,1,1,1,1,1
m130,3,0,1,1,0,0,0,0,0,0
m130,3,1,1,1,1,0,1,0,0,0
m130,3,2,1,1,1,1,1,1,1,1
m130,3,3,1,1,1,1,1,1,1,1
m131,0,0,1,1,0,0,0,0,0,0
m131,0,1,1,1,1,0,1,0,0,0
m131,0,2,1,1,1,1,0,1,0,1
m131,0,3,1,1,1,1,1,1,1,1
m131,1,0,1,1,0,0,0,0,0,0
m131,1,1,1,1,1,0,1,0,0,0
m131,1,2,1,1,1,1,0,1,0,1
m131,1,3,1,1,1,1,1,1,1,1
m131,2,0,1,1,0,0,0,0,0,0
m131,2,1,1,1,1,0,1,0,0,0
m131,2,2,1,1,1,1,0,1,0,1
m131,2,3,1,1,1,1,1,1,1,1
m131,3,0,1,1,0,0,0,0,0,0
m131,3,1,1,1,1,0,1,0,0,0
m131,3,2,1,1,1,1,0,1,0,1
m131,3,3,1,1,1,1,1,1,1,1
m132,0,0,1,1,0,0,0,0,0,0
m132,0,1,1,1,1,0,1,0,1,0
m132,0,2,1,1,0,1,0,1,0,1
m132,0,3,1,1,1,1,1,1,1,1
m132,1,0,1,1,0,0,0,0,0,0
m132,1,1,1,1,1,0,1,0,1,0
m132,1,2,1,1,0,1,0,1,0,1
m132,1,3,1,1,1,1,1,1,1,1
m132,2,0,1,1,0,0,0,0,0,0
m132,2,1,1,1,1,0,1,0,1,0
m132,2,2,1,1,0,1,0,1,0,1
m132,2,3,1,1,1,1,1,1,1,1
m132,3,0,1,1,0,0,0,0,0,0
m132,3,1,1,1,1,0,1,0,1,0
m132,3,2,1,1,0,1,0,1,0,1
m132,3,3,1,1,1,1,1,1,1,1
m133,0,0,0,1,0,0,0,0,0,0
m133,0,1,0,1,0,0,0,0,0,0
m133,0,2,0,1,0,1,0,1,0,1
m133,0,3,0,1,0,1,0,1,0,1
m133,1,0,1,1,0,0,0,0,0,0
m133,1,1,1,1,1,0,1,0,1,0
m133,1,2,1,1,0,1,0,1,0,1
m133,1,3,1,1,1,1,1,1,1,1
m133,2,0,1,1,0,0,0,0,0,0
m133,2,1,1,1,1,0,1,0,1,0
m133,2,2,1,1,0,1,0,1,0,1
m133,2,3,1,1,1,1,1,1,1,1
m133,3,0,1,1,0,0,0,0,0,0
m133,3,1,1,1,1,0,1,0,1,0
m133,3,2,1,1,0,1,0,1,0,1
m133,3,3,1,1,1,1,1,1,1,1
m134,0,0,0,1,0,0,0,0,0,0
m134,0,1,0,1,0,0,0,0,0,0
m134,0,2,0,1,0,1,0,1,0,1
m134,0,3,0,1,0,1,0,1,0,1
m134,1,0,1,1,0,0,0,0,0,0
m134,1,1,1,1,1,0,1,0,0,0
m134,1,2,1,1,1,1,1,1,1,1
m134,1,3,1,1,1,1,1,1,1,1
m134,2,0,1,1,0,0,0,0,0,0
m134,2,1,1,1,1,0,1,0,0,0
m134,2,2,1,1,1,1,1,1,1,1
m134,2,3,1,1,1,1,1,1,1,1
m134,3,0,1,1,0,0,0,0,0,0
m134,3,1,1,1,1,0,1,0,0,0
m134,3,2,1,1,1,1,1,1,1,1
m134,3,3,1,1,1,1,1,1,1,1
m135,0,0,0,1,0,0,0,0,0,0
m135,0,1,0,1,0,0,0,0,0,0
m135,0,2,0,1,0,1,0,1,0,1
m135,0,3,0,1,0,1,0,1,0,1
m135,1,0,1,1,0,0,0,0,0,0
m135,1,1,1,1,1,0,1,0,0,0
m135,1,2,1,1,1,1,0,1,0,1
m135,1,3,1,1,1,1,1,1,1,1
m135,2,0,1,1,0,0,0,0,0,0
m135,2,1,1,1,1,0,1,0,0,0
m135,2,2,1,1,1,1,0,1,0,1
m135,2,3,1,1,1,1,1,1,1,1
m135,3,0,1,1,0,0,0,0,0,0
m135,3,1,1,1,1,0,1,0,0,0
m135,3,2,1,1,1,1,0,1,0,1
m135,3,3,1,1,1,1,1,1,1,1
m136,0,0,1,1,0,0,0,0,0,0
m136,0,1,1,1,1,0,1,0,0,0
m136,0,2,1,1,1,1,1,1,1,1
m136,0,3,1,1,1,1,1,1,1,1
m136,1,0,1,1,0,0,0,0,0,0
m136,1,1,1,1,1,0,1,0,0,0
m136,1,2,1,1,1,1,1,1,1,1
m136,1,3,1,1,1,1,1,1,1,1
m136,2,0,1,1,0,0,0,0,0,0
m136,2,1,1,1,1,0,1,0,0,0
m136,2,2,1,1,1,1,1,1,1,1
m136,2,3,1,1,1,1,1,1,1,1
m136,3,0,1,1,0,0,0,0,0,0
m136,3,1,1,1,1,0,1,0,0,0
m136,3,2,1,1,1,1,1,1,1,1
m136,3,3,1,1,1,1,1,1,1,1
m137,0,0,0,1,0,0,0,0,0,0
m137,0,1,0,1,0,0,0,0,0,0
m137,0,2,0,1,0,1,0,1,0,1
m137,0,3,0,1,0,1,0,1,0,1
m137,1,0,1,1,0,0,0,0,0,0
m137,1,1,1,1,1,0,1,0,0,0
m137,1,2,1,1,1,1,1,1,1,1
m137,1,3,1,1,1,1,1,1,1,1
m137,2,0,1,1,0,0,0,0,0,0
m137,2,1,1,1,1,0,1,0,0,0
m137,2,2,1,1,1,1,1,1,1,1
m137,2,3,1,1,1,1,1,1,1,1
m137,3,0,1,1,0,0,0,0,0,0
m137,3,1,1,1,1,0,1,0,0,0
m137,3,2,1,1,1,1,1,1,1,1
m137,3,3,1,1,1,1,1,1,1,1
m138,0,0,0,1,0,0,0,0,0,0
m138,0,1,0,1,0,0,0,0,0,0
m138,0,2,0,1,0,1,0,1,0,1
m138,0,3,0,1,0,1,0,1,0,1
m138,1,0,1,1,0,0,0,0,0,0
m138,1,1,1,1,1,0,1,0,0,0
m138,1,2,1,1,1,1,1,1,1,1
m138,1,3,1,1,1,1,1,1,1,1
m138,2,0,1,1,0,0,0,0,0,0
m138,2,1,1,1,1,0,1,0,0,0
m138,2,2,1,1,1,1,1,1,1,1
m138,2,3,1,1,1,1,1,1,1,1
m138,3,0,1,1,0,0,0,0,0,0
m138,3,1,1,1,1,0,1,0,0,0
m138,3,2,1,1,1,1,1,1,1,1
m138,3,3,1,1,1,1,1,1,1,1
m139,0,0,0,1,0,0,0,0,0,0
m139,0,1,0,1,0,0,0,0,0,0
m139,0,2,0,1,0,1,0,1,0,1
m139,0,3,0,1,0,1,0,1,0,1
m139,1,0,1,1,0,0,0,0,0,0
m139,1,1,1,1,1,0,1,0,0,0
m139,1,2,1,1,1,1,1,1,1,1
m139,1,3,1,1,1,1,1,1,1,1
m139,2,0,1,1,0,0,0,0,0,0
m139,2,1,1,1,1,0,1,0,0,0
m139,2,2,1,1,1,1,1,1,1,1
m139,2,3,1,1,1,1,1,1,1,1
m139,3,0,1,1,0,0,0,0,0,0
m139,3,1,1,1,1,0,1,0,0,0
m139,3,2,1,1,1,1,1,1,1,1
m139,3,3,1,1,1,1,1,1,1,1
m140,0,0,1,1,0,0,0,0,0,0
m140,0,1,1,1,1,0,1,0,0,0
m140,0,2,1,1,1,1,0,1,0,1
m140,0,3,1,1,1,1,1,1,1,1
m140,1,0,1,1,0,0,0,0,0,0
m140,1,1,1,1,1,0,1,0,0,0
m140,1,2,1,1,1,1,0,1,0,1
m140,1,3,1,1,1,1,1,1,1,1
m140,2,0,1,1,0,0,0,0,0,0
m140,2,1,1,1,1,0,1,0,0,0
m140,2,2,1,1,1,1,0,1,0,1
m140,2,3,1,1,1,1,1,1,1,1
m140,3,0,1,1,0,0,0,0,0,0
m140,3,1,1,1,1,0,1,0,0,0
m140,3,2,1,1,1,1,0,1,0,1
m140,3,3,1,1,1,1,1,1,1,1
m141,0,0,0,1,0,0,0,0,0,0
m141,0,1,0,1,0,0,0,0,0,0
m141,0,2,0,1,0,1,0,1,0,1
m141,0,3,0,1,0,1,0,1,0,1
m141,1,0,1,1,0,0,0,0,0,0
m141,1,1,1,1,1,0,1,0,0,0
m141,1,2,1,1,1,1,0,1,0,1
m141,1,3,1,1,1,1,1,1,1,1
m141,2,0,1,1,0,0,0,0,0,0
m141,2,1,1,1,1,0,1,0,0,0
m141,2,2,1,1,1,1,0,1,0,1
m141,2,3,1,1,1,1,1,1,1,1
m141,3,0,1,1,0,0,0,0,0,0
m141,3,1,1,1,1,0,1,0,0,0
m141,3,2,1,1,1,1,0,1,0,1
m141,3,3,1,1,1,1,1,1,1,1
m142,0,0,0,1,0,0,0,0,0,0
m142,0,1,0,1,0,0,0,0,0,0
m142,0,2,0,1,0,1,0,1,0,1
m142,0,3,0,1,0,1,0,1,0,1
m142,1,0,1,1,0,0,0,0,0,0
m142,1,1,1,1,1,0,1,0,0,0
m142,1,2,1,1,1,1,1,1,1,1
m142,1,3,1,1,1,1,1,1,1,1
m142,2,0,1,1,0,0,0,0,0,0
m142,2,1,1,1,1,0,1,0,0,0
m142,2,2,1,1,1,1,1,1,1,1
m142,2,3,1,1,1,1,1,1,1,1
m142,3,0,1,1,0,0,0,0,0,0
m142,3,1,1,1,1,0,1,0,0,0
m142,3,2,1,1,1,1,1,1,1,1
m142,3,3,1,1,1,1,1,1,1,1
m143,0,0,0,1,0,0,0,0,0,0
m143,0,1,0,1,0,0,0,0,0,0
m143,0,2,0,1,0,1,0,1,0,1
m143,0,3,0,1,0,1,0,1,0,1
m143,1,0,1,1,0,0,0,0,0,0
m143,1,1,1,1,1,0,1,0,0,0
m143,1,2,1,1,1,1,0,1,0,1
m143,1,3,1,1,1,1,1,1,1,1
m143,2,0,1,1,0,0,0,0,0,0
m143,2,1,1,1,1,0,1,0,0,0
m143,2,2,1,1,1,1,0,1,0,1
m143,2,3,1,1,1,1,1,1,1,1
m143,3,0,1,1,0,0,0,0,0,0
m143,3,1,1,1,1,0,1,0,0,0
m143,3,2,1,1,1,1,0,1,0,1
m143,3,3,1,1,1,1,1,1,1,1
m145,0,0,1,0,0,0,0,0,0,0
m145,0,1,1,0,1,0,1,0,1,0
m145,0,2,1,0,0,0,0,0,0,0
m145,0,3,1,0,1,0,1,0,1,0
m145,1,0,1,1,0,0,0,0,0,0
m145,1,1,1,1,1,1,1,1,1,1
m145,1,2,1,1,0,1,0,1,0,0
m145,1,3,1,1,1,1,1,1,1,1
m145,2,0,1,1,0,0,0,0,0,0
m145,2,1,1,1,1,1,1,1,1,1
m145,2,2,1,1,0,1,0,1,0,0
m145,2,3,1,1,1,1,1,1,1,1
m145,3,0,1,1,0,0,0,0,0,0
m145,3,1,1,1,1,1,1,1,1,1
m145,3,2,1,1,0,1,0,1,0,0
m145,3,3,1,1,1,1,1,1,1,1
m146,0,0,0,0,0,0,0,0,0,0
m146,0,1,0,0,0,0,0,0,0,0
m146,0,2,0,0,0,0,0,0,0,0
m146,0,3,0,0,0,0,0,0,0,0
m146,1,0,1,1,0,0,0,0,0,0
m146,1,1,1,1,1,1,1,1,1,1
m146,1,2,1,1,1,1,1,1,1,1
m146,1,3,1,1,1,1,1,1,1,1
m146,2,0,1,1,0,0,0,0,0,0
m146,2,1,1,1,1,1,1,1,1,1
m146,2,2,1,1,1,1,1,1,1,1
m146,2,3,1,1,1,1,1,1,1,1
m146,3,0,1,1,0,0,0,0,0,0
m146,3,1,1,1,1,1,1,1,1,1
m146,3,2,1,1,1,1,1,1,1,1
m146,3,3,1,1,1,1,1,1,1,1
m147,0,0,1,0,0,0,0,0,0,0
m147,0,1,1,0,1,0,1,0,1,0
m147,0,2,1,0,0,0,0,0,0,0
m147,0,3,1,0,1,0,1,0,1,0
m147,1,0,1,1,0,0,0,0,0,0
m147,1,1,1,1,1,1,1,1,1,1
m147,1,2,1,1,1,1,0,1,0,0
m147,1,3,1,1,1,1,1,1,1,1
m147,2,0,1,1,0,0,0,0,0,0
m147,2,1,1,1,1,1,1,1,1,1
m147,2,2,1,1,1,1,0,1,0,0
m147,2,3,1,1,1,1,1,1,1,1
m147,3,0,1,1,0,0,0,0,0,0
m147,3,1,1,1,1,1,1,1,1,1
m147,3,2,1,1,1,1,0,1,0,0
m147,3,3,1,1,1,1,1,1,1,1
m148,0,0,1,0,0,0,0,0,0,0
m148,0,1,1,0,1,0,1,0,1,0
m148,0,2,1,0,0,0,0,0,0,0
m148,0,3,1,0,1,0,1,0,1,0
m148,1,0,1,1,0,0,0,0,0,0
m148,1,1,1,1,1,1,1,1,1,1
m148,1,2,1,1,0,1,0,1,0,0
m148,1,3,1,1,1,1,1,1,1,1
m148,2,0,1,1,0,0,0,0,0,0
m148,2,1,1,1,1,1,1,1,1,1
m148,2,2,1,1,0,1,0,1,0,0
m148,2,3,1,1,1,1,1,1,1,1
m148,3,0,1,1,0,0,0,0,0,0
m148,3,1,1,1,1,1,1,1,1,1
m148,3,2,1,1,0,1,0,1,0,0
m148,3,3,1,1,1,1,1,1,1,1
m149,0,0,0,0,0,0,0,0,0,0
m149,0,1,0,0,0,0,0,0,0,0
m149,0,2,0,0,0,0,0,0,0,0
m149,0,3,0,0,0,0,0,0,0,0
m149,1,0,1,1,0,0,0,0,0,0
m149,1,1,1,1,1,1,1,1,1,1
m149,1,2,1,1,0,1,0,1,0,0
m149,1,3,1,1,1,1,1,1,1,1
m149,2,0,1,1,0,0,0,0,0,0
m149,2,1,1,1,1,1,1,1,1,1
m149,2,2,1,1,0,1,0,1,0,0
m149,2,3,1,1,1,1,1,1,1,1
m149,3,0,1,1,0,0,0,0,0,0
m149,3,1,1,1,1,1,1,1,1,1
m149,3,2,1,1,0,1,0,1,0,0
m149,3,3,1,1,1,1,1,1,1,1
m150,0,0,0,0,0,0,0,0,0,0
m150,0,1,0,0,0,0,0,0,0,0
m150,0,2,0,0,0,0,0,0,0,0
m150,0,3,0,0,0,0,0,0,0,0
m150,1,0,1,1,0,0,0,0,0,0
m150,1,1,1,1,1,1,1,1,1,1
m150,1,2,1,1,1,1,1,1,1,1
m150,1,3,1,1,1,1,1,1,1,1
m150,2,0,1,1,0,0,0,0,0,0
m150,2,1,1,1,1,1,1,1,1,1
m150,2,2,1,1,1,1,1,1,1,1
m150,2,3,1,1,1,1,1,1,1,1
m150,3,0,1,1,0,0,0,0,0,0
m150,3,1,1,1,1,1,1,1,1,1
m150,3,2,1,1,1,1,1,1,1,1
m150,3,3,1,1,1,1,1,1,1,1
m151,0,0,0,0,0,0,0,0,0,0
m151,0,1,0,0,0,0,0,0,0,0
m151,0,2,0,0,0,0,0,0,0,0
m151,0,3,0,0,0,0,0,0,0,0
m151,1,0,1,1,0,0,0,0,0,0
m151,1,1,1,1,1,1,1,1,1,1
m151,1,2,1,1,1,1,0,1,0,0
m151,1,3,1,1,1,1,1,1,1,1
m151,2,0,1,1,0,0,0,0,0,0
m151,2,1,1,1,1,1,1,1,1,1
m151,2,2,1,1,1,1,0,1,0,0
m151,2,3,1,1,1,1,1,1,1,1
m151,3,0,1,1,0,0,0,0,0,0
m151,3,1,1,1,1,1,1,1,1,1
m151,3,2,1,1,1,1,0,1,0,0
m151,3,3,1,1,1,1,1,1,1,1
m152,0,0,0,0,0,0,0,0,0,0
m152,0,1,0,0,0,0,0,0,0,0
m152,0,2,0,0,0,0,0,0,0,0
m152,0,3,0,0,0,0,0,0,0,0
m152,1,0,1,1,0,0,0,0,0,0
m152,1,1,1,1,1,1,1,1,1,1
m152,1,2,1,1,1,1,1,1,1,1
m152,1,3,1,1,1,1,1,1,1,1
m152,2,0,1,1,0,0,0,0,0,0
m152,2,1,1,1,1,1,1,1,1,1
m152,2,2,1,1,1,1,1,1,1,1
m152,2,3,1,1,1,1,1,1,1,1
m152,3,0,1,1,0,0,0,0,0,0
m152,3,1,1,1,1,1,1,1,1,1
m152,3,2,1,1,1,1,1,1,1,1
m152,3,3,1,1,1,1,1,1,1,1
m153,0,0,0,0,0,0,0,0,0,0
m153,0,1,0,0,0,0,0,0,0,0
m153,0,2,0,0,0,0,0,0,0,0
m153,0,3,0,0,0,0,0,0,0,0
m153,1,0,1,1,0,0,0,0,0,0
m153,1,1,1,1,1,1,1,1,1,1
m153,1,2,1,1,1,1,1,1,1,1
m153,1,3,1,1,1,1,1,1,1,1
m153,2,0,1,1,0,0,0,0,0,0
m153,2,1,1,1,1,1,1,1,1,1
m153,2,2,1,1,1,1,1,1,1,1
m153,2,3,1,1,1,1,1,1,1,1
m153,3,0,1,1,0,0,0,0,0,0
m153,3,1,1,1,1,1,1,1,1,1
m153,3,2,1,1,1,1,1,1,1,1
m153,3,3,1,1,1,1,1,1,1,1
m154,0,0,0,0,0,0,0,0,0,0
m154,0,1,0,0,0,0,0,0,0,0
m154,0,2,0,0,0,0,0,0,0,0
m154,0,3,0,0,0,0,0,0,0,0
m154,1,0,1,1,0,0,0,0,0,0
m154,1,1,1,1,1,1,1,1,1,1
m154,1,2,1,1,1,1,1,1,1,1
m154,1,3,1,1,1,1,1,1,1,1
m154,2,0,1,1,0,0,0,0,0,0
m154,2,1,1,1,1,1,1,1,1,1
m154,2,2,1,1,1,1,1,1,1,1
m154,2,3,1,1,1,1,1,1,1,1
m154,3,0,1,1,0,0,0,0,0,0
m154,3,1,1,1,1,1,1,1,1,1
m154,3,2,1,1,1,1,1,1,1,1
m154,3,3,1,1,1,1,1,1,1,1
m155,0,0,0,0,0,0,0,0,0,0
m155,0,1,0,0,0,0,0,0,0,0
m155,0,2,0,0,0,0,0,0,0,0
m155,0,3,0,0,0,0,0,0,0,0
m155,1,0,1,1,0,0,0,0,0,0
m155,1,1,1,1,1,1,1,1,1,1
m155,1,2,1,1,1,1,1,1,1,1
m155,1,3,1,1,1,1,1,1,1,1
m155,2,0,1,1,0,0,0,0,0,0
m155,2,1,1,1,1,1,1,1,1,1
m155,2,2,1,1,1,1,1,1,1,1
m155,2,3,1,1,1,1,1,1,1,1
m155,3,0,1,1,0,0,0,0,0,0
m155,3,1,1,1,1,1,1,1,1,1
m155,3,2,1,1,1,1,1,1,1,1
m155,3,3,1,1,1,1,1,1,1,1
m156,0,0,1,0,0,0,0,0,0,0
m156,0,1,1,0,1,0,1,0,1,0
m156,0,2,1,0,0,0,0,0,0,0
m156,0,3,1,0,1,0,1,0,1,0
m156,1,0,1,1,0,0,0,0,0,0
m156,1,1,1,1,1,1,1,1,1,1
m156,1,2,1,1,1,1,0,1,0,0
m156,1,3,1,1,1,1,1,1,1,1
m156,2,0,1,1,0,0,0,0,0,0
m156,2,1,1,1,1,1,1,1,1,1
m156,2,2,1,1,1,1,0,1,0,0
m156,2,3,1,1,1,1,1,1,1,1
m156,3,0,1,1,0,0,0,0,0,0
m156,3,1,1,1,1,1,1,1,1,1
m156,3,2,1,1,1,1,0,1,0,0
m156,3,3,1,1,1,1,1,1,1,1
m157,0,0,0,0,0,0,0,0,0,0
m157,0,1,0,0,0,0,0,0,0,0
m157,0,2,0,0,0,0,0,0,0,0
m157,0,3,0,0,0,0,0,0,0,0
m157,1,0,1,1,0,0,0,0,0,0
m157,1,1,1,1,1,1,1,1,1,1
m157,1,2,1,1,1,1,0,1,0,0
m157,1,3,1,1,1,1,1,1,1,1
m157,2,0,1,1,0,0,0,0,0,0
m157,2,1,1,1,1,1,1,1,1,1
m157,2,2,1,1,1,1,0,1,0,0
m157,2,3,1,1,1,1,1,1,1,1
m157,3,0,1,1,0,0,0,0,0,0
m157,3,1,1,1,1,1,1,1,1,1
m157,3,2,1,1,1,1,0,1,0,0
m157,3,3,1,1,1,1,1,1,1,1
m158,0,0,0,0,0,0,0,0,0,0
m158,0,1,0,0,0,0,0,0,0,0
m158,0,2,0,0,0,0,0,0,0,0
m158,0,3,0,0,0,0,0,0,0,0
m158,1,0,1,1,0,0,0,0,0,0
m158,1,1,1,1,1,1,1,1,1,1
m158,1,2,1,1,1,1,1,1,1,1
m158,1,3,1,1,1,1,1,1,1,1
m158,2,0,1,1,0,0,0,0,0,0
m158,2,1,1,1,1,1,1,1,1,1
m158,2,2,1,1,1,1,1,1,1,1
m158,2,3,1,1,1,1,1,1,1,1
m158,3,0,1,1,0,0,0,0,0,0
m158,3,1,1,1,1,1,1,1,1,1
m158,3,2,1,1,1,1,1,1,1,1
m158,3,3,1,1,1,1,1,1,1,1
m159,0,0,0,0,0,0,0,0,0,0
m159,0,1,0,0,0,0,0,0,0,0
m159,0,2,0,0,0,0,0,0,0,0
m159,0,3,0,0,0,0,0,0,0,0
m159,1,0,1,1,0,0,0,0,0,0
m159,1,1,1,1,1,1,1,1,1,1
m159,1,2,1,1,1,1,0,1,0,0
m159,1,3,1,1,1,1,1,1,1,1
m159,2,0,1,1,0,0,0,0,0,0
m159,2,1,1,1,1,1,1,1,1,1
m159,2,2,1,1,1,1,0,1,0,0
m159,2,3,1,1,1,1,1,1,1,1
m159,3,0,1,1,0,0,0,0,0,0
m159,3,1,1,1,1,1,1,1,1,1
m159,3,2,1,1,1,1,0,1,0,0
m159,3,3,1,1,1,1,1,1,1,1
m161,0,0,1,0,0,0,0,0,0,0
m161,0,1,1,0,1,0,1,0,1,0
m161,0,2,1,0,0,0,0,0,0,0
m161,0,3,1,0,1,0,1,0,1,0
m161,1,0,1,1,0,0,0,0,0,0
m161,1,1,1,1,1,0,1,0,1,0
m161,1,2,1,1,0,1,0,1,0,1
m161,1,3,1,1,1,1,1,1,1,1
m161,2,0,1,1,0,0,0,0,0,0
m161,2,1,1,1,1,0,1,0,1,0
m161,2,2,1,1,0,1,0,1,0,1
m161,2,3,1,1,1,1,1,1,1,1
m161,3,0,1,1,0,0,0,0,0,0
m161,3,1,1,1,1,0,1,0,1,0
m161,3,2,1,1,0,1,0,1,0,1
m161,3,3,1,1,1,1,1,1,1,1
m162,0,0,0,0,0,0,0,0,0,0
m162,0,1,0,0,0,0,0,0,0,0
m162,0,2,0,0,0,0,0,0,0,0
m162,0,3,0,0,0,0,0,0,0,0
m162,1,0,1,1,0,0,0,0,0,0
m162,1,1,1,1,1,0,1,0,0,0
m162,1,2,1,1,1,1,1,1,1,1
m162,1,3,1,1,1,1,1,1,1,1
m162,2,0,1,1,0,0,0,0,0,0
m162,2,1,1,1,1,0,1,0,0,0
m162,2,2,1,1,1,1,1,1,1,1
m162,2,3,1,1,1,1,1,1,1,1
m162,3,0,1,1,0,0,0,0,0,0
m162,3,1,1,1,1,0,1,0,0,0
m162,3,2,1,1,1,1,1,1,1,1
m162,3,3,1,1,1,1,1,1,1,1
m163,0,0,1,0,0,0,0,0,0,0
m163,0,1,1,0,1,0,1,0,1,0
m163,0,2,1,0,0,0,0,0,0,0
m163,0,3,1,0,1,0,1,0,1,0
m163,1,0,1,1,0,0,0,0,0,0
m163,1,1,1,1,1,0,1,0,0,0
m163,1,2,1,1,1,1,0,1,0,1
m163,1,3,1,1,1,1,1,1,1,1
m163,2,0,1,1,0,0,0,0,0,0
m163,2,1,1,1,1,0,1,0,0,0
m163,2,2,1,1,1,1,0,1,0,1
m163,2,3,1,1,1,1,1,1,1,1
m163,3,0,1,1,0,0,0,0,0,0
m163,3,1,1,1,1,0,1,0,0,0
m163,3,2,1,1,1,1,0,1,0,1
m163,3,3,1,1,1,1,1,1,1,1
m164,0,0,1,0,0,0,0,0,0,0
m164,0,1,1,0,1,0,1,0,1,0
m164,0,2,1,0,0,0,0,0,0,0
m164,0,3,1,0,1,0,1,0,1,0
m164,1,0,1,1,0,0,0,0,0,0
m164,1,1,1,1,1,0,1,0,1,0
m164,1,2,1,1,0,1,0,1,0,1
m164,1,3,1,1,1,1,1,1,1,1
m164,2,0,1,1,0,0,0,0,0,0
m164,2,1,1,1,1,0,1,0,1,0
m164,2,2,1,1,0,1,0,1,0,1
m164,2,3,1,1,1,1,1,1,1,1
m164,3,0,1,1,0,0,0,0,0,0
m164,3,1,1,1,1,0,1,0,1,0
m164,3,2,1,1,0,1,0,1,0,1
m164,3,3,1,1,1,1,1,1,1,1
m165,0,0,0,0,0,0,0,0,0,0
m165,0,1,0,0,0,0,0,0,0,0
m165,0,2,0,0,0,0,0,0,0,0
m165,0,3,0,0,0,0,0,0,0,0
m165,1,0,1,1,0,0,0,0,0,0
m165,1,1,1,1,1,0,1,0,1,0
m165,1,2,1,1,0,1,0,1,0,1
m165,1,3,1,1,1,1,1,1,1,1
m165,2,0,1,1,0,0,0,0,0,0
m165,2,1,1,1,1,0,1,0,1,0
m165,2,2,1,1,0,1,0,1,0,1
m165,2,3,1,1,1,1,1,1,1,1
m165,3,0,1,1,0,0,0,0,0,0
m165,3,1,1,1,1,0,1,0,1,0
m165,3,2,1,1,0,1,0,1,0,1
m165,3,3,1,1,1,1,1,1,1,1
m166,0,0,0,0,0,0,0,0,0,0
m166,0,1,0,0,0,0,0,0,0,0
m166,0,2,0,0,0,0,0,0,0,0
m166,0,3,0,0,0,0,0,0,0,0
m166,1,0,1,1,0,0,0,0,0,0
m166,1,1,1,1,1,0,1,0,0,0
m166,1,2,1,1,1,1,1,1,1,1
m166,1,3,1,1,1,1,1,1,1,1
m166,2,0,1,1,0,0,0,0,0,0
m166,2,1,1,1,1,0,1,0,0,0
m166,2,2,1,1,1,1,1,1,1,1
m166,2,3,1,1,1,1,1,1,1,1
m166,3,0,1,1,0,0,0,0,0,0
m166,3,1,1,1,1,0,1,0,0,0
m166,3,2,1,1,1,1,1,1,1,1
m166,3,3,1,1,1,1,1,1,1,1
m167,0,0,0,0,0,0,0,0,0,0
m167,0,1,0,0,0,0,0,0,0,0
m167,0,2,0,0,0,0,0,0,0,0
m167,0,3,0,0,0,0,0,0,0,0
m167,1,0,1,1,0,0,0,0,0,0
m167,1,1,1,1,1,0,1,0,0,0
m167,1,2,1,1,1,1,0,1,0,1
m167,1,3,1,1,1,1,1,1,1,1
m167,2,0,1,1,0,0,0,0,0,0
m167,2,1,1,1,1,0,1,0,0,0
m167,2,2,1,1,1,1,0,1,0,1
m167,2,3,1,1,1,1,1,1,1,1
m167,3,0,1,1,0,0,0,0,0,0
m167,3,1,1,1,1,0,1,0,0,0
m167,3,2,1,1,1,1,0,1,0,1
m167,3,3,1,1,1,1,1,1,1,1
m168,0,0,0,0,0,0,0,0,0,0
m168,0,1,0,0,0,0,0,0,0,0
m168,0,2,0,0,0,0,0,0,0,0
m168,0,3,0,0,0,0,0,0,0,0
m168,1,0,1,1,0,0,0,0,0,0
m168,1,1,1,1,1,0,1,0,0,0
m168,1,2,1,1,1,1,1,1,1,1
m168,1,3,1,1,1,1,1,1,1,1
m168,2,0,1,1,0,0,0,0,0,0
m168,2,1,1,1,1,0,1,0,0,0
m168,2,2,1,1,1,1,1,1,1,1
m168,2,3,1,1,1,1,1,1,1,1
m168,3,0,1,1,0,0,0,0,0,0
m168,3,1,1,1,1,0,1,0,0,0
m168,3,2,1,1,1,1,1,1,1,1
m168,3,3,1,1,1,1,1,1,1,1
m169,0,0,0,0,0,0,0,0,0,0
m169,0,1,0,0,0,0,0,0,0,0
m169,0,2,0,0,0,0,0,0,0,0
m169,0,3,0,0,0,0,0,0,0,0
m169,1,0,1,1,0,0,0,0,0,0
m169,1,1,1,1,1,0,1,0,0,0
m169,1,2,1,1,1,1,1,1,1,1
m169,1,3,1,1,1,1,1,1,1,1
m169,2,0,1,1,0,0,0,0,0,0
m169,2,1,1,1,1,0,1,0,0,0
m169,2,2,1,1,1,1,1,1,1,1
m169,2,3,1,1,1,1,1,1,1,1
m169,3,0,1,1,0,0,0,0,0,0
m169,3,1,1,1,1,0,1,0,0,0
m169,3,2,1,1,1,1,1,1,1,1
m169,3,3,1,1,1,1,1,1,1,1
m170,0,0,0,0,0,0,0,0,0,0
m170,0,1,0,0,0,0,0,0,0,0
m170,0,2,0,0,0,0,0,0,0,0
m170,0,3,0,0,0,0,0,0,0,0
m170,1,0,1,1,0,0,0,0,0,0
m170,1,1,1,1,1,0,1,0,0,0
m170,1,2,1,1,1,1,1,1,1,1
m170,1,3,1,1,1,1,1,1,1,1
m170,2,0,1,1,0,0,0,0,0,0
m170,2,1,1,1,1,0,1,0,0,0
m170,2,2,1,1,1,1,1,1,1,1
m170,2,3,1,1,1,1,1,1,1,1
m170,3,0,1,1,0,0,0,0,0,0
m170,3,1,1,1,1,0,1,0,0,0
m170,3,2,1,1,1,1,1,1,1,1
m170,3,3,1,1,1,1,1,1,1,1
m171,0,0,0,0,0,0,0,0,0,0
m171,0,1,0,0,0,0,0,0,0,0
m171,0,2,0,0,0,0,0,0,0,0
m171,0,3,0,0,0,0,0,0,0,0
m171,1,0,1,1,0,0,0,0,0,0
m171,1,1,1,1,1,0,1,0,0,0
m171,1,2,1,1,1,1,1,1,1,1
m171,1,3,1,1,1,1,1,1,1,1
m171,2,0,1,1,0,0,0,0,0,0
m171,2,1,1,1,1,0,1,0,0,0
m171,2,2,1,1,1,1,1,1,1,1
m171,2,3,1,1,1,1,1,1,1,1
m171,3,0,1,1,0,0,0,0,0,0
m171,3,1,1,1,1,0,1,0,0,0
m171,3,2,1,1,1,1,1,1,1,1
m171,3,3,1,1,1,1,1,1,1,1
m172,0,0,1,0,0,0,0,0,0,0
m172,0,1,1,0,1,0,1,0,1,0
m172,0,2,1,0,0,0,0,0,0,0
m172,0,3,1,0,1,0,1,0,1,0
m172,1,0,1,1,0,0,0,0,0,0
m172,1,1,1,1,1,0,1,0,0,0
m172,1,2,1,1,1,1,0,1,0,1
m172,1,3,1,1,1,1,1,1,1,1
m172,2,0,1,1,0,0,0,0,0,0
m172,2,1,1,1,1,0,1,0,0,0
m172,2,2,1,1,1,1,0,1,0,1
m172,2,3,1,1,1,1,1,1,1,1
m172,3,0,1,1,0,0,0,0,0,0
m172,3,1,1,1,1,0,1,0,0,0
m172,3,2,1,1,1,1,0,1,0,1
m172,3,3,1,1,1,1,1,1,1,1
m173,0,0,0,0,0,0,0,0,0,0
m173,0,1,0,0,0,0,0,0,0,0
m173,0,2,0,0,0,0,0,0,0,0
m173,0,3,0,0,0,0,0,0,0,0
m173,1,0,1,1,0,0,0,0,0,0
m173,1,1,1,1,1,0,1,0,0,0
m173,1,2,1,1,1,1,0,1,0,1
m173,1,3,1,1,1,1,1,1,1,1
m173,2,0,1,1,0,0,0,0,0,0
m173,2,1,1,1,1,0,1,0,0,0
m173,2,2,1,1,1,1,0,1,0,1
m173,2,3,1,1,1,1,1,1,1,1
m173,3,0,1,1,0,0,0,0,0,0
m173,3,1,1,1,1,0,1,0,0,0
m173,3,2,1,1,1,1,0,1,0,1
m173,3,3,1,1,1,1,1,1,1,1
m174,0,0,0,0,0,0,0,0,0,0
m174,0,1,0,0,0,0,0,0,0,0
m174,0,2,0,0,0,0,0,0,0,0
m174,0,3,0,0,0,0,0,0,0,0
m174,1,0,1,1,0,0,0,0,0,0
m174,1,1,1,1,1,0,1,0,0,0
m174,1,2,1,1,1,1,1,1,1,1
m174,1,3,1,1,1,1,1,1,1,1
m174,2,0,1,1,0,0,0,0,0,0
m174,2,1,1,1,1,0,1,0,0,0
m174,2,2,1,1,1,1,1,1,1,1
m174,2,3,1,1,1,1,1,1,1,1
m174,3,0,1,1,0,0,0,0,0,0
m174,3,1,1,1,1,0,1,0,0,0
m174,3,2,1,1,1,1,1,1,1,1
m174,3,3,1,1,1,1,1,1,1,1
m175,0,0,0,0,0,0,0,0,0,0
m175,0,1,0,0,0,0,0,0,0,0
m175,0,2,0,0,0,0,0,0,0,0
m175,0,3,0,0,0,0,0,0,0,0
m175,1,0,1,1,0,0,0,0,0,0
m175,1,1,1,1,1,0,1,0,0,0
m175,1,2,1,1,1,1,0,1,0,1
m175,1,3,1,1,1,1,1,1,1,1
m175,2,0,1,1,0,0,0,0,0,0
m175,2,1,1,1,1,0,1,0,0,0
m175,2,2,1,1,1,1,0,1,0,1
m175,2,3,1,1,1,1,1,1,1,1
m175,3,0,1,1,0,0,0,0,0,0
m175,3,1,1,1,1,0,1,0,0,0
m175,3,2,1,1,1,1,0,1,0,1
m175,3,3,1,1,1,1,1,1,1,1
m177,0,0,1,0,0,0,0,0,0,0
m177,0,1,1,0,1,0,1,0,1,0
m177,0,2,1,0,0,0,0,0,0,0
m177,0,3,1,0,1,0,1,0,1,0
m177,1,0,1,1,0,0,0,0,0,0
m177,1,1,1,1,1,1,1,0,1,0
m177,1,2,1,1,0,1,0,1,0,0
m177,1,3,1,1,1,1,1,1,1,1
m177,2,0,1,1,0,0,0,0,0,0
m177,2,1,1,1,1,1,1,0,1,0
m177,2,2,1,1,0,1,0,1,0,0
m177,2,3,1,1,1,1,1,1,1,1
m177,3,0,1,1,0,0,0,0,0,0
m177,3,1,1,1,1,1,1,0,1,0
m177,3,2,1,1,0,1,0,1,0,0
m177,3,3,1,1,1,1,1,1,1,1
m178,0,0,0,0,0,0,0,0,0,0
m178,0,1,0,0,0,0,0,0,0,0
m178,0,2,0,0,0,0,0,0,0,0
m178,0,3,0,0,0,0,0,0,0,0
m178,1,0,1,1,0,0,0,0,0,0
m178,1,1,1,1,1,1,1,0,0,0
m178,1,2,1,1,1,1,1,1,1,1
m178,1,3,1,1,1,1,1,1,1,1
m178,2,0,1,1,0,0,0,0,0,0
m178,2,1,1,1,1,1,1,0,0,0
m178,2,2,1,1,1,1,1,1,1,1
m178,2,3,1,1,1,1,1,1,1,1
m178,3,0,1,1,0,0,0,0,0,0
m178,3,1,1,1,1,1,1,0,0,0
m178,3,2,1,1,1,1,1,1,1,1
m178,3,3,1,1,1,1,1,1,1,1
m179,0,0,1,0,0,0,0,0,0,0
m179,0,1,1,0,1,0,1,0,1,0
m179,0,2,1,0,0,0,0,0,0,0
m179,0,3,1,0,1,0,1,0,1,0
m179,1,0,1,1,0,0,0,0,0,0
m179,1,1,1,1,1,1,1,0,0,0
m179,1,2,1,1,1,1,0,1,0,0
m179,1,3,1,1,1,1,1,1,1,1
m179,2,0,1,1,0,0,0,0,0,0
m179,2,1,1,1,1,1,1,0,0,0
m179,2,2,1,1,1,1,0,1,0,0
m179,2,3,1,1,1,1,1,1,1,1
m179,3,0,1,1,0,0,0,0,0,0
m179,3,1,1,1,1,1,1,0,0,0
m179,3,2,1,1,1,1,0,1,0,0
m179,3,3,1,1,1,1,1,1,1,1
m180,0,0,1,0,0,0,0,0,0,0
m180,0,1,1,0,1,0,1,0,1,0
m180,0,2,1,0,0,0,0,0,0,0
m180,0,3,1,0,1,0,1,0,1,0
m180,1,0,1,1,0,0,0,0,0,0
m180,1,1,1,1,1,1,1,0,1,0
m180,1,2,1,1,0,1,0,1,0,0
m180,1,3,1,1,1,1,1,1,1,1
m180,2,0,1,1,0,0,0,0,0,0
m180,2,1,1,1,1,1,1,0,1,0
m180,2,2,1,1,0,1,0,1,0,0
m180,2,3,1,1,1,1,1,1,1,1
m180,3,0,1,1,0,0,0,0,0,0
m180,3,1,1,1,1,1,1,0,1,0
m180,3,2,1,1,0,1,0,1,0,0
m180,3,3,1,1,1,1,1,1,1,1
m181,0,0,0,0,0,0,0,0,0,0
m181,0,1,0,0,0,0,0,0,0,0
m181,0,2,0,0,0,0,0,0,0,0
m181,0,3,0,0,0,0,0,0,0,0
m181,1,0,1,1,0,0,0,0,0,0
m181,1,1,1,1,1,1,1,0,1,0
m181,1,2,1,1,0,1,0,1,0,0
m181,1,3,1,1,1,1,1,1,1,1
m181,2,0,1,1,0,0,0,0,0,0
m181,2,1,1,1,1,1,1,0,1,0
m181,2,2,1,1,0,1,0,1,0,0
m181,2,3,1,1,1,1,1,1,1,1
m181,3,0,1,1,0,0,0,0,0,0
m181,3,1,1,1,1,1,1,0,1,0
m181,3,2,1,1,0,1,0,1,0,0
m181,3,3,1,1,1,1,1,1,1,1
m182,0,0,0,0,0,0,0,0,0,0
m182,0,1,0,0,0,0,0,0,0,0
m182,0,2,0,0,0,0,0,0,0,0
m182,0,3,0,0,0,0,0,0,0,0
m182,1,0,1,1,0,0,0,0,0,0
m182,1,1,1,1,1,1,1,0,0,0
m182,1,2,1,1,1,1,1,1,1,1
m182,1,3,1,1,1,1,1,1,1,1
m182,2,0,1,1,0,0,0,0,0,0
m182,2,1,1,1,1,1,1,0,0,0
m182,2,2,1,1,1,1,1,1,1,1
m182,2,3,1,1,1,1,1,1,1,1
m182,3,0,1,1,0,0,0,0,0,0
m182,3,1,1,1,1,1,1,0,0,0
m182,3,2,1,1,1,1,1,1,1,1
m182,3,3,1,1,1,1,1,1,1,1
m183,0,0,0,0,0,0,0,0,0,0
m183,0,1,0,0,0,0,0,0,0,0
m183,0,2,0,0,0,0,0,0,0,0
m183,0,3,0,0,0,0,0,0,0,0
m183,1,0,1,1,0,0,0,0,0,0
m183,1,1,1,1,1,1,1,0,0,0
m183,1,2,1,1,1,1,0,1,0,0
m183,1,3,1,1,1,1,1,1,1,1
m183,2,0,1,1,0,0,0,0,0,0
m183,2,1,1,1,1,1,1,0,0,0
m183,2,2,1,1,1,1,0,1,0,0
m183,2,3,1,1,1,1,1,1,1,1
m183,3,0,1,1,0,0,0,0,0,0
m183,3,1,1,1,1,1,1,0,0,0
m183,3,2,1,1,1,1,0,1,0,0
m183,3,3,1,1,1,1,1,1,1,1
m184,0,0,0,0,0,0,0,0,0,0
m184,0,1,0,0,0,0,0,0,0,0
m184,0,2,0,0,0,0,0,0,0,0
m184,0,3,0,0,0,0,0,0,0,0
m184,1,0,1,1,0,0,0,0,0,0
m184,1,1,1,1,1,1,1,0,0,0
m184,1,2,1,1,1,1,1,1,1,1
m184,1,3,1,1,1,1,1,1,1,1
m184,2,0,1,1,0,0,0,0,0,0
m184,2,1,1,1,1,1,1,0,0,0
m184,2,2,1,1,1,1,1,1,1,1
m184,2,3,1,1,1,1,1,1,1,1
m184,3,0,1,1,0,0,0,0,0,0
m184,3,1,1,1,1,1,1,0,0,0
m184,3,2,1,1,1,1,1,1,1,1
m184,3,3,1,1,1,1,1,1,1,1
m185,0,0,0,0,0,0,0,0,0,0
m185,0,1,0,0,0,0,0,0,0,0
m185,0,2,0,0,0,0,0,0,0,0
m185,0,3,0,0,0,0,0,0,0,0
m185,1,0,1,1,0,0,0,0,0,0
m185,1,1,1,1,1,1,1,0,0,0
m185,1,2,1,1,1,1,1,1,1,1
m185,1,3,1,1,1,1,1,1,1,1
m185,2,0,1,1,0,0,0,0,0,0
m185,2,1,1,1,1,1,1,0,0,0
m185,2,2,1,1,1,1,1,1,1,1
m185,2,3,1,1,1,1,1,1,1,1
m185,3,0,1,1,0,0,0,0,0,0
m185,3,1,1,1,1,1,1,0,0,0
m185,3,2,1,1,1,1,1,1,1,1
m185,3,3,1,1,1,1,1,1,1,1
m186,0,0,0,0,0,0,0,0,0,0
m186,0,1,0,0,0,0,0,0,0,0
m186,0,2,0,0,0,0,0,0,0,0
m186,0,3,0,0,0,0,0,0,0,0
m186,1,0,1,1,0,0,0,0,0,0
m186,1,1,1,1,1,1,1,0,0,0
m186,1,2,1,1,1,1,1,1,1,1
m186,1,3,1,1,1,1,1,1,1,1
m186,2,0,1,1,0,0,0,0,0,0
m186,2,1,1,1,1,1,1,0,0,0
m186,2,2,1,1,1,1,1,1,1,1
m186,2,3,1,1,1,1,1,1,1,1
m186,3,0,1,1,0,0,0,0,0,0
m186,3,1,1,1,1,1,1,0,0,0
m186,3,2,1,1,1,1,1,1,1,1
m186,3,3,1,1,1,1,1,1,1,1
m187,0,0,0,0,0,0,0,0,0,0
m187,0,1,0,0,0,0,0,0,0,0
m187,0,2,0,0,0,0,0,0,0,0
m187,0,3,0,0,0,0,0,0,0,0
m187,1,0,1,1,0,0,0,0,0,0
m187,1,1,1,1,1,1,1,0,0,0
m187,1,2,1,1,1,1,1,1,1,1
m187,1,3,1,1,1,1,1,1,1,1
m187,2,0,1,1,0,0,0,0,0,0
m187,2,1,1,1,1,1,1,0,0,0
m187,2,2,1,1,1,1,1,1,1,1
m187,2,3,1,1,1,1,1,1,1,1
m187,3,0,1,1,0,0,0,0,0,0
m187,3,1,1,1,1,1,1,0,0,0
m187,3,2,1,1,1,1,1,1,1,1
m187,3,3,1,1,1,1,1,1,1,1
m188,0,0,1,0,0,0,0,0,0,0
m188,0,1,1,0,1,0,1,0,1,0
m188,0,2,1,0,0,0,0,0,0,0
m188,0,3,1,0,1,0,1,0,1,0
m188,1,0,1,1,0,0,0,0,0,0
m188,1,1,1,1,1,1,1,0,0,0
m188,1,2,1,1,1,1,0,1,0,0
m188,1,3,1,1,1,1,1,1,1,1
m188,2,0,1,1,0,0,0,0,0,0
m188,2,1,1,1,1,1,1,0,0,0
m188,2,2,1,1,1,1,0,1,0,0
m188,2,3,1,1,1,1,1,1,1,1
m188,3,0,1,1,0,0,0,0,0,0
m188,3,1,1,1,1,1,1,0,0,0
m188,3,2,1,1,1,1,0,1,0,0
m188,3,3,1,1,1,1,1,1,1,1
m189,0,0,0,0,0,0,0,0,0,0
m189,0,1,0,0,0,0,0,0,0,0
m189,0,2,0,0,0,0,0,0,0,0
m189,0,3,0,0,0,0,0,0,0,0
m189,1,0,1,1,0,0,0,0,0,0
m189,1,1,1,1,1,1,1,0,0,0
m189,1,2,1,1,1,1,0,1,0,0
m189,1,3,1,1,1,1,1,1,1,1
m189,2,0,1,1,0,0,0,0,0,0
m189,2,1,1,1,1,1,1,0,0,0
m189,2,2,1,1,1,1,0,1,0,0
m189,2,3,1,1,1,1,1,1,1,1
m189,3,0,1,1,0,0,0,0,0,0
m189,3,1,1,1,1,1,1,0,0,0
m189,3,2,1,1,1,1,0,1,0,0
m189,3,3,1,1,1,1,1,1,1,1
m190,0,0,0,0,0,0,0,0,0,0
m190,0,1,0,0,0,0,0,0,0,0
m190,0,2,0,0,0,0,0,0,0,0
m190,0,3,0,0,0,0,0,0,0,0
m190,1,0,1,1,0,0,0,0,0,0
m190,1,1,1,1,1,1,1,0,0,0
m190,1,2,1,1,1,1,1,1,1,1
m190,1,3,1,1,1,1,1,1,1,1
m190,2,0,1,1,0,0,0,0,0,0
m190,2,1,1,1,1,1,1,0,0,0
m190,2,2,1,1,1,1,1,1,1,1
m190,2,3,1,1,1,1,1,1,1,1
m190,3,0,1,1,0,0,0,0,0,0
m190,3,1,1,1,1,1,1,0,0,0
m190,3,2,1,1,1,1,1,1,1,1
m190,3,3,1,1,1,1,1,1,1,1
m191,0,0,0,0,0,0,0,0,0,0
m191,0,1,0,0,0,0,0,0,0,0
m191,0,2,0,0,0,0,0,0,0,0
m191,0,3,0,0,0,0,0,0,0,0
m191,1,0,1,1,0,0,0,0,0,0
m191,1,1,1,1,1,1,1,0,0,0
m191,1,2,1,1,1,1,0,1,0,0
m191,1,3,1,1,1,1,1,1,1,1
m191,2,0,1,1,0,0,0,0,0,0
m191,2,1,1,1,1,1,1,0,0,0
m191,2,2,1,1,1,1,0,1,0,0
m191,2,3,1,1,1,1,1,1,1,1
m191,3,0,1,1,0,0,0,0,0,0
m191,3,1,1,1,1,1,1,0,0,0
m191,3,2,1,1,1,1,0,1,0,0
m191,3,3,1,1,1,1,1,1,1,1
m193,0,0,1,1,0,0,0,0,0,0
m193,0,1,1,1,1,1,1,0,1,0
m193,0,2,1,1,0,1,0,1,0,0
m193,0,3,1,1,1,1,1,1,1,1
m193,1,0,1,1,0,0,0,0,0,0
m193,1,1,1,1,1,1,1,0,1,0
m193,1,2,1,1,0,1,0,1,0,0
m193,1,3,1,1,1,1,1,1,1,1
m193,2,0,1,1,0,0,0,0,0,0
m193,2,1,1,1,1,1,1,0,1,0
m193,2,2,1,1,0,1,0,1,0,0
m193,2,3,1,1,1,1,1,1,1,1
m193,3,0,1,1,0,0,0,0,0,0
m193,3,1,1,1,1,1,1,0,1,0
m193,3,2,1,1,0,1,0,1,0,0
m193,3,3,1,1,1,1,1,1,1,1
m194,0,0,1,1,0,0,0,0,0,0
m194,0,1,1,1,1,1,1,0,0,0
m194,0,2,1,1,1,1,1,1,1,1
m194,0,3,1,1,1,1,1,1,1,1
m194,1,0,1,1,0,0,0,0,0,0
m194,1,1,1,1,1,1,1,0,0,0
m194,1,2,1,1,1,1,1,1,1,1
m194,1,3,1,1,1,1,1,1,1,1
m194,2,0,1,1,0,0,0,0,0,0
m194,2,1,1,1,1,1,1,0,0,0
m194,2,2,1,1,1,1,1,1,1,1
m194,2,3,1,1,1,1,1,1,1,1
m194,3,0,1,1,0,0,0,0,0,0
m194,3,1,1,1,1,1,1,0,0,0
m194,3,2,1,1,1,1,1,1,1,1
m194,3,3,1,1,1,1,1,1,1,1
m195,0,0,1,1,0,0,0,0,0,0
m195,0,1,1,1,1,1,1,0,0,0
m195,0,2,1,1,1,1,0,1,0,0
m195,0,3,1,1,1,1,1,1,1,1
m195,1,0,1,1,0,0,0,0,0,0
m195,1,1,1,1,1,1,1,0,0,0
m195,1,2,1,1,1,1,0,1,0,0
m195,1,3,1,1,1,1,1,1,1,1
m195,2,0,1,1,0,0,0,0,0,0
m195,2,1,1,1,1,1,1,0,0,0
m195,2,2,1,1,1,1,0,1,0,0
m195,2,3,1,1,1,1,1,1,1,1
m195,3,0,1,1,0,0,0,0,0,0
m195,3,1,1,1,1,1,1,0,0,0
m195,3,2,1,1,1,1,0,1,0,0
m195,3,3,1,1,1,1,1,1,1,1
m196,0,0,1,1,0,0,0,0,0,0
m196,0,1,1,1,1,1,1,0,1,0
m196,0,2,1,1,0,1,0,1,0,0
m196,0,3,1,1,1,1,1,1,1,1
m196,1,0,1,1,0,0,0,0,0,0
m196,1,1,1,1,1,1,1,0,1,0
m196,1,2,1,1,0,1,0,1,0,0
m196,1,3,1,1,1,1,1,1,1,1
m196,2,0,1,1,0,0,0,0,0,0
m196,2,1,1,1,1,1,1,0,1,0
m196,2,2,1,1,0,1,0,1,0,0
m196,2,3,1,1,1,1,1,1,1,1
m196,3,0,1,1,0,0,0,0,0,0
m196,3,1,1,1,1,1,1,0,1,0
m196,3,2,1,1,0,1,0,1,0,0
m196,3,3,1,1,1,1,1,1,1,1
m197,0,0,0,1,0,0,0,0,0,0
m197,0,1,0,1,0,0,0,0,0,0
m197,0,2,0,1,0,1,0,1,0,1
m197,0,3,0,1,0,1,0,1,0,1
m197,1,0,1,1,0,0,0,0,0,0
m197,1,1,1,1,1,1,1,0,1,0
m197,1,2,1,1,0,1,0,1,0,0
m197,1,3,1,1,1,1,1,1,1,1
m197,2,0,1,1,0,0,0,0,0,0
m197,2,1,1,1,1,1,1,0,1,0
m197,2,2,1,1,0,1,0,1,0,0
m197,2,3,1,1,1,1,1,1,1,1
m197,3,0,1,1,0,0,0,0,0,0
m197,3,1,1,1,1,1,1,0,1,0
m197,3,2,1,1,0,1,0,1,0,0
m197,3,3,1,1,1,1,1,1,1,1
m198,0,0,0,1,0,0,0,0,0,0
m198,0,1,0,1,0,0,0,0,0,0
m198,0,2,0,1,0,1,0,1,0,1
m198,0,3,0,1,0,1,0,1,0,1
m198,1,0,1,1,0,0,0,0,0,0
m198,1,1,1,1,1,1,1,0,0,0
m198,1,2,1,1,1,1,1,1,1,1
m198,1,3,1,1,1,1,1,1,1,1
m198,2,0,1,1,0,0,0,0,0,0
m198,2,1,1,1,1,1,1,0,0,0
m198,2,2,1,1,1,1,1,1,1,1
m198,2,3,1,1,1,1,1,1,1,1
m198,3,0,1,1,0,0,0,0,0,0
m198,3,1,1,1,1,1,1,0,0,0
m198,3,2,1,1,1,1,1,1,1,1
m198,3,3,1,1,1,1,1,1,1,1
m199,0,0,0,1,0,0,0,0,0,0
m199,0,1,0,1,0,0,0,0,0,0
m199,0,2,0,1,0,1,0,1,0,1
m199,0,3,0,1,0,1,0,1,0,1
m199,1,0,1,1,0,0,0,0,0,0
m199,1,1,1,1,1,1,1,0,0,0
m199,1,2,1,1,1,1,0,1,0,0
m199,1,3,1,1,1,1,1,1,1,1
m199,2,0,1,1,0,0,0,0,0,0
m199,2,1,1,1,1,1,1,0,0,0
m199,2,2,1,1,1,1,0,1,0,0
m199,2,3,1,1,1,1,1,1,1,1
m199,3,0,1,1,0,0,0,0,0,0
m199,3,1,1,1,1,1,1,0,0,0
m199,3,2,1,1,1,1,0,1,0,0
m199,3,3,1,1,1,1,1,1,1,1
m200,0,0,1,1,0,0,0,0,0,0
m200,0,1,1,1,1,1,1,0,0,0
m200,0,2,1,1,1,1,1,1,1,1
m200,0,3,1,1,1,1,1,1,1,1
m200,1,0,1,1,0,0,0,0,0,0
m200,1,1,1,1,1,1,1,0,0,0
m200,1,2,1,1,1,1,1,1,1,1
m200,1,3,1,1,1,1,1,1,1,1
m200,2,0,1,1,0,0,0,0,0,0
m200,2,1,1,1,1,1,1,0,0,0
m200,2,2,1,1,1,1,1,1,1,1
m200,2,3,1,1,1,1,1,1,1,1
m200,3,0,1,1,0,0,0,0,0,0
m200,3,1,1,1,1,1,1,0,0,0
m200,3,2,1,1,1,1,1,1,1,1
m200,3,3,1,1,1,1,1,1,1,1
m201,0,0,0,1,0,0,0,0,0,0
m201,0,1,0,1,0,0,0,0,0,0
m201,0,2,0,1,0,1,0,1,0,1
m201,0,3,0,1,0,1,0,1,0,1
m201,1,0,1,1,0,0,0,0,0,0
m201,1,1,1,1,1,1,1,0,0,0
m201,1,2,1,1,1,1,1,1,1,1
m201,1,3,1,1,1,1,1,1,1,1
m201,2,0,1,1,0,0,0,0,0,0
m201,2,1,1,1,1,1,1,0,0,0
m201,2,2,1,1,1,1,1,1,1,1
m201,2,3,1,1,1,1,1,1,1,1
m201,3,0,1,1,0,0,0,0,0,0
m201,3,1,1,1,1,1,1,0,0,0
m201,3,2,1,1,1,1,1,1,1,1
m201,3,3,1,1,1,1,1,1,1,1
m202,0,0,0,1,0,0,0,0,0,0
m202,0,1,0,1,0,0,0,0,0,0
m202,0,2,0,1,0,1,0,1,0,1
m202,0,3,0,1,0,1,0,1,0,1
m202,1,0,1,1,0,0,0,0,0,0
m202,1,1,1,1,1,1,1,0,0,0
m202,1,2,1,1,1,1,1,1,1,1
m202,1,3,1,1,1,1,1,1,1,1
m202,2,0,1,1,0,0,0,0,0,0
m202,2,1,1,1,1,1,1,0,0,0
m202,2,2,1,1,1,1,1,1,1,1
m202,2,3,1,1,1,1,1,1,1,1
m202,3,0,1,1,0,0,0,0,0,0
m202,3,1,1,1,1,1,1,0,0,0
m202,3,2,1,1,1,1,1,1,1,1
m202,3,3,1,1,1,1,1,1,1,1
m203,0,0,0,1,0,0,0,0,0,0
m203,0,1,0,1,0,0,0,0,0,0
m203,0,2,0,1,0,1,0,1,0,1
m203,0,3,0,1,0,1,0,1,0,1
m203,1,0,1,1,0,0,0,0,0,0
m203,1,1,1,1,1,1,1,0,0,0
m203,1,2,1,1,1,1,1,1,1,1
m203,1,3,1,1,1,1,1,1,1,1
m203,2,0,1,1,0,0,0,0,0,0
m203,2,1,1,1,1,1,1,0,0,0
m203,2,2,1,1,1,1,1,1,1,1
m203,2,3,1,1,1,1,1,1,1,1
m203,3,0,1,1,0,0,0,0,0,0
m203,3,1,1,1,1,1,1,0,0,0
m203,3,2,1,1,1,1,1,1,1,1
m203,3,3,1,1,1,1,1,1,1,1
m204,0,0,1,1,0,0,0,0,0,0
m204,0,1,1,1,1,1,1,0,0,0
m204,0,2,1,1,1,1,0,1,0,0
m204,0,3,1,1,1,1,1,1,1,1
m204,1,0,1,1,0,0,0,0,0,0
m204,1,1,1,1,1,1,1,0,0,0
m204,1,2,1,1,1,1,0,1,0,0
m204,1,3,1,1,1,1,1,1,1,1
m204,2,0,1,1,0,0,0,0,0,0
m204,2,1,1,1,1,1,1,0,0,0
m204,2,2,1,1,1,1,0,1,0,0
m204,2,3,1,1,1,1,1,1,1,1
m204,3,0,1,1,0,0,0,0,0,0
m204,3,1,1,1,1,1,1,0,0,0
m204,3,2,1,1,1,1,0,1,0,0
m204,3,3,1,1,1,1,1,1,1,1
m205,0,0,0,1,0,0,0,0,0,0
m205,0,1,0,1,0,0,0,0,0,0
m205,0,2,0,1,0,1,0,1,0,1
m205,0,3,0,1,0,1,0,1,0,1
m205,1,0,1,1,0,0,0,0,0,0
m205,1,1,1,1,1,1,1,0,0,0
m205,1,2,1,1,1,1,0,1,0,0
m205,1,3,1,1,1,1,1,1,1,1
m205,2,0,1,1,0,0,0,0,0,0
m205,2,1,1,1,1,1,1,0,0,0
m205,2,2,1,1,1,1,0,1,0,0
m205,2,3,1,1,1,1,1,1,1,1
m205,3,0,1,1,0,0,0,0,0,0
m205,3,1,1,1,1,1,1,0,0,0
m205,3,2,1,1,1,1,0,1,0,0
m205,3,3,1,1,1,1,1,1,1,1
m206,0,0,0,1,0,0,0,0,0,0
m206,0,1,0,1,0,0,0,0,0,0
m206,0,2,0,1,0,1,0,1,0,1
m206,0,3,0,1,0,1,0,1,0,1
m206,1,0,1,1,0,0,0,0,0,0
m206,1,1,1,1,1,1,1,0,0,0
m206,1,2,1,1,1,1,1,1,1,1
m206,1,3,1,1,1,1,1,1,1,1
m206,2,0,1,1,0,0,0,0,0,0
m206,2,1,1,1,1,1,1,0,0,0
m206,2,2,1,1,1,1,1,1,1,1
m206,2,3,1,1,1,1,1,1,1,1
m206,3,0,1,1,0,0,0,0,0,0
m206,3,1,1,1,1,1,1,0,0,0
m206,3,2,1,1,1,1,1,1,1,1
m206,3,3,1,1,1,1,1,1,1,1
m207,0,0,0,1,0,0,0,0,0,0
m207,0,1,0,1,0,0,0,0,0,0
m207,0,2,0,1,0,1,0,1,0,1
m207,0,3,0,1,0,1,0,1,0,1
m207,1,0,1,1,0,0,0,0,0,0
m207,1,1,1,1,1,1,1,0,0,0
m207,1,2,1,1,1,1,0,1,0,0
m207,1,3,1,1,1,1,1,1,1,1
m207,2,0,1,1,0,0,0,0,0,0
m207,2,1,1,1,1,1,1,0,0,0
m207,2,2,1,1,1,1,0,1,0,0
m207,2,3,1,1,1,1,1,1,1,1
m207,3,0,1,1,0,0,0,0,0,0
m207,3,1,1,1,1,1,1,0,0,0
m207,3,2,1,1,1,1,0,1,0,0
m207,3,3,1,1,1,1,1,1,1,1
m209,0,0,1,0,0,0,0,0,0,0
m209,0,1,1,0,1,0,1,0,1,0
m209,0,2,1,0,0,0,0,0,0,0
m209,0,3,1,0,1,0,1,0,1,0
m209,1,0,1,1,0,0,0,0,0,0
m209,1,1,1,1,1,1,1,1,1,1
m209,1,2,1,1,0,1,0,1,0,0
m209,1,3,1,1,1,1,1,1,1,1
m209,2,0,1,1,0,0,0,0,0,0
m209,2,1,1,1,1,1,1,1,1,1
m209,2,2,1,1,0,1,0,1,0,0
m209,2,3,1,1,1,1,1,1,1,1
m209,3,0,1,1,0,0,0,0,0,0
m209,3,1,1,1,1,1,1,1,1,1
m209,3,2,1,1,0,1,0,1,0,0
m209,3,3,1,1,1,1,1,1,1,1
m210,0,0,0,0,0,0,0,0,0,0
m210,0,1,0,0,0,0,0,0,0,0
m210,0,2,0,0,0,0,0,0,0,0
m210,0,3,0,0,0,0,0,0,0,0
m210,1,0,1,1,0,0,0,0,0,0
m210,1,1,1,1,1,1,1,1,1,1
m210,1,2,1,1,1,1,1,1,1,1
m210,1,3,1,1,1,1,1,1,1,1
m210,2,0,1,1,0,0,0,0,0,0
m210,2,1,1,1,1,1,1,1,1,1
m210,2,2,1,1,1,1,1,1,1,1
m210,2,3,1,1,1,1,1,1,1,1
m210,3,0,1,1,0,0,0,0,0,0
m210,3,1,1,1,1,1,1,1,1,1
m210,3,2,1,1,1,1,1,1,1,1
m210,3,3,1,1,1,1,1,1,1,1
m211,0,0,1,0,0,0,0,0,0,0
m211,0,1,1,0,1,0,1,0,1,0
m211,0,2,1,0,0,0,0,0,0,0
m211,0,3,1,0,1,0,1,0,1,0
m211,1,0,1,1,0,0,0,0,0,0
m211,1,1,1,1,1,1,1,1,1,1
m211,1,2,1,1,1,1,0,1,0,0
m211,1,3,1,1,1,1,1,1,1,1
m211,2,0,1,1,0,0,0,0,0,0
m211,2,1,1,1,1,1,1,1,1,1
m211,2,2,1,1,1,1,0,1,0,0
m211,2,3,1,1,1,1,1,1,1,1
m211,3,0,1,1,0,0,0,0,0,0
m211,3,1,1,1,1,1,1,1,1,1
m211,3,2,1,1,1,1,0,1,0,0
m211,3,3,1,1,1,1,1,1,1,1
m212,0,0,1,0,0,0,0,0,0,0
m212,0,1,1,0,1,0,1,0,1,0
m212,0,2,1,0,0,0,0,0,0,0
m212,0,3,1,0,1,0,1,0,1,0
m212,1,0,1,1,0,0,0,0,0,0
m212,1,1,1,1,1,1,1,1,1,1
m212,1,2,1,1,0,1,0,1,0,0
m212,1,3,1,1,1,1,1,1,1,1
m212,2,0,1,1,0,0,0,0,0,0
m212,2,1,1,1,1,1,1,1,1,1
m212,2,2,1,1,0,1,0,1,0,0
m212,2,3,1,1,1,1,1,1,1,1
m212,3,0,1,1,0,0,0,0,0,0
m212,3,1,1,1,1,1,1,1,1,1
m212,3,2,1,1,0,1,0,1,0,0
m212,3,3,1,1,1,1,1,1,1,1
m213,0,0,0,0,0,0,0,0,0,0
m213,0,1,0,0,0,0,0,0,0,0
m213,0,2,0,0,0,0,0,0,0,0
m213,0,3,0,0,0,0,0,0,0,0
m213,1,0,1,1,0,0,0,0,0,0
m213,1,1,1,1,1,1,1,1,1,1
m213,1,2,1,1,0,1,0,1,0,0
m213,1,3,1,1,1,1,1,1,1,1
m213,2,0,1,1,0,0,0,0,0,0
m213,2,1,1,1,1,1,1,1,1,1
m213,2,2,1,1,0,1,0,1,0,0
m213,2,3,1,1,1,1,1,1,1,1
m213,3,0,1,1,0,0,0,0,0,0
m213,3,1,1,1,1,1,1,1,1,1
m213,3,2,1,1,0,1,0,1,0,0
m213,3,3,1,1,1,1,1,1,1,1
m214,0,0,0,0,0,0,0,0,0,0
m214,0,1,0,0,0,0,0,0,0,0
m214,0,2,0,0,0,0,0,0,0,0
m214,0,3,0,0,0,0,0,0,0,0
m214,1,0,1,1,0,0,0,0,0,0
m214,1,1,1,1,1,1,1,1,1,1
m214,1,2,1,1,1,1,1,1,1,1
m214,1,3,1,1,1,1,1,1,1,1
m214,2,0,1,1,0,0,0,0,0,0
m214,2,1,1,1,1,1,1,1,1,1
m214,2,2,1,1,1,1,1,1,1,1
m214,2,3,1,1,1,1,1,1,1,1
m214,3,0,1,1,0,0,0,0,0,0
m214,3,1,1,1,1,1,1,1,1,1
m214,3,2,1,1,1,1,1,1,1,1
m214,3,3,1,1,1,1,1,1,1,1
m215,0,0,0,0,0,0,0,0,0,0
m215,0,1,0,0,0,0,0,0,0,0
m215,0,2,0,0,0,0,0,0,0,0
m215,0,3,0,0,0,0,0,0,0,0
m215,1,0,1,1,0,0,0,0,0,0
m215,1,1,1,1,1,1,1,1,1,1
m215,1,2,1,1,1,1,0,1,0,0
m215,1,3,1,1,1,1,1,1,1,1
m215,2,0,1,1,0,0,0,0,0,0
m215,2,1,1,1,1,1,1,1,1,1
m215,2,2,1,1,1,1,0,1,0,0
m215,2,3,1,1,1,1,1,1,1,1
m215,3,0,1,1,0,0,0,0,0,0
m215,3,1,1,1,1,1,1,1,1,1
m215,3,2,1,1,1,1,0,1,0,0
m215,3,3,1,1,1,1,1,1,1,1
m216,0,0,0,0,0,0,0,0,0,0
m216,0,1,0,0,0,0,0,0,0,0
m216,0,2,0,0,0,0,0,0,0,0
m216,0,3,0,0,0,0,0,0,0,0
m216,1,0,1,1,0,0,0,0,0,0
m216,1,1,1,1,1,1,1,1,1,1
m216,1,2,1,1,1,1,1,1,1,1
m216,1,3,1,1,1,1,1,1,1,1
m216,2,0,1,1,0,0,0,0,0,0
m216,2,1,1,1,1,1,1,1,1,1
m216,2,2,1,1,1,1,1,1,1,1
m216,2,3,1,1,1,1,1,1,1,1
m216,3,0,1,1,0,0,0,0,0,0
m216,3,1,1,1,1,1,1,1,1,1
m216,3,2,1,1,1,1,1,1,1,1
m216,3,3,1,1,1,1,1,1,1,1
m217,0,0,0,0,0,0,0,0,0,0
m217,0,1,0,0,0,0,0,0,0,0
m217,0,2,0,0,0,0,0,0,0,0
m217,0,3,0,0,0,0,0,0,0,0
m217,1,0,1,1,0,0,0,0,0,0
m217,1,1,1,1,1,1,1,1,1,1
m217,1,2,1,1,1,1,1,1,1,1
m217,1,3,1,1,1,1,1,1,1,1
m217,2,0,1,1,0,0,0,0,0,0
m217,2,1,1,1,1,1,1,1,1,1
m217,2,2,1,1,1,1,1,1,1,1
m217,2,3,1,1,1,1,1,1,1,1
m217,3,0,1,1,0,0,0,0,0,0
m217,3,1,1,1,1,1,1,1,1,1
m217,3,2,1,1,1,1,1,1,1,1
m217,3,3,1,1,1,1,1,1,1,1
m218,0,0,0,0,0,0,0,0,0,0
m218,0,1,0,0,0,0,0,0,0,0
m218,0,2,0,0,0,0,0,0,0,0
m218,0,3,0,0,0,0,0,0,0,0
m218,1,0,1,1,0,0,0,0,0,0
m218,1,1,1,1,1,1,1,1,1,1
m218,1,2,1,1,1,1,1,1,1,1
m218,1,3,1,1,1,1,1,1,1,1
m218,2,0,1,1,0,0,0,0,0,0
m218,2,1,1,1,1,1,1,1,1,1
m218,2,2,1,1,1,1,1,1,1,1
m218,2,3,1,1,1,1,1,1,1,1
m218,3,0,1,1,0,0,0,0,0,0
m218,3,1,1,1,1,1,1,1,1,1
m218,3,2,1,1,1,1,1,1,1,1
m218,3,3,1,1,1,1,1,1,1,1
m219,0,0,0,0,0,0,0,0,0,0
m219,0,1,0,0,0,0,0,0,0,0
m219,0,2,0,0,0,0,0,0,0,0
m219,0,3,0,0,0,0,0,0,0,0
m219,1,0,1,1,0,0,0,0,0,0
m219,1,1,1,1,1,1,1,1,1,1
m219,1,2,1,1,1,1,1,1,1,1
m219,1,3,1,1,1,1,1,1,1,1
m219,2,0,1,1,0,0,0,0,0,0
m219,2,1,1,1,1,1,1,1,1,1
m219,2,2,1,1,1,1,1,1,1,1
m219,2,3,1,1,1,1,1,1,1,1
m219,3,0,1,1,0,0,0,0,0,0
m219,3,1,1,1,1,1,1,1,1,1
m219,3,2,1,1,1,1,1,1,1,1
m219,3,3,1,1,1,1,1,1,1,1
m220,0,0,1,0,0,0,0,0,0,0
m220,0,1,1,0,1,0,1,0,1,0
m220,0,2,1,0,0,0,0,0,0,0
m220,0,3,1,0,1,0,1,0,1,0
m220,1,0,1,1,0,0,0,0,0,0
m220,1,1,1,1,1,1,1,1,1,1
m220,1,2,1,1,1,1,0,1,0,0
m220,1,3,1,1,1,1,1,1,1,1
m220,2,0,1,1,0,0,0,0,0,0
m220,2,1,1,1,1,1,1,1,1,1
m220,2,2,1,1,1,1,0,1,0,0
m220,2,3,1,1,1,1,1,1,1,1
m220,3,0,1,1,0,0,0,0,0,0
m220,3,1,1,1,1,1,1,1,1,1
m220,3,2,1,1,1,1,0,1,0,0
m220,3,3,1,1,1,1,1,1,1,1
m221,0,0,0,0,0,0,0,0,0,0
m221,0,1,0,0,0,0,0,0,0,0
m221,0,2,0,0,0,0,0,0,0,0
m221,0,3,0,0,0,0,0,0,0,0
m221,1,0,1,1,0,0,0,0,0,0
m221,1,1,1,1,1,1,1,1,1,1
m221,1,2,1,1,1,1,0,1,0,0
m221,1,3,1,1,1,1,1,1,1,1
m221,2,0,1,1,0,0,0,0,0,0
m221,2,1,1,1,1,1,1,1,1,1
m221,2,2,1,1,1,1,0,1,0,0
m221,2,3,1,1,1,1,1,1,1,1
m221,3,0,1,1,0,0,0,0,0,0
m221,3,1,1,1,1,1,1,1,1,1
m221,3,2,1,1,1,1,0,1,0,0
m221,3,3,1,1,1,1,1,1,1,1
m222,0,0,0,0,0,0,0,0,0,0
m222,0,1,0,0,0,0,0,0,0,0
m222,0,2,0,0,0,0,0,0,0,0
m222,0,3,0,0,0,0,0,0,0,0
m222,1,0,1,1,0,0,0,0,0,0
m222,1,1,1,1,1,1,1,1,1,1
m222,1,2,1,1,1,1,1,1,1,1
m222,1,3,1,1,1,1,1,1,1,1
m222,2,0,1,1,0,0,0,0,0,0
m222,2,1,1,1,1,1,1,1,1,1
m222,2,2,1,1,1,1,1,1,1,1
m222,2,3,1,1,1,1,1,1,1,1
m222,3,0,1,1,0,0,0,0,0,0
m222,3,1,1,1,1,1,1,1,1,1
m222,3,2,1,1,1,1,1,1,1,1
m222,3,3,1,1,1,1,1,1,1,1
m223,0,0,0,0,0,0,0,0,0,0
m223,0,1,0,0,0,0,0,0,0,0
m223,0,2,0,0,0,0,0,0,0,0
m223,0,3,0,0,0,0,0,0,0,0
m223,1,0,1,1,0,0,0,0,0,0
m223,1,1,1,1,1,1,1,1,1,1
m223,1,2,1,1,1,1,0,1,0,0
m223,1,3,1,1,1,1,1,1,1,1
m223,2,0,1,1,0,0,0,0,0,0
m223,2,1,1,1,1,1,1,1,1,1
m223,2,2,1,1,1,1,0,1,0,0
m223,2,3,1,1,1,1,1,1,1,1
m223,3,0,1,1,0,0,0,0,0,0
m223,3,1,1,1,1,1,1,1,1,1
m223,3,2,1,1,1,1,0,1,0,0
m223,3,3,1,1,1,1,1,1,1,1
m225,0,0,1,0,0,0,0,0,0,0
m225,0,1,1,0,1,0,1,0,1,0
m225,0,2,1,0,0,0,0,0,0,0
m225,0,3,1,0,1,0,1,0,1,0
m225,1,0,1,1,0,0,0,0,0,0
m225,1,1,1,1,1,1,1,0,1,0
m225,1,2,1,1,0,1,0,1,0,0
m225,1,3,1,1,1,1,1,1,1,1
m225,2,0,1,1,0,0,0,0,0,0
m225,2,1,1,1,1,1,1,0,1,0
m225,2,2,1,1,0,1,0,1,0,0
m225,2,3,1,1,1,1,1,1,1,1
m225,3,0,1,1,0,0,0,0,0,0
m225,3,1,1,1,1,1,1,0,1,0
m225,3,2,1,1,0,1,0,1,0,0
m225,3,3,1,1,1,1,1,1,1,1
m226,0,0,0,0,0,0,0,0,0,0
m226,0,1,0,0,0,0,0,0,0,0
m226,0,2,0,0,0,0,0,0,0,0
m226,0,3,0,0,0,0,0,0,0,0
m226,1,0,1,1,0,0,0,0,0,0
m226,1,1,1,1,1,1,1,0,0,0
m226,1,2,1,1,1,1,1,1,1,1
m226,1,3,1,1,1,1,1,1,1,1
m226,2,0,1,1,0,0,0,0,0,0
m226,2,1,1,1,1,1,1,0,0,0
m226,2,2,1,1,1,1,1,1,1,1
m226,2,3,1,1,1,1,1,1,1,1
m226,3,0,1,1,0,0,0,0,0,0
m226,3,1,1,1,1,1,1,0,0,0
m226,3,2,1,1,1,1,1,1,1,1
m226,3,3,1,1,1,1,1,1,1,1
m227,0,0,1,0,0,0,0,0,0,0
m227,0,1,1,0,1,0,1,0,1,0
m227,0,2,1,0,0,0,0,0,0,0
m227,0,3,1,0,1,0,1,0,1,0
m227,1,0,1,1,0,0,0,0,0,0
m227,1,1,1,1,1,1,1,0,0,0
m227,1,2,1,1,1,1,0,1,0,0
m227,1,3,1,1,1,1,1,1,1,1
m227,2,0,1,1,0,0,0,0,0,0
m227,2,1,1,1,1,1,1,0,0,0
m227,2,2,1,1,1,1,0,1,0,0
m227,2,3,1,1,1,1,1,1,1,1
m227,3,0,1,1,0,0,0,0,0,0
m227,3,1,1,1,1,1,1,0,0,0
m227,3,2,1,1,1,1,0,1,0,0
m227,3,3,1,1,1,1,1,1,1,1
m228,0,0,1,0,0,0,0,0,0,0
m228,0,1,1,0,1,0,1,0,1,0
m228,0,2,1,0,0,0,0,0,0,0
m228,0,3,1,0,1,0,1,0,1,0
m228,1,0,1,1,0,0,0,0,0,0
m228,1,1,1,1,1,1,1,0,1,0
m228,1,2,1,1,0,1,0,1,0,0
m228,1,3,1,1,1,1,1,1,1,1
m228,2,0,1,1,0,0,0,0,0,0
m228,2,1,1,1,1,1,1,0,1,0
m228,2,2,1,1,0,1,0,1,0,0
m228,2,3,1,1,1,1,1,1,1,1
m228,3,0,1,1,0,0,0,0,0,0
m228,3,1,1,1,1,1,1,0,1,0
m228,3,2,1,1,0,1,0,1,0,0
m228,3,3,1,1,1,1,1,1,1,1
m229,0,0,0,0,0,0,0,0,0,0
m229,0,1,0,0,0,0,0,0,0,0
m229,0,2,0,0,0,0,0,0,0,0
m229,0,3,0,0,0,0,0,0,0,0
m229,1,0,1,1,0,0,0,0,0,0
m229,1,1,1,1,1,1,1,0,1,0
m229,1,2,1,1,0,1,0,1,0,0
m229,1,3,1,1,1,1,1,1,1,1
m229,2,0,1,1,0,0,0,0,0,0
m229,2,1,1,1,1,1,1,0,1,0
m229,2,2,1,1,0,1,0,1,0,0
m229,2,3,1,1,1,1,1,1,1,1
m229,3,0,1,1,0,0,0,0,0,0
m229,3,1,1,1,1,1,1,0,1,0
m229,3,2,1,1,0,1,0,1,0,0
m229,3,3,1,1,1,1,1,1,1,1
m230,0,0,0,0,0,0,0,0,0,0
m230,0,1,0,0,0,0,0,0,0,0
m230,0,2,0,0,0,0,0,0,0,0
m230,0,3,0,0,0,0,0,0,0,0
m230,1,0,1,1,0,0,0,0,0,0
m230,1,1,1,1,1,1,1,0,0,0
m230,1,2,1,1,1,1,1,1,1,1
m230,1,3,1,1,1,1,1,1,1,1
m230,2,0,1,1,0,0,0,0,0,0
m230,2,1,1,1,1,1,1,0,0,0
m230,2,2,1,1,1,1,1,1,1,1
m230,2,3,1,1,1,1,1,1,1,1
m230,3,0,1,1,0,0,0,0,0,0
m230,3,1,1,1,1,1,1,0,0,0
m230,3,2,1,1,1,1,1,1,1,1
m230,3,3,1,1,1,1,1,1,1,1
m231,0,0,0,0,0,0,0,0,0,0
m231,0,1,0,0,0,0,0,0,0,0
m231,0,2,0,0,0,0,0,0,0,0
m231,0,3,0,0,0,0,0,0,0,0
m231,1,0,1,1,0,0,0,0,0,0
m231,1,1,1,1,1,1,1,0,0,0
m231,1,2,1,1,1,1,0,1,0,0
m231,1,3,1,1,1,1,1,1,1,1
m231,2,0,1,1,0,0,0,0,0,0
m231,2,1,1,1,1,1,1,0,0,0
m231,2,2,1,1,1,1,0,1,0,0
m231,2,3,1,1,1,1,1,1,1,1
m231,3,0,1,1,0,0,0,0,0,0
m231,3,1,1,1,1,1,1,0,0,0
m231,3,2,1,1,1,1,0,1,0,0
m231,3,3,1,1,1,1,1,1,1,1
m232,0,0,0,0,0,0,0,0,0,0
m232,0,1,0,0,0,0,0,0,0,0
m232,0,2,0,0,0,0,0,0,0,0
m232,0,3,0,0,0,0,0,0,0,0
m232,1,0,1,1,0,0,0,0,0,0
m232,1,1,1,1,1,1,1,0,0,0
m232,1,2,1,1,1,1,1,1,1,1
m232,1,3,1,1,1,1,1,1,1,1
m232,2,0,1,1,0,0,0,0,0,0
m232,2,1,1,1,1,1,1,0,0,0
m232,2,2,1,1,1,1,1,1,1,1
m232,2,3,1,1,1,1,1,1,1,1
m232,3,0,1,1,0,0,0,0,0,0
m232,3,1,1,1,1,1,1,0,0,0
m232,3,2,1,1,1,1,1,1,1,1
m232,3,3,1,1,1,1,1,1,1,1
m233,0,0,0,0,0,0,0,0,0,0
m233,0,1,0,0,0,0,0,0,0,0
m233,0,2,0,0,0,0,0,0,0,0
m233,0,3,0,0,0,0,0,0,0,0
m233,1,0,1,1,0,0,0,0,0,0
m233,1,1,1,1,1,1,1,0,0,0
m233,1,2,1,1,1,1,1,1,1,1
m233,1,3,1,1,1,1,1,1,1,1
m233,2,0,1,1,0,0,0,0,0,0
m233,2,1,1,1,1,1,1,0,0,0
m233,2,2,1,1,1,1,1,1,1,1
m233,2,3,1,1,1,1,1,1,1,1
m233,3,0,1,1,0,0,0,0,0,0
m233,3,1,1,1,1,1,1,0,0,0
m233,3,2,1,1,1,1,1,1,1,1
m233,3,3,1,1,1,1,1,1,1,1
m234,0,0,0,0,0,0,0,0,0,0
m234,0,1,0,0,0,0,0,0,0,0
m234,0,2,0,0,0,0,0,0,0,0
m234,0,3,0,0,0,0,0,0,0,0
m234,1,0,1,1,0,0,0,0,0,0
m234,1,1,1,1,1,1,1,0,0,0
m234,1,2,1,1,1,1,1,1,1,1
m234,1,3,1,1,1,1,1,1,1,1
m234,2,0,1,1,0,0,0,0,0,0
m234,2,1,1,1,1,1,1,0,0,0
m234,2,2,1,1,1,1,1,1,1,1
m234,2,3,1,1,1,1,1,1,1,1
m234,3,0,1,1,0,0,0,0,0,0
m234,3,1,1,1,1,1,1,0,0,0
m234,3,2,1,1,1,1,1,1,1,1
m234,3,3,1,1,1,1,1,1,1,1
m235,0,0,0,0,0,0,0,0,0,0
m235,0,1,0,0,0,0,0,0,0,0
m235,0,2,0,0,0,0,0,0,0,0
m235,0,3,0,0,0,0,0,0,0,0
m235,1,0,1,1,0,0,0,0,0,0
m235,1,1,1,1,1,1,1,0,0,0
m235,1,2,1,1,1,1,1,1,1,1
m235,1,3,1,1,1,1,1,1,1,1
m235,2,0,1,1,0,0,0,0,0,0
m235,2,1,1,1,1,1,1,0,0,0
m235,2,2,1,1,1,1,1,1,1,1
m235,2,3,1,1,1,1,1,1,1,1
m235,3,0,1,1,0,0,0,0,0,0
m235,3,1,1,1,1,1,1,0,0,0
m235,3,2,1,1,1,1,1,1,1,1
m235,3,3,1,1,1,1,1,1,1,1
m236,0,0,1,0,0,0,0,0,0,0
m236,0,1,1,0,1,0,1,0,1,0
m236,0,2,1,0,0,0,0,0,0,0
m236,0,3,1,0,1,0,1,0,1,0
m236,1,0,1,1,0,0,0,0,0,0
m236,1,1,1,1,1,1,1,0,0,0
m236,1,2,1,1,1,1,0,1,0,0
m236,1,3,1,1,1,1,1,1,1,1
m236,2,0,1,1,0,0,0,0,0,0
m236,2,1,1,1,1,1,1,0,0,0
m236,2,2,1,1,1,1,0,1,0,0
m236,2,3,1,1,1,1,1,1,1,1
m236,3,0,1,1,0,0,0,0,0,0
m236,3,1,1,1,1,1,1,0,0,0
m236,3,2,1,1,1,1,0,1,0,0
m236,3,3,1,1,1,1,1,1,1,1
m237,0,0,0,0,0,0,0,0,0,0
m237,0,1,0,0,0,0,0,0,0,0
m237,0,2,0,0,0,0,0,0,0,0
m237,0,3,0,0,0,0,0,0,0,0
m237,1,0,1,1,0,0,0,0,0,0
m237,1,1,1,1,1,1,1,0,0,0
m237,1,2,1,1,1,1,0,1,0,0
m237,1,3,1,1,1,1,1,1,1,1
m237,2,0,1,1,0,0,0,0,0,0
m237,2,1,1,1,1,1,1,0,0,0
m237,2,2,1,1,1,1,0,1,0,0
m237,2,3,1,1,1,1,1,1,1,1
m237,3,0,1,1,0,0,0,0,0,0
m237,3,1,1,1,1,1,1,0,0,0
m237,3,2,1,1,1,1,0,1,0,0
m237,3,3,1,1,1,1,1,1,1,1
m238,0,0,0,0,0,0,0,0,0,0
m238,0,1,0,0,0,0,0,0,0,0
m238,0,2,0,0,0,0,0,0,0,0
m238,0,3,0,0,0,0,0,0,0,0
m238,1,0,1,1,0,0,0,0,0,0
m238,1,1,1,1,1,1,1,0,0,0
m238,1,2,1,1,1,1,1,1,1,1
m238,1,3,1,1,1,1,1,1,1,1
m238,2,0,1,1,0,0,0,0,0,0
m238,2,1,1,1,1,1,1,0,0,0
m238,2,2,1,1,1,1,1,1,1,1
m238,2,3,1,1,1,1,1,1,1,1
m238,3,0,1,1,0,0,0,0,0,0
m238,3,1,1,1,1,1,1,0,0,0
m238,3,2,1,1,1,1,1,1,1,1
m238,3,3,1,1,1,1,1,1,1,1
m239,0,0,0,0,0,0,0,0,0,0
m239,0,1,0,0,0,0,0,0,0,0
m239,0,2,0,0,0,0,0,0,0,0
m239,0,3,0,0,0,0,0,0,0,0
m239,1,0,1,1,0,0,0,0,0,0
m239,1,1,1,1,1,1,1,0,0,0
m239,1,2,1,1,1,1,0,1,0,0
m239,1,3,1,1,1,1,1,1,1,1
m239,2,0,1,1,0,0,0,0,0,0
m239,2,1,1,1,1,1,1,0,0,0
m239,2,2,1,1,1,1,0,1,0,0
m239,2,3,1,1,1,1,1,1,1,1
m239,3,0,1,1,0,0,0,0,0,0
m239,3,1,1,1,1,1,1,0,0,0
m239,3,2,1,1,1,1,0,1,0,0
m239,3,3,1,1,1,1,1,1,1,1
m241,0,0,1,0,0,0,0,0,0,0
m241,0,1,1,0,1,0,1,0,1,0
m241,0,2,1,0,0,0,0,0,0,0
m241,0,3,1,0,1,0,1,0,1,0
m241,1,0,1,1,0,0,0,0,0,0
m241,1,1,1,1,1,1,1,0,1,0
m241,1,2,1,1,0,1,0,1,0,0
m241,1,3,1,1,1,1,1,1,1,1
m241,2,0,1,1,0,0,0,0,0,0
m241,2,1,1,1,1,1,1,0,1,0
m241,2,2,1,1,0,1,0,1,0,0
m241,2,3,1,1,1,1,1,1,1,1
m241,3,0,1,1,0,0,0,0,0,0
m241,3,1,1,1,1,1,1,0,1,0
m241,3,2,1,1,0,1,0,1,0,0
m241,3,3,1,1,1,1,1,1,1,1
m242,0,0,0,0,0,0,0,0,0,0
m242,0,1,0,0,0,0,0,0,0,0
m242,0,2,0,0,0,0,0,0,0,0
m242,0,3,0,0,0,0,0,0,0,0
m242,1,0,1,1,0,0,0,0,0,0
m242,1,1,1,1,1,1,1,0,0,0
m242,1,2,1,1,1,1,1,1,1,1
m242,1,3,1,1,1,1,1,1,1,1
m242,2,0,1,1,0,0,0,0,0,0
m242,2,1,1,1,1,1,1,0,0,0
m242,2,2,1,1,1,1,1,1,1,1
m242,2,3,1,1,1,1,1,1,1,1
m242,3,0,1,1,0,0,0,0,0,0
m242,3,1,1,1,1,1,1,0,0,0
m242,3,2,1,1,1,1,1,1,1,1
m242,3,3,1,1,1,1,1,1,1,1
m243,0,0,1,0,0,0,0,0,0,0
m243,0,1,1,0,1,0,1,0,1,0
m243,0,2,1,0,0,0,0,0,0,0
m243,0,3,1,0,1,0,1,0,1,0
m243,1,0,1,1,0,0,0,0,0,0
m243,1,1,1,1,1,1,1,0,0,0
m243,1,2,1,1,1,1,0,1,0,0
m243,1,3,1,1,1,1,1,1,1,1
m243,2,0,1,1,0,0,0,0,0,0
m243,2,1,1,1,1,1,1,0,0,0
m243,2,2,1,1,1,1,0,1,0,0
m243,2,3,1,1,1,1,1,1,1,1
m243,3,0,1,1,0,0,0,0,0,0
m243,3,1,1,1,1,1,1,0,0,0
m243,3,2,1,1,1,1,0,1,0,0
m243,3,3,1,1,1,1,1,1,1,1
m244,0,0,1,0,0,0,0,0,0,0
m244,0,1,1,0,1,0,1,0,1,0
m244,0,2,1,0,0,0,0,0,0,0
m244,0,3,1,0,1,0,1,0,1,0
m244,1,0,1,1,0,0,0,0,0,0
m244,1,1,1,1,1,1,1,0,1,0
m244,1,2,1,1,0,1,0,1,0,0
m244,1,3,1,1,1,1,1,1,1,1
m244,2,0,1,1,0,0,0,0,0,0
m244,2,1,1,1,1,1,1,0,1,0
m244,2,2,1,1,0,1,0,1,0,0
m244,2,3,1,1,1,1,1,1,1,1
m244,3,0,1,1,0,0,0,0,0,0
m244,3,1,1,1,1,1,1,0,1,0
m244,3,2,1,1,0,1,0,1,0,0
m244,3,3,1,1,1,1,1,1,1,1
m245,0,0,0,0,0,0,0,0,0,0
m245,0,1,0,0,0,0,0,0,0,0
m245,0,2,0,0,0,0,0,0,0,0
m245,0,3,0,0,0,0,0,0,0,0
m245,1,0,1,1,0,0,0,0,0,0
m245,1,1,1,1,1,1,1,0,1,0
m245,1,2,1,1,0,1,0,1,0,0
m245,1,3,1,1,1,1,1,1,1,1
m245,2,0,1,1,0,0,0,0,0,0
m245,2,1,1,1,1,1,1,0,1,0
m245,2,2,1,1,0,1,0,1,0,0
m245,2,3,1,1,1,1,1,1,1,1
m245,3,0,1,1,0,0,0,0,0,0
m245,3,1,1,1,1,1,1,0,1,0
m245,3,2,1,1,0,1,0,1,0,0
m245,3,3,1,1,1,1,1,1,1,1
m246,0,0,0,0,0,0,0,0,0,0
m246,0,1,0,0,0,0,0,0,0,0
m246,0,2,0,0,0,0,0,0,0,0
m246,0,3,0,0,0,0,0,0,0,0
m246,1,0,1,1,0,0,0,0,0,0
m246,1,1,1,1,1,1,1,0,0,0
m246,1,2,1,1,1,1,1,1,1,1
m246,1,3,1,1,1,1,1,1,1,1
m246,2,0,1,1,0,0,0,0,0,0
m246,2,1,1,1,1,1,1,0,0,0
m246,2,2,1,1,1,1,1,1,1,1
m246,2,3,1,1,1,1,1,1,1,1
m246,3,0,1,1,0,0,0,0,0,0
m246,3,1,1,1,1,1,1,0,0,0
m246,3,2,1,1,1,1,1,1,1,1
m246,3,3,1,1,1,1,1,1,1,1
m247,0,0,0,0,0,0,0,0,0,0
m247,0,1,0,0,0,0,0,0,0,0
m247,0,2,0,0,0,0,0,0,0,0
m247,0,3,0,0,0,0,0,0,0,0
m247,1,0,1,1,0,0,0,0,0,0
m247,1,1,1,1,1,1,1,0,0,0
m247,1,2,1,1,1,1,0,1,0,0
m247,1,3,1,1,1,1,1,1,1,1
m247,2,0,1,1,0,0,0,0,0,0
m247,2,1,1,1,1,1,1,0,0,0
m247,2,2,1,1,1,1,0,1,0,0
m247,2,3,1,1,1,1,1,1,1,1
m247,3,0,1,1,0,0,0,0,0,0
m247,3,1,1,1,1,1,1,0,0,0
m247,3,2,1,1,1,1,0,1,0,0
m247,3,3,1,1,1,1,1,1,1,1
m248,0,0,0,0,0,0,0,0,0,0
m248,0,1,0,0,0,0,0,0,0,0
m248,0,2,0,0,0,0,0,0,0,0
m248,0,3,0,0,0,0,0,0,0,0
m248,1,0,1,1,0,0,0,0,0,0
m248,1,1,1,1,1,1,1,0,0,0
m248,1,2,1,1,1,1,1,1,1,1
m248,1,3,1,1,1,1,1,1,1,1
m248,2,0,1,1,0,0,0,0,0,0
m248,2,1,1,1,1,1,1,0,0,0
m248,2,2,1,1,1,1,1,1,1,1
m248,2,3,1,1,1,1,1,1,1,1
m248,3,0,1,1,0,0,0,0,0,0
m248,3,1,1,1,1,1,1,0,0,0
m248,3,2,1,1,1,1,1,1,1,1
m248,3,3,1,1,1,1,1,1,1,1
m249,0,0,0,0,0,0,0,0,0,0
m249,0,1,0,0,0,0,0,0,0,0
m249,0,2,0,0,0,0,0,0,0,0
m249,0,3,0,0,0,0,0,0,0,0
m249,1,0,1,1,0,0,0,0,0,0
m249,1,1,1,1,1,1,1,0,0,0
m249,1,2,1,1,1,1,1,1,1,1
m249,1,3,1,1,1,1,1,1,1,1
m249,2,0,1,1,0,0,0,0,0,0
m249,2,1,1,1,1,1,1,0,0,0
m249,2,2,1,1,1,1,1,1,1,1
m249,2,3,1,1,1,1,1,1,1,1
m249,3,0,1,1,0,0,0,0,0,0
m249,3,1,1,1,1,1,1,0,0,0
m249,3,2,1,1,1,1,1,1,1,1
m249,3,3,1,1,1,1,1,1,1,1
m250,0,0,0,0,0,0,0,0,0,0
m250,0,1,0,0,0,0,0,0,0,0
m250,0,2,0,0,0,0,0,0,0,0
m250,0,3,0,0,0,0,0,0,0,0
m250,1,0,1,1,0,0,0,0,0,0
m250,1,1,1,1,1,1,1,0,0,0
m250,1,2,1,1,1,1,1,1,1,1
m250,1,3,1,1,1,1,1,1,1,1
m250,2,0,1,1,0,0,0,0,0,0
m250,2,1,1,1,1,1,1,0,0,0
m250,2,2,1,1,1,1,1,1,1,1
m250,2,3,1,1,1,1,1,1,1,1
m250,3,0,1,1,0,0,0,0,0,0
m250,3,1,1,1,1,1,1,0,0,0
m250,3,2,1,1,1,1,1,1,1,1
m250,3,3,1,1,1,1,1,1,1,1
m251,0,0,0,0,0,0,0,0,0,0
m251,0,1,0,0,0,0,0,0,0,0
m251,0,2,0,0,0,0,0,0,0,0
m251,0,3,0,0,0,0,0,0,0,0
m251,1,0,1,1,0,0,0,0,0,0
m251,1,1,1,1,1,1,1,0,0,0
m251,1,2,1,1,1,1,1,1,1,1
m251,1,3,1,1,1,1,1,1,1,1
m251,2,0,1,1,0,0,0,0,0,0
m251,2,1,1,1,1,1,1,0,0,0
m251,2,2,1,1,1,1,1,1,1,1
m251,2,3,1,1,1,1,1,1,1,1
m251,3,0,1,1,0,0,0,0,0,0
m251,3,1,1,1,1,1,1,0,0,0
m251,3,2,1,1,1,1,1,1,1,1
m251,3,3,1,1,1,1,1,1,1,1
m252,0,0,1,0,0,0,0,0,0,0
m252,0,1,1,0,1,0,1,0,1,0
m252,0,2,1,0,0,0,0,0,0,0
m252,0,3,1,0,1,0,1,0,1,0
m252,1,0,1,1,0,0,0,0,0,0
m252,1,1,1,1,1,1,1,0,0,0
m252,1,2,1,1,1,1,0,1,0,0
m252,1,3,1,1,1,1,1,1,1,1
m252,2,0,1,1,0,0,0,0,0,0
m252,2,1,1,1,1,1,1,0,0,0
m252,2,2,1,1,1,1,0,1,0,0
m252,2,3,1,1,1,1,1,1,1,1
m252,3,0,1,1,0,0,0,0,0,0
m252,3,1,1,1,1,1,1,0,0,0
m252,3,2,1,1,1,1,0,1,0,0
m252,3,3,1,1,1,1,1,1,1,1
m253,0,0,0,0,0,0,0,0,0,0
m253,0,1,0,0,0,0,0,0,0,0
m253,0,2,0,0,0,0,0,0,0,0
m253,0,3,0,0,0,0,0,0,0,0
m253,1,0,1,1,0,0,0,0,0,0
m253,1,1,1,1,1,1,1,0,0,0
m253,1,2,1,1,1,1,0,1,0,0
m253,1,3,1,1,1,1,1,1,1,1
m253,2,0,1,1,0,0,0,0,0,0
m253,2,1,1,1,1,1,1,0,0,0
m253,2,2,1,1,1,1,0,1,0,0
m253,2,3,1,1,1,1,1,1,1,1
m253,3,0,1,1,0,0,0,0,0,0
m253,3,1,1,1,1,1,1,0,0,0
m253,3,2,1,1,1,1,0,1,0,0
m253,3,3,1,1,1,1,1,1,1,1
m254,0,0,0,0,0,0,0,0,0,0
m254,0,1,0,0,0,0,0,0,0,0
m254,0,2,0,0,0,0,0,0,0,0
m254,0,3,0,0,0,0,0,0,0,0
m254,1,0,1,1,0,0,0,0,0,0
m254,1,1,1,1,1,1,1,0,0,0
m254,1,2,1,1,1,1,1,1,1,1
m254,1,3,1,1,1,1,1,1,1,1
m254,2,0,1,1,0,0,0,0,0,0
m254,2,1,1,1,1,1,1,0,0,0
m254,2,2,1,1,1,1,1,1,1,1
m254,2,3,1,1,1,1,1,1,1,1
m254,3,0,1,1,0,0,0,0,0,0
m254,3,1,1,1,1,1,1,0,0,0
m254,3,2,1,1,1,1,1,1,1,1
m254,3,3,1,1,1,1,1,1,1,1
m255,0,0,0,0,0,0,0,0,0,0
m255,0,1,0,0,0,0,0,0,0,0
m255,0,2,0,0,0,0,0,0,0,0
m255,0,3,0,0,0,0,0,0,0,0
m255,1,0,1,1,0,0,0,0,0,0
m255,1,1,1,1,1,1,1,0,0,0
m255,1,2,1,1,1,1,0,1,0,0
m255,1,3,1,1,1,1,1,1,1,1
m255,2,0,1,1,0,0,0,0,0,0
m255,2,1,1,1,1,1,1,0,0,0
m255,2,2,1,1,1,1,0,1,0,0
m255,2,3,1,1,1,1,1,1,1,1
m255,3,0,1,1,0,0,0,0,0,0
m255,3,1,1,1,1,1,1,0,0,0
m255,3,2,1,1,1,1,0,1,0,0
m255,3,3,1,1,1,1,1,1,1,1
