first_zero,first_one,second_zero,second_one,source_bound,source_debt,search_bound_max,feasible,target_bound,target_debt,oracle_lookups
0,1,0,1,0,0,0,1,0,0,2
0,1,0,1,1,0,1,1,1,0,4
0,1,0,1,1,1,1,1,1,1,6
0,1,0,1,2,0,2,1,2,0,8
0,1,0,1,2,1,2,1,2,1,10
0,1,0,1,2,2,2,1,2,2,12
0,1,0,1,3,0,3,1,3,0,14
0,1,0,1,3,1,3,1,3,1,16
0,1,0,1,3,2,3,1,3,2,18
0,1,0,1,3,3,3,1,3,3,20
0,1,0,11,0,0,0,1,0,0,2
0,1,0,11,1,0,1,0,,,6
0,1,0,11,1,1,1,0,,,6
0,1,0,11,2,0,2,0,,,12
0,1,0,11,2,1,2,0,,,12
0,1,0,11,2,2,2,0,,,12
0,1,0,11,3,0,3,0,,,20
0,1,0,11,3,1,3,0,,,20
0,1,0,11,3,2,3,0,,,20
0,1,0,11,3,3,3,0,,,20
0,1,00,1,0,0,0,1,0,0,2
0,1,00,1,1,0,1,1,1,0,4
0,1,00,1,1,1,1,1,1,1,6
0,1,00,1,2,0,2,1,2,0,8
0,1,00,1,2,1,2,1,2,1,10
0,1,00,1,2,2,2,1,2,2,12
0,1,00,1,3,0,3,1,3,0,14
0,1,00,1,3,1,3,1,3,1,16
0,1,00,1,3,2,3,1,3,2,18
0,1,00,1,3,3,3,1,3,3,20
0,1,00,11,0,0,0,1,0,0,2
0,1,00,11,1,0,1,0,,,6
0,1,00,11,1,1,1,0,,,6
0,1,00,11,2,0,2,0,,,12
0,1,00,11,2,1,2,0,,,12
0,1,00,11,2,2,2,0,,,12
0,1,00,11,3,0,3,0,,,20
0,1,00,11,3,1,3,0,,,20
0,1,00,11,3,2,3,0,,,20
0,1,00,11,3,3,3,0,,,20
0,1,01,1,0,0,0,0,,,2
0,1,01,1,1,0,1,0,,,6
0,1,01,1,1,1,1,0,,,6
0,1,01,1,2,0,2,0,,,12
0,1,01,1,2,1,2,0,,,12
0,1,01,1,2,2,2,0,,,12
0,1,01,1,3,0,3,0,,,20
0,1,01,1,3,1,3,0,,,20
0,1,01,1,3,2,3,0,,,20
0,1,01,1,3,3,3,0,,,20
0,1,01,11,0,0,0,0,,,2
0,1,01,11,1,0,1,0,,,6
0,1,01,11,1,1,1,0,,,6
0,1,01,11,2,0,2,0,,,12
0,1,01,11,2,1,2,0,,,12
0,1,01,11,2,2,2,0,,,12
0,1,01,11,3,0,3,0,,,20
0,1,01,11,3,1,3,0,,,20
0,1,01,11,3,2,3,0,,,20
0,1,01,11,3,3,3,0,,,20
0,1,10,1,0,0,0,0,,,2
0,1,10,1,1,0,1,0,,,6
0,1,10,1,1,1,1,0,,,6
0,1,10,1,2,0,2,0,,,12
0,1,10,1,2,1,2,0,,,12
0,1,10,1,2,2,2,0,,,12
0,1,10,1,3,0,3,0,,,20
0,1,10,1,3,1,3,0,,,20
0,1,10,1,3,2,3,0,,,20
0,1,10,1,3,3,3,0,,,20
0,1,10,11,0,0,0,0,,,2
0,1,10,11,1,0,1,0,,,6
0,1,10,11,1,1,1,0,,,6
0,1,10,11,2,0,2,0,,,12
0,1,10,11,2,1,2,0,,,12
0,1,10,11,2,2,2,0,,,12
0,1,10,11,3,0,3,0,,,20
0,1,10,11,3,1,3,0,,,20
0,1,10,11,3,2,3,0,,,20
0,1,10,11,3,3,3,0,,,20
0,11,0,11,0,0,1,1,0,0,2
0,11,0,11,1,0,3,1,2,0,8
0,11,0,11,1,1,3,1,2,1,10
0,11,0,11,2,0,5,1,4,0,22
0,11,0,11,2,1,5,1,4,1,24
0,11,0,11,2,2,5,1,4,3,28
0,11,0,11,3,0,7,1,6,0,44
0,11,0,11,3,1,7,1,6,1,46
0,11,0,11,3,2,7,1,6,3,50
0,11,0,11,3,3,7,1,6,5,54
0,11,00,1,0,0,0,1,0,0,2
0,11,00,1,1,0,1,0,,,6
0,11,00,1,1,1,1,0,,,6
0,11,00,1,2,0,2,0,,,12
0,11,00,1,2,1,2,0,,,12
0,11,00,1,2,2,2,0,,,12
0,11,00,1,3,0,3,0,,,20
0,11,00,1,3,1,3,0,,,20
0,11,00,1,3,2,3,0,,,20
0,11,00,1,3,3,3,0,,,20
0,11,00,11,0,0,1,1,0,0,2
0,11,00,11,1,0,3,1,2,0,8
0,11,00,11,1,1,3,1,2,1,10
0,11,00,11,2,0,5,1,4,0,22
0,11,00,11,2,1,5,1,4,1,24
0,11,00,11,2,2,5,1,4,3,28
0,11,00,11,3,0,7,1,6,0,44
0,11,00,11,3,1,7,1,6,1,46
0,11,00,11,3,2,7,1,6,3,50
0,11,00,11,3,3,7,1,6,5,54
0,11,01,1,0,0,1,1,1,1,6
0,11,01,1,1,0,2,0,,,12
0,11,01,1,1,1,2,1,2,2,12
0,11,01,1,2,0,3,0,,,20
0,11,01,1,2,1,3,0,,,20
0,11,01,1,2,2,3,0,,,20
0,11,01,1,3,0,4,0,,,30
0,11,01,1,3,1,4,0,,,30
0,11,01,1,3,2,4,0,,,30
0,11,01,1,3,3,4,0,,,30
0,11,01,11,0,0,1,1,1,0,4
0,11,01,11,1,0,3,1,3,0,14
0,11,01,11,1,1,3,1,3,2,18
0,11,01,11,2,0,5,1,5,0,32
0,11,01,11,2,1,5,1,5,2,36
0,11,01,11,2,2,5,1,5,4,40
0,11,01,11,3,0,7,1,7,0,58
0,11,01,11,3,1,7,1,7,2,62
0,11,01,11,3,2,7,1,7,4,66
0,11,01,11,3,3,7,1,7,6,70
0,11,10,1,0,0,1,1,1,0,4
0,11,10,1,1,0,2,1,2,0,8
0,11,10,1,1,1,2,1,2,1,10
0,11,10,1,2,0,3,0,,,20
0,11,10,1,2,1,3,0,,,20
0,11,10,1,2,2,3,0,,,20
0,11,10,1,3,0,4,0,,,30
0,11,10,1,3,1,4,0,,,30
0,11,10,1,3,2,4,0,,,30
0,11,10,1,3,3,4,0,,,30
0,11,10,11,0,0,1,1,1,0,4
0,11,10,11,1,0,3,1,3,0,14
0,11,10,11,1,1,3,1,3,2,18
0,11,10,11,2,0,5,1,5,0,32
0,11,10,11,2,1,5,1,5,2,36
0,11,10,11,2,2,5,1,5,4,40
0,11,10,11,3,0,7,1,7,0,58
0,11,10,11,3,1,7,1,7,2,62
0,11,10,11,3,2,7,1,7,4,66
0,11,10,11,3,3,7,1,7,6,70
00,1,00,1,0,0,0,1,0,0,2
00,1,00,1,1,0,1,1,1,0,4
00,1,00,1,1,1,1,1,1,1,6
00,1,00,1,2,0,2,1,2,0,8
00,1,00,1,2,1,2,1,2,1,10
00,1,00,1,2,2,2,1,2,2,12
00,1,00,1,3,0,3,1,3,0,14
00,1,00,1,3,1,3,1,3,1,16
00,1,00,1,3,2,3,1,3,2,18
00,1,00,1,3,3,3,1,3,3,20
00,1,00,11,0,0,0,1,0,0,2
00,1,00,11,1,0,1,0,,,6
00,1,00,11,1,1,1,0,,,6
00,1,00,11,2,0,2,0,,,12
00,1,00,11,2,1,2,0,,,12
00,1,00,11,2,2,2,0,,,12
00,1,00,11,3,0,3,0,,,20
00,1,00,11,3,1,3,0,,,20
00,1,00,11,3,2,3,0,,,20
00,1,00,11,3,3,3,0,,,20
00,1,01,1,0,0,0,0,,,2
00,1,01,1,1,0,1,0,,,6
00,1,01,1,1,1,1,0,,,6
00,1,01,1,2,0,2,0,,,12
00,1,01,1,2,1,2,0,,,12
00,1,01,1,2,2,2,0,,,12
00,1,01,1,3,0,3,0,,,20
00,1,01,1,3,1,3,0,,,20
00,1,01,1,3,2,3,0,,,20
00,1,01,1,3,3,3,0,,,20
00,1,01,11,0,0,0,0,,,2
00,1,01,11,1,0,1,0,,,6
00,1,01,11,1,1,1,0,,,6
00,1,01,11,2,0,2,0,,,12
00,1,01,11,2,1,2,0,,,12
00,1,01,11,2,2,2,0,,,12
00,1,01,11,3,0,3,0,,,20
00,1,01,11,3,1,3,0,,,20
00,1,01,11,3,2,3,0,,,20
00,1,01,11,3,3,3,0,,,20
00,1,10,1,0,0,0,0,,,2
00,1,10,1,1,0,1,0,,,6
00,1,10,1,1,1,1,0,,,6
00,1,10,1,2,0,2,0,,,12
00,1,10,1,2,1,2,0,,,12
00,1,10,1,2,2,2,0,,,12
00,1,10,1,3,0,3,0,,,20
00,1,10,1,3,1,3,0,,,20
00,1,10,1,3,2,3,0,,,20
00,1,10,1,3,3,3,0,,,20
00,1,10,11,0,0,0,0,,,2
00,1,10,11,1,0,1,0,,,6
00,1,10,11,1,1,1,0,,,6
00,1,10,11,2,0,2,0,,,12
00,1,10,11,2,1,2,0,,,12
00,1,10,11,2,2,2,0,,,12
00,1,10,11,3,0,3,0,,,20
00,1,10,11,3,1,3,0,,,20
00,1,10,11,3,2,3,0,,,20
00,1,10,11,3,3,3,0,,,20
00,11,00,11,0,0,1,1,0,0,2
00,11,00,11,1,0,3,1,2,0,8
00,11,00,11,1,1,3,1,2,1,10
00,11,00,11,2,0,5,1,4,0,22
00,11,00,11,2,1,5,1,4,1,24
00,11,00,11,2,2,5,1,4,3,28
00,11,00,11,3,0,7,1,6,0,44
00,11,00,11,3,1,7,1,6,1,46
00,11,00,11,3,2,7,1,6,3,50
00,11,00,11,3,3,7,1,6,5,54
00,11,01,1,0,0,1,1,1,1,6
00,11,01,1,1,0,2,0,,,12
00,11,01,1,1,1,2,1,2,2,12
00,11,01,1,2,0,3,0,,,20
00,11,01,1,2,1,3,0,,,20
00,11,01,1,2,2,3,0,,,20
00,11,01,1,3,0,4,0,,,30
00,11,01,1,3,1,4,0,,,30
00,11,01,1,3,2,4,0,,,30
00,11,01,1,3,3,4,0,,,30
00,11,01,11,0,0,1,1,1,0,4
00,11,01,11,1,0,3,1,3,0,14
00,11,01,11,1,1,3,1,3,2,18
00,11,01,11,2,0,5,1,5,0,32
00,11,01,11,2,1,5,1,5,2,36
00,11,01,11,2,2,5,1,5,4,40
00,11,01,11,3,0,7,1,7,0,58
00,11,01,11,3,1,7,1,7,2,62
00,11,01,11,3,2,7,1,7,4,66
00,11,01,11,3,3,7,1,7,6,70
00,11,10,1,0,0,1,1,1,0,4
00,11,10,1,1,0,2,1,2,0,8
00,11,10,1,1,1,2,1,2,1,10
00,11,10,1,2,0,3,0,,,20
00,11,10,1,2,1,3,0,,,20
00,11,10,1,2,2,3,0,,,20
00,11,10,1,3,0,4,0,,,30
00,11,10,1,3,1,4,0,,,30
00,11,10,1,3,2,4,0,,,30
00,11,10,1,3,3,4,0,,,30
00,11,10,11,0,0,1,1,1,0,4
00,11,10,11,1,0,3,1,3,0,14
00,11,10,11,1,1,3,1,3,2,18
00,11,10,11,2,0,5,1,5,0,32
00,11,10,11,2,1,5,1,5,2,36
00,11,10,11,2,2,5,1,5,4,40
00,11,10,11,3,0,7,1,7,0,58
00,11,10,11,3,1,7,1,7,2,62
00,11,10,11,3,2,7,1,7,4,66
00,11,10,11,3,3,7,1,7,6,70
01,1,01,1,0,0,1,1,1,1,6
01,1,01,1,1,0,2,1,2,1,10
01,1,01,1,1,1,2,1,2,2,12
01,1,01,1,2,0,3,1,3,1,16
01,1,01,1,2,1,3,1,3,2,18
01,1,01,1,2,2,3,1,3,3,20
01,1,01,1,3,0,4,1,4,1,24
01,1,01,1,3,1,4,1,4,2,26
01,1,01,1,3,2,4,1,4,3,28
01,1,01,1,3,3,4,1,4,4,30
01,1,01,11,0,0,1,1,1,1,6
01,1,01,11,1,0,2,0,,,12
01,1,01,11,1,1,2,0,,,12
01,1,01,11,2,0,3,0,,,20
01,1,01,11,2,1,3,0,,,20
01,1,01,11,2,2,3,0,,,20
01,1,01,11,3,0,4,0,,,30
01,1,01,11,3,1,4,0,,,30
01,1,01,11,3,2,4,0,,,30
01,1,01,11,3,3,4,0,,,30
01,1,10,1,0,0,1,0,,,6
01,1,10,1,1,0,2,0,,,12
01,1,10,1,1,1,2,0,,,12
01,1,10,1,2,0,3,0,,,20
01,1,10,1,2,1,3,0,,,20
01,1,10,1,2,2,3,0,,,20
01,1,10,1,3,0,4,0,,,30
01,1,10,1,3,1,4,0,,,30
01,1,10,1,3,2,4,0,,,30
01,1,10,1,3,3,4,0,,,30
01,1,10,11,0,0,1,0,,,6
01,1,10,11,1,0,2,0,,,12
01,1,10,11,1,1,2,0,,,12
01,1,10,11,2,0,3,0,,,20
01,1,10,11,2,1,3,0,,,20
01,1,10,11,2,2,3,0,,,20
01,1,10,11,3,0,4,0,,,30
01,1,10,11,3,1,4,0,,,30
01,1,10,11,3,2,4,0,,,30
01,1,10,11,3,3,4,0,,,30
01,11,01,11,0,0,2,1,1,0,4
01,11,01,11,1,0,4,1,3,0,14
01,11,01,11,1,1,4,1,3,2,18
01,11,01,11,2,0,6,1,5,0,32
01,11,01,11,2,1,6,1,5,2,36
01,11,01,11,2,2,6,1,5,4,40
01,11,01,11,3,0,8,1,7,0,58
01,11,01,11,3,1,8,1,7,2,62
01,11,01,11,3,2,8,1,7,4,66
01,11,01,11,3,3,8,1,7,6,70
01,11,10,1,0,0,1,1,1,0,4
01,11,10,1,1,0,2,0,,,12
01,11,10,1,1,1,2,0,,,12
01,11,10,1,2,0,3,0,,,20
01,11,10,1,2,1,3,0,,,20
01,11,10,1,2,2,3,0,,,20
01,11,10,1,3,0,4,0,,,30
01,11,10,1,3,1,4,0,,,30
01,11,10,1,3,2,4,0,,,30
01,11,10,1,3,3,4,0,,,30
01,11,10,11,0,0,2,1,1,0,4
01,11,10,11,1,0,4,1,3,0,14
01,11,10,11,1,1,4,1,3,2,18
01,11,10,11,2,0,6,1,5,0,32
01,11,10,11,2,1,6,1,5,2,36
01,11,10,11,2,2,6,1,5,4,40
01,11,10,11,3,0,8,1,7,0,58
01,11,10,11,3,1,8,1,7,2,62
01,11,10,11,3,2,8,1,7,4,66
01,11,10,11,3,3,8,1,7,6,70
10,1,10,1,0,0,1,1,1,0,4
10,1,10,1,1,0,2,1,2,0,8
10,1,10,1,1,1,2,1,2,1,10
10,1,10,1,2,0,3,1,3,0,14
10,1,10,1,2,1,3,1,3,1,16
10,1,10,1,2,2,3,1,3,2,18
10,1,10,1,3,0,4,1,4,0,22
10,1,10,1,3,1,4,1,4,1,24
10,1,10,1,3,2,4,1,4,2,26
10,1,10,1,3,3,4,1,4,3,28
10,1,10,11,0,0,1,1,1,0,4
10,1,10,11,1,0,2,0,,,12
10,1,10,11,1,1,2,0,,,12
10,1,10,11,2,0,3,0,,,20
10,1,10,11,2,1,3,0,,,20
10,1,10,11,2,2,3,0,,,20
10,1,10,11,3,0,4,0,,,30
10,1,10,11,3,1,4,0,,,30
10,1,10,11,3,2,4,0,,,30
10,1,10,11,3,3,4,0,,,30
10,11,10,11,0,0,2,1,1,0,4
10,11,10,11,1,0,4,1,3,0,14
10,11,10,11,1,1,4,1,3,1,16
10,11,10,11,2,0,6,1,5,0,32
10,11,10,11,2,1,6,1,5,1,34
10,11,10,11,2,2,6,1,5,3,38
10,11,10,11,3,0,8,1,7,0,58
10,11,10,11,3,1,8,1,7,1,60
10,11,10,11,3,2,8,1,7,3,64
10,11,10,11,3,3,8,1,7,5,68
