first,second,composed_states,first_contract_candidates,composed_contracts_checked
f00,f00,2,18,6
f00,f01,2,18,0
f00,f02,2,18,1
f00,f03,2,18,5
f00,f04,2,18,0
f00,f05,2,18,5
f00,f06,2,18,0
f00,f07,2,18,2
f00,f08,2,18,1
f00,f09,2,18,0
f00,f10,2,18,10
f00,f11,2,18,8
f00,f12,2,18,3
f00,f13,2,18,1
f00,f14,2,18,8
f00,f15,2,18,11
f01,f00,2,18,0
f01,f01,2,18,0
f01,f02,2,18,0
f01,f03,2,18,0
f01,f04,2,18,0
f01,f05,2,18,0
f01,f06,2,18,0
f01,f07,2,18,0
f01,f08,2,18,0
f01,f09,2,18,0
f01,f10,2,18,0
f01,f11,2,18,0
f01,f12,2,18,0
f01,f13,2,18,0
f01,f14,2,18,0
f01,f15,2,18,0
f02,f00,2,18,1
f02,f01,2,18,0
f02,f02,2,18,1
f02,f03,2,18,2
f02,f04,2,18,0
f02,f05,2,18,1
f02,f06,2,18,0
f02,f07,2,18,2
f02,f08,2,18,1
f02,f09,2,18,0
f02,f10,2,18,2
f02,f11,2,18,2
f02,f12,2,18,1
f02,f13,2,18,1
f02,f14,2,18,2
f02,f15,2,18,3
f03,f00,2,18,5
f03,f01,2,18,0
f03,f02,2,18,0
f03,f03,2,18,3
f03,f04,2,18,0
f03,f05,2,18,4
f03,f06,2,18,0
f03,f07,2,18,0
f03,f08,2,18,0
f03,f09,2,18,0
f03,f10,2,18,8
f03,f11,2,18,6
f03,f12,2,18,2
f03,f13,2,18,0
f03,f14,2,18,6
f03,f15,2,18,8
f04,f00,2,18,0
f04,f01,2,18,0
f04,f02,2,18,0
f04,f03,2,18,0
f04,f04,2,18,0
f04,f05,2,18,0
f04,f06,2,18,0
f04,f07,2,18,0
f04,f08,2,18,0
f04,f09,2,18,0
f04,f10,2,18,0
f04,f11,2,18,0
f04,f12,2,18,0
f04,f13,2,18,0
f04,f14,2,18,0
f04,f15,2,18,0
f05,f00,2,18,5
f05,f01,2,18,0
f05,f02,2,18,0
f05,f03,2,18,2
f05,f04,2,18,0
f05,f05,2,18,3
f05,f06,2,18,0
f05,f07,2,18,0
f05,f08,2,18,0
f05,f09,2,18,0
f05,f10,2,18,6
f05,f11,2,18,3
f05,f12,2,18,1
f05,f13,2,18,0
f05,f14,2,18,3
f05,f15,2,18,3
f06,f00,2,18,0
f06,f01,2,18,0
f06,f02,2,18,0
f06,f03,2,18,0
f06,f04,2,18,0
f06,f05,2,18,0
f06,f06,2,18,0
f06,f07,2,18,0
f06,f08,2,18,0
f06,f09,2,18,0
f06,f10,2,18,0
f06,f11,2,18,0
f06,f12,2,18,0
f06,f13,2,18,0
f06,f14,2,18,0
f06,f15,2,18,0
f07,f00,2,18,2
f07,f01,2,18,0
f07,f02,2,18,0
f07,f03,2,18,3
f07,f04,2,18,0
f07,f05,2,18,2
f07,f06,2,18,0
f07,f07,2,18,0
f07,f08,2,18,0
f07,f09,2,18,0
f07,f10,2,18,4
f07,f11,2,18,3
f07,f12,2,18,2
f07,f13,2,18,0
f07,f14,2,18,3
f07,f15,2,18,4
f08,f00,2,18,1
f08,f01,2,18,0
f08,f02,2,18,1
f08,f03,2,18,2
f08,f04,2,18,0
f08,f05,2,18,1
f08,f06,2,18,0
f08,f07,2,18,2
f08,f08,2,18,1
f08,f09,2,18,0
f08,f10,2,18,2
f08,f11,2,18,2
f08,f12,2,18,1
f08,f13,2,18,1
f08,f14,2,18,2
f08,f15,2,18,3
f09,f00,2,18,0
f09,f01,2,18,0
f09,f02,2,18,0
f09,f03,2,18,0
f09,f04,2,18,0
f09,f05,2,18,0
f09,f06,2,18,0
f09,f07,2,18,0
f09,f08,2,18,0
f09,f09,2,18,0
f09,f10,2,18,0
f09,f11,2,18,0
f09,f12,2,18,0
f09,f13,2,18,0
f09,f14,2,18,0
f09,f15,2,18,0
f10,f00,2,18,10
f10,f01,2,18,0
f10,f02,2,18,1
f10,f03,2,18,4
f10,f04,2,18,0
f10,f05,2,18,8
f10,f06,2,18,0
f10,f07,2,18,2
f10,f08,2,18,1
f10,f09,2,18,0
f10,f10,2,18,16
f10,f11,2,18,11
f10,f12,2,18,2
f10,f13,2,18,1
f10,f14,2,18,11
f10,f15,2,18,14
f11,f00,2,18,8
f11,f01,2,18,0
f11,f02,2,18,0
f11,f03,2,18,3
f11,f04,2,18,0
f11,f05,2,18,6
f11,f06,2,18,0
f11,f07,2,18,0
f11,f08,2,18,0
f11,f09,2,18,0
f11,f10,2,18,12
f11,f11,2,18,9
f11,f12,2,18,2
f11,f13,2,18,0
f11,f14,2,18,9
f11,f15,2,18,12
f12,f00,2,18,3
f12,f01,2,18,0
f12,f02,2,18,0
f12,f03,2,18,2
f12,f04,2,18,0
f12,f05,2,18,2
f12,f06,2,18,0
f12,f07,2,18,0
f12,f08,2,18,0
f12,f09,2,18,0
f12,f10,2,18,4
f12,f11,2,18,2
f12,f12,2,18,1
f12,f13,2,18,0
f12,f14,2,18,2
f12,f15,2,18,2
f13,f00,2,18,1
f13,f01,2,18,0
f13,f02,2,18,0
f13,f03,2,18,2
f13,f04,2,18,0
f13,f05,2,18,1
f13,f06,2,18,0
f13,f07,2,18,0
f13,f08,2,18,0
f13,f09,2,18,0
f13,f10,2,18,2
f13,f11,2,18,1
f13,f12,2,18,1
f13,f13,2,18,0
f13,f14,2,18,1
f13,f15,2,18,1
f14,f00,2,18,8
f14,f01,2,18,0
f14,f02,2,18,0
f14,f03,2,18,3
f14,f04,2,18,0
f14,f05,2,18,6
f14,f06,2,18,0
f14,f07,2,18,0
f14,f08,2,18,0
f14,f09,2,18,0
f14,f10,2,18,12
f14,f11,2,18,9
f14,f12,2,18,2
f14,f13,2,18,0
f14,f14,2,18,9
f14,f15,2,18,12
f15,f00,2,18,11
f15,f01,2,18,0
f15,f02,2,18,0
f15,f03,2,18,3
f15,f04,2,18,0
f15,f05,2,18,6
f15,f06,2,18,0
f15,f07,2,18,0
f15,f08,2,18,0
f15,f09,2,18,0
f15,f10,2,18,12
f15,f11,2,18,9
f15,f12,2,18,2
f15,f13,2,18,0
f15,f14,2,18,9
f15,f15,2,18,12
