family,machine,source_bound,source_debt,target_bound,target_debt,forward_states,target_safe_states,live_vertices,mutations_rejected
one-bit,o016,0,0,0,0,1,1,1,8
one-bit,o016,1,0,1,0,2,2,2,8
one-bit,o016,2,0,2,0,3,3,3,8
one-bit,o017,0,0,0,0,1,1,1,8
one-bit,o017,1,0,1,0,2,2,2,8
one-bit,o017,2,0,2,0,3,3,3,8
one-bit,o018,0,0,0,0,1,1,1,8
one-bit,o018,1,0,1,0,2,2,2,8
one-bit,o018,2,0,2,0,3,3,3,8
one-bit,o019,0,0,0,0,1,1,1,8
one-bit,o019,1,0,1,0,2,2,2,8
one-bit,o019,2,0,2,0,3,3,3,8
one-bit,o020,0,0,0,0,1,1,1,8
one-bit,o020,1,0,1,0,2,2,2,8
one-bit,o020,2,0,2,0,3,3,3,8
one-bit,o021,0,0,0,0,1,1,1,8
one-bit,o021,1,0,1,0,2,2,2,8
one-bit,o021,2,0,2,0,3,3,3,8
one-bit,o022,0,0,0,0,1,1,1,8
one-bit,o022,1,0,1,0,2,2,2,8
one-bit,o022,2,0,2,0,3,3,3,8
one-bit,o023,0,0,0,0,1,1,1,8
one-bit,o023,1,0,1,0,2,2,2,8
one-bit,o023,2,0,2,0,3,3,3,8
one-bit,o024,0,0,0,0,1,1,1,8
one-bit,o024,1,0,1,0,2,2,2,8
one-bit,o024,2,0,2,0,3,3,3,8
one-bit,o025,0,0,0,0,1,1,1,8
one-bit,o025,1,0,1,0,2,2,2,8
one-bit,o025,2,0,2,0,3,3,3,8
one-bit,o026,0,0,0,0,1,1,1,8
one-bit,o026,1,0,1,0,2,2,2,8
one-bit,o026,2,0,2,0,3,3,3,1
one-bit,o027,0,0,0,0,1,1,1,1
one-bit,o027,1,0,1,0,2,2,2,1
one-bit,o027,2,0,2,0,3,3,3,1
one-bit,o028,0,0,0,0,1,1,1,1
one-bit,o028,1,0,1,0,2,2,2,1
one-bit,o028,2,0,2,0,3,3,3,1
one-bit,o029,0,0,0,0,1,1,1,1
one-bit,o029,1,0,1,0,2,2,2,1
one-bit,o029,2,0,2,0,3,3,3,1
one-bit,o030,0,0,0,0,1,1,1,1
one-bit,o030,1,0,1,0,2,2,2,1
one-bit,o030,2,0,2,0,3,3,3,1
one-bit,o031,0,0,0,0,1,1,1,1
one-bit,o031,1,0,1,0,2,2,2,1
one-bit,o031,2,0,2,0,3,3,3,1
one-bit,o033,1,0,0,0,2,2,2,1
one-bit,o035,1,0,0,0,2,2,2,1
one-bit,o035,2,0,1,0,3,3,3,1
one-bit,o035,2,0,1,1,4,4,4,1
one-bit,o037,0,0,0,0,1,2,1,1
one-bit,o039,0,0,0,0,1,2,1,1
one-bit,o039,1,0,1,0,3,4,3,1
one-bit,o039,1,0,1,1,3,4,3,1
one-bit,o039,2,0,2,0,5,6,5,1
one-bit,o039,2,0,2,1,5,6,5,1
one-bit,o045,0,0,0,0,1,2,1,1
one-bit,o047,0,0,0,0,1,2,1,1
one-bit,o047,0,0,1,1,2,4,2,1
one-bit,o048,0,0,0,0,1,1,1,1
one-bit,o049,0,0,0,0,1,1,1,1
one-bit,o049,1,0,1,0,2,2,2,1
one-bit,o049,2,0,2,0,3,3,3,1
one-bit,o050,0,0,0,0,1,1,1,1
one-bit,o051,0,0,0,0,1,1,1,1
one-bit,o051,1,0,1,0,2,2,2,1
one-bit,o051,2,0,2,0,3,3,3,1
one-bit,o052,0,0,0,0,1,1,1,1
one-bit,o053,0,0,0,0,1,1,1,1
one-bit,o053,0,0,1,1,2,3,2,1
one-bit,o054,0,0,0,0,1,1,1,1
one-bit,o055,0,0,0,0,1,1,1,1
one-bit,o055,0,0,1,1,2,3,2,1
one-bit,o056,0,0,0,0,1,1,1,1
one-bit,o057,0,0,0,0,1,1,1,1
one-bit,o057,1,0,1,0,4,4,4,1
one-bit,o057,2,0,2,0,6,6,6,1
one-bit,o058,0,0,0,0,1,1,1,1
one-bit,o059,0,0,0,0,1,1,1,1
one-bit,o059,1,0,1,0,3,3,3,1
one-bit,o059,2,0,2,0,4,4,4,1
one-bit,o060,0,0,0,0,1,1,1,1
one-bit,o061,0,0,0,0,1,1,1,1
one-bit,o061,0,0,1,1,2,3,2,1
one-bit,o062,0,0,0,0,1,1,1,1
one-bit,o063,0,0,0,0,1,1,1,1
one-bit,o063,0,0,1,1,2,3,2,1
one-bit,o145,0,0,0,0,2,2,2,1
one-bit,o145,1,0,1,0,3,3,3,1
one-bit,o145,2,0,2,0,4,4,4,1
one-bit,o147,0,0,0,0,2,2,2,1
one-bit,o147,1,0,1,0,4,4,4,1
one-bit,o147,2,0,2,0,6,6,6,1
one-bit,o151,0,0,1,1,2,3,2,1
one-bit,o153,0,0,0,0,2,2,2,1
one-bit,o153,1,0,1,0,3,3,3,1
one-bit,o153,2,0,2,0,4,4,4,1
one-bit,o155,0,0,0,0,2,2,2,1
one-bit,o155,1,0,1,0,4,4,4,1
one-bit,o155,2,0,2,0,6,6,6,1
one-bit,o177,0,0,0,0,2,2,2,1
one-bit,o177,1,0,1,0,4,4,4,1
one-bit,o177,2,0,2,0,6,6,6,1
one-bit,o179,0,0,0,0,2,2,2,1
one-bit,o179,1,0,1,0,3,3,3,1
one-bit,o179,2,0,2,0,4,4,4,1
one-bit,o183,0,0,1,0,3,4,3,1
one-bit,o183,0,0,1,1,2,3,2,1
one-bit,o185,0,0,0,0,2,2,2,1
one-bit,o185,1,0,1,0,4,4,4,1
one-bit,o185,2,0,2,0,6,6,6,1
one-bit,o187,0,0,0,0,2,2,2,1
one-bit,o187,1,0,1,0,3,3,3,1
one-bit,o187,2,0,2,0,4,4,4,1
one-bit,o209,0,0,1,0,2,3,2,1
one-bit,o211,0,0,1,0,2,3,2,1
one-bit,o217,0,0,1,0,3,4,3,1
blocks,b017,0,0,0,0,2,2,2,1
blocks,b017,1,0,1,0,4,4,4,1
blocks,b017,2,0,2,0,6,6,6,1
blocks,b018,0,0,0,0,2,2,2,1
blocks,b019,0,0,0,0,2,2,2,1
blocks,b021,0,0,1,1,2,3,2,1
blocks,b033,0,0,0,0,2,2,2,1
blocks,b034,0,0,0,0,2,2,2,1
blocks,b035,0,0,0,0,2,2,2,1
blocks,b049,0,0,0,0,2,2,2,1
blocks,b050,0,0,0,0,2,2,2,1
blocks,b051,0,0,0,0,2,2,2,1
blocks,b053,0,0,1,1,2,3,2,1
blocks,b081,0,0,1,0,2,3,2,1
blocks,b083,0,0,1,0,2,3,2,1
blocks,b089,0,0,2,1,2,3,2,1
blocks,b091,0,0,2,1,2,3,2,1
blocks,b093,0,0,2,0,2,5,2,1
blocks,b153,0,0,1,1,2,2,2,1
blocks,b153,1,0,2,1,4,4,4,1
blocks,b153,2,0,3,1,6,6,6,1
blocks,b155,0,0,1,1,2,2,2,1
blocks,b185,0,0,1,1,2,2,2,1
blocks,b187,0,0,1,1,2,2,2,1
blocks,b213,0,0,2,1,2,5,2,1
blocks,b221,0,0,1,0,2,4,2,1
blocks,b221,1,0,2,0,4,6,4,1
blocks,b221,2,0,3,0,6,8,6,1
annotated,a54,0,0,0,0,2,2,2,1
annotated,a54,1,0,1,0,4,4,4,1
annotated,a54,2,0,2,0,6,6,6,1
