machine,source_bound,source_debt,target_debt,safe_ceiling,invalid_floor,lower,upper,horizon,bounds_checked,exact_bounds,maximum_oracle_vertices,relabel_invariant
a00,0,0,0,0,0,,,6,8,0,4,1
a00,0,0,1,1,1,,,7,9,0,5,1
a00,0,0,2,2,2,,,8,10,0,5,1
a00,0,0,3,3,3,,,9,11,0,5,1
a00,1,0,0,0,0,,,8,10,0,6,1
a00,1,0,1,1,1,,,9,11,0,7,1
a00,1,0,2,2,2,,,10,12,0,7,1
a00,1,0,3,3,3,,,11,13,0,7,1
a00,1,1,0,0,0,,,8,10,0,6,1
a00,1,1,1,1,1,,,9,11,0,7,1
a00,1,1,2,2,2,,,10,12,0,7,1
a00,1,1,3,3,3,,,11,13,0,7,1
a00,2,0,0,0,0,,,10,12,0,8,1
a00,2,0,1,1,1,,,11,13,0,9,1
a00,2,0,2,2,2,,,12,14,0,9,1
a00,2,0,3,3,3,,,13,15,0,9,1
a00,2,1,0,0,0,,,10,12,0,8,1
a00,2,1,1,1,1,,,11,13,0,9,1
a00,2,1,2,2,2,,,12,14,0,9,1
a00,2,1,3,3,3,,,13,15,0,9,1
a00,2,2,0,0,0,,,10,12,0,8,1
a00,2,2,1,1,1,,,11,13,0,9,1
a00,2,2,2,2,2,,,12,14,0,9,1
a00,2,2,3,3,3,,,13,15,0,9,1
a00,3,0,0,0,0,,,12,14,0,10,1
a00,3,0,1,1,1,,,13,15,0,11,1
a00,3,0,2,2,2,,,14,16,0,11,1
a00,3,0,3,3,3,,,15,17,0,11,1
a00,3,1,0,0,0,,,12,14,0,10,1
a00,3,1,1,1,1,,,13,15,0,11,1
a00,3,1,2,2,2,,,14,16,0,11,1
a00,3,1,3,3,3,,,15,17,0,11,1
a00,3,2,0,0,0,,,12,14,0,10,1
a00,3,2,1,1,1,,,13,15,0,11,1
a00,3,2,2,2,2,,,14,16,0,11,1
a00,3,2,3,3,3,,,15,17,0,11,1
a00,3,3,0,0,0,,,12,14,0,10,1
a00,3,3,1,1,1,,,13,15,0,11,1
a00,3,3,2,2,2,,,14,16,0,11,1
a00,3,3,3,3,3,,,15,17,0,11,1
a01,0,0,0,1,0,,,6,8,0,7,1
a01,0,0,1,2,1,,,7,9,0,8,1
a01,0,0,2,3,2,,,8,10,0,8,1
a01,0,0,3,4,3,,,9,11,0,8,1
a01,1,0,0,1,0,,,8,10,0,11,1
a01,1,0,1,2,1,,,9,11,0,14,1
a01,1,0,2,3,2,,,10,12,0,14,1
a01,1,0,3,4,3,,,11,13,0,14,1
a01,1,1,0,1,0,,,8,10,0,9,1
a01,1,1,1,2,1,,,9,11,0,10,1
a01,1,1,2,3,2,,,10,12,0,10,1
a01,1,1,3,4,3,,,11,13,0,10,1
a01,2,0,0,1,0,,,10,12,0,15,1
a01,2,0,1,2,1,,,11,13,0,18,1
a01,2,0,2,3,2,,,12,14,0,18,1
a01,2,0,3,4,3,,,13,15,0,18,1
a01,2,1,0,1,0,,,10,12,0,15,1
a01,2,1,1,2,1,,,11,13,0,18,1
a01,2,1,2,3,2,,,12,14,0,18,1
a01,2,1,3,4,3,,,13,15,0,18,1
a01,2,2,0,1,0,,,10,12,0,11,1
a01,2,2,1,2,1,,,11,13,0,12,1
a01,2,2,2,3,2,,,12,14,0,12,1
a01,2,2,3,4,3,,,13,15,0,12,1
a01,3,0,0,1,0,,,12,14,0,19,1
a01,3,0,1,2,1,,,13,15,0,22,1
a01,3,0,2,3,2,,,14,16,0,22,1
a01,3,0,3,4,3,,,15,17,0,22,1
a01,3,1,0,1,0,,,12,14,0,19,1
a01,3,1,1,2,1,,,13,15,0,22,1
a01,3,1,2,3,2,,,14,16,0,22,1
a01,3,1,3,4,3,,,15,17,0,22,1
a01,3,2,0,1,0,,,12,14,0,19,1
a01,3,2,1,2,1,,,13,15,0,22,1
a01,3,2,2,3,2,,,14,16,0,22,1
a01,3,2,3,4,3,,,15,17,0,22,1
a01,3,3,0,1,0,,,12,14,0,13,1
a01,3,3,1,2,1,,,13,15,0,14,1
a01,3,3,2,3,2,,,14,16,0,14,1
a01,3,3,3,4,3,,,15,17,0,14,1
a02,0,0,0,0,0,,,6,8,0,13,1
a02,0,0,1,1,1,,,7,9,0,15,1
a02,0,0,2,2,2,,,8,10,0,16,1
a02,0,0,3,3,3,,,9,11,0,17,1
a02,1,0,0,1,0,,,8,10,0,18,1
a02,1,0,1,2,1,,,9,11,0,21,1
a02,1,0,2,3,2,,,10,12,0,22,1
a02,1,0,3,4,3,,,11,13,0,23,1
a02,1,1,0,1,0,,,8,10,0,18,1
a02,1,1,1,1,1,,,9,11,0,19,1
a02,1,1,2,2,2,,,10,12,0,21,1
a02,1,1,3,3,3,,,11,13,0,22,1
a02,2,0,0,2,0,,,10,12,0,24,1
a02,2,0,1,3,1,,,11,13,0,28,1
a02,2,0,2,4,2,,,12,14,0,29,1
a02,2,0,3,5,3,,,13,15,0,30,1
a02,2,1,0,2,0,,,10,12,0,24,1
a02,2,1,1,2,1,,,11,13,0,25,1
a02,2,1,2,3,2,,,12,14,0,28,1
a02,2,1,3,4,3,,,13,15,0,29,1
a02,2,2,0,2,0,,,10,12,0,24,1
a02,2,2,1,2,1,,,11,13,0,25,1
a02,2,2,2,2,2,,,12,14,0,26,1
a02,2,2,3,3,3,,,13,15,0,28,1
a02,3,0,0,3,0,,,12,14,0,31,1
a02,3,0,1,4,1,,,13,15,0,36,1
a02,3,0,2,5,2,,,14,16,0,37,1
a02,3,0,3,6,3,,,15,17,0,38,1
a02,3,1,0,3,0,,,12,14,0,31,1
a02,3,1,1,3,1,,,13,15,0,32,1
a02,3,1,2,4,2,,,14,16,0,36,1
a02,3,1,3,5,3,,,15,17,0,37,1
a02,3,2,0,3,0,,,12,14,0,31,1
a02,3,2,1,3,1,,,13,15,0,32,1
a02,3,2,2,3,2,,,14,16,0,33,1
a02,3,2,3,4,3,,,15,17,0,36,1
a02,3,3,0,3,0,,,12,14,0,31,1
a02,3,3,1,3,1,,,13,15,0,32,1
a02,3,3,2,3,2,,,14,16,0,33,1
a02,3,3,3,3,3,,,15,17,0,34,1
a03,0,0,0,1,0,,,6,8,0,20,1
a03,0,0,1,2,1,,,7,9,0,24,1
a03,0,0,2,3,2,,,8,10,0,26,1
a03,0,0,3,4,3,,,9,11,0,28,1
a03,1,0,0,2,0,,,8,10,0,28,1
a03,1,0,1,3,1,,,9,11,0,33,1
a03,1,0,2,4,2,,,10,12,0,36,1
a03,1,0,3,5,3,,,11,13,0,38,1
a03,1,1,0,2,0,,,8,10,0,28,1
a03,1,1,1,2,1,,,9,11,0,30,1
a03,1,1,2,3,2,,,10,12,0,34,1
a03,1,1,3,4,3,,,11,13,0,36,1
a03,2,0,0,3,0,,,10,12,0,37,1
a03,2,0,1,4,1,,,11,13,0,43,1
a03,2,0,2,5,2,,,12,14,0,46,1
a03,2,0,3,6,3,,,13,15,0,49,1
a03,2,1,0,3,0,,,10,12,0,37,1
a03,2,1,1,3,1,,,11,13,0,39,1
a03,2,1,2,4,2,,,12,14,0,44,1
a03,2,1,3,5,3,,,13,15,0,47,1
a03,2,2,0,3,0,,,10,12,0,37,1
a03,2,2,1,3,1,,,11,13,0,39,1
a03,2,2,2,3,2,,,12,14,0,41,1
a03,2,2,3,4,3,,,13,15,0,45,1
a03,3,0,0,4,0,,,12,14,0,47,1
a03,3,0,1,5,1,,,13,15,0,54,1
a03,3,0,2,6,2,,,14,16,0,57,1
a03,3,0,3,7,3,,,15,17,0,60,1
a03,3,1,0,4,0,,,12,14,0,47,1
a03,3,1,1,4,1,,,13,15,0,49,1
a03,3,1,2,5,2,,,14,16,0,55,1
a03,3,1,3,6,3,,,15,17,0,58,1
a03,3,2,0,4,0,,,12,14,0,47,1
a03,3,2,1,4,1,,,13,15,0,49,1
a03,3,2,2,4,2,,,14,16,0,51,1
a03,3,2,3,5,3,,,15,17,0,56,1
a03,3,3,0,4,0,,,12,14,0,47,1
a03,3,3,1,4,1,,,13,15,0,49,1
a03,3,3,2,4,2,,,14,16,0,51,1
a03,3,3,3,4,3,,,15,17,0,53,1
a04,0,0,0,0,0,,,6,8,0,6,1
a04,0,0,1,1,1,,,7,9,0,8,1
a04,0,0,2,2,2,,,8,10,0,8,1
a04,0,0,3,3,3,,,9,11,0,8,1
a04,1,0,0,1,0,,,8,10,0,12,1
a04,1,0,1,2,1,,,9,11,0,15,1
a04,1,0,2,3,2,,,10,12,0,15,1
a04,1,0,3,4,3,,,11,13,0,15,1
a04,1,1,0,1,0,,,8,10,0,12,1
a04,1,1,1,1,1,,,9,11,0,11,1
a04,1,1,2,2,2,,,10,12,0,11,1
a04,1,1,3,3,3,,,11,13,0,11,1
a04,2,0,0,1,0,,,10,12,0,16,1
a04,2,0,1,2,1,,,11,13,0,20,1
a04,2,0,2,3,2,,,12,14,0,20,1
a04,2,0,3,4,3,,,13,15,0,20,1
a04,2,1,0,1,0,,,10,12,0,16,1
a04,2,1,1,2,1,,,11,13,0,20,1
a04,2,1,2,3,2,,,12,14,0,20,1
a04,2,1,3,4,3,,,13,15,0,20,1
a04,2,2,0,1,0,,,10,12,0,16,1
a04,2,2,1,1,1,,,11,13,0,14,1
a04,2,2,2,2,2,,,12,14,0,14,1
a04,2,2,3,3,3,,,13,15,0,14,1
a04,3,0,0,1,0,,,12,14,0,20,1
a04,3,0,1,2,1,,,13,15,0,25,1
a04,3,0,2,3,2,,,14,16,0,25,1
a04,3,0,3,4,3,,,15,17,0,25,1
a04,3,1,0,1,0,,,12,14,0,20,1
a04,3,1,1,2,1,,,13,15,0,25,1
a04,3,1,2,3,2,,,14,16,0,25,1
a04,3,1,3,4,3,,,15,17,0,25,1
a04,3,2,0,1,0,,,12,14,0,20,1
a04,3,2,1,2,1,,,13,15,0,25,1
a04,3,2,2,3,2,,,14,16,0,25,1
a04,3,2,3,4,3,,,15,17,0,25,1
a04,3,3,0,1,0,,,12,14,0,20,1
a04,3,3,1,1,1,,,13,15,0,17,1
a04,3,3,2,2,2,,,14,16,0,17,1
a04,3,3,3,3,3,,,15,17,0,17,1
a05,0,0,0,1,0,,,6,8,0,6,1
a05,0,0,1,2,1,,,7,9,0,8,1
a05,0,0,2,3,2,,,8,10,0,8,1
a05,0,0,3,4,3,,,9,11,0,8,1
a05,1,0,0,1,0,,,8,10,0,9,1
a05,1,0,1,2,1,,,9,11,0,15,1
a05,1,0,2,3,2,,,10,12,0,15,1
a05,1,0,3,4,3,,,11,13,0,15,1
a05,1,1,0,1,0,,,8,10,0,8,1
a05,1,1,1,2,1,,,9,11,0,11,1
a05,1,1,2,3,2,,,10,12,0,11,1
a05,1,1,3,4,3,,,11,13,0,11,1
a05,2,0,0,1,0,,,10,12,0,12,1
a05,2,0,1,2,1,,,11,13,0,20,1
a05,2,0,2,3,2,,,12,14,0,20,1
a05,2,0,3,4,3,,,13,15,0,20,1
a05,2,1,0,1,0,,,10,12,0,11,1
a05,2,1,1,2,1,,,11,13,0,20,1
a05,2,1,2,3,2,,,12,14,0,20,1
a05,2,1,3,4,3,,,13,15,0,20,1
a05,2,2,0,1,0,,,10,12,0,11,1
a05,2,2,1,2,1,,,11,13,0,14,1
a05,2,2,2,3,2,,,12,14,0,14,1
a05,2,2,3,4,3,,,13,15,0,14,1
a05,3,0,0,1,0,,,12,14,0,15,1
a05,3,0,1,2,1,,,13,15,0,25,1
a05,3,0,2,3,2,,,14,16,0,25,1
a05,3,0,3,4,3,,,15,17,0,25,1
a05,3,1,0,1,0,,,12,14,0,14,1
a05,3,1,1,2,1,,,13,15,0,25,1
a05,3,1,2,3,2,,,14,16,0,25,1
a05,3,1,3,4,3,,,15,17,0,25,1
a05,3,2,0,1,0,,,12,14,0,14,1
a05,3,2,1,2,1,,,13,15,0,25,1
a05,3,2,2,3,2,,,14,16,0,25,1
a05,3,2,3,4,3,,,15,17,0,25,1
a05,3,3,0,1,0,,,12,14,0,14,1
a05,3,3,1,2,1,,,13,15,0,17,1
a05,3,3,2,3,2,,,14,16,0,17,1
a05,3,3,3,4,3,,,15,17,0,17,1
a06,0,0,0,0,0,,,6,8,0,20,1
a06,0,0,1,1,1,,,7,9,0,23,1
a06,0,0,2,2,2,,,8,10,0,25,1
a06,0,0,3,3,3,,,9,11,0,27,1
a06,1,0,0,1,0,,,8,10,0,28,1
a06,1,0,1,2,1,,,9,11,0,33,1
a06,1,0,2,3,2,,,10,12,0,35,1
a06,1,0,3,4,3,,,11,13,0,37,1
a06,1,1,0,1,0,,,8,10,0,28,1
a06,1,1,1,1,1,,,9,11,0,30,1
a06,1,1,2,2,2,,,10,12,0,33,1
a06,1,1,3,3,3,,,11,13,0,35,1
a06,2,0,0,2,0,,,10,12,0,38,1
a06,2,0,1,3,1,,,11,13,0,45,1
a06,2,0,2,4,2,,,12,14,0,47,1
a06,2,0,3,5,3,,,13,15,0,49,1
a06,2,1,0,2,0,,,10,12,0,38,1
a06,2,1,1,2,1,,,11,13,0,40,1
a06,2,1,2,3,2,,,12,14,0,45,1
a06,2,1,3,4,3,,,13,15,0,47,1
a06,2,2,0,2,0,,,10,12,0,38,1
a06,2,2,1,2,1,,,11,13,0,40,1
a06,2,2,2,2,2,,,12,14,0,42,1
a06,2,2,3,3,3,,,13,15,0,45,1
a06,3,0,0,3,0,,,12,14,0,50,1
a06,3,0,1,4,1,,,13,15,0,59,1
a06,3,0,2,5,2,,,14,16,0,61,1
a06,3,0,3,6,3,,,15,17,0,63,1
a06,3,1,0,3,0,,,12,14,0,50,1
a06,3,1,1,3,1,,,13,15,0,52,1
a06,3,1,2,4,2,,,14,16,0,59,1
a06,3,1,3,5,3,,,15,17,0,61,1
a06,3,2,0,3,0,,,12,14,0,50,1
a06,3,2,1,3,1,,,13,15,0,52,1
a06,3,2,2,3,2,,,14,16,0,54,1
a06,3,2,3,4,3,,,15,17,0,59,1
a06,3,3,0,3,0,,,12,14,0,50,1
a06,3,3,1,3,1,,,13,15,0,52,1
a06,3,3,2,3,2,,,14,16,0,54,1
a06,3,3,3,3,3,,,15,17,0,56,1
a07,0,0,0,1,1,,,6,8,0,20,1
a07,0,0,1,2,2,,,7,9,0,24,1
a07,0,0,2,3,3,,,8,10,0,26,1
a07,0,0,3,4,4,,,9,11,0,28,1
a07,1,0,0,2,1,,,8,10,0,29,1
a07,1,0,1,3,2,,,9,11,0,35,1
a07,1,0,2,4,3,,,10,12,0,38,1
a07,1,0,3,5,4,,,11,13,0,40,1
a07,1,1,0,2,1,,,8,10,0,29,1
a07,1,1,1,2,2,,,9,11,0,31,1
a07,1,1,2,3,3,,,10,12,0,35,1
a07,1,1,3,4,4,,,11,13,0,37,1
a07,2,0,0,3,1,,,10,12,0,40,1
a07,2,0,1,4,2,,,11,13,0,48,1
a07,2,0,2,5,3,,,12,14,0,51,1
a07,2,0,3,6,4,,,13,15,0,54,1
a07,2,1,0,3,1,,,10,12,0,40,1
a07,2,1,1,3,2,,,11,13,0,42,1
a07,2,1,2,4,3,,,12,14,0,48,1
a07,2,1,3,5,4,,,13,15,0,51,1
a07,2,2,0,3,1,,,10,12,0,40,1
a07,2,2,1,3,2,,,11,13,0,42,1
a07,2,2,2,3,3,,,12,14,0,44,1
a07,2,2,3,4,4,,,13,15,0,48,1
a07,3,0,0,4,1,,,12,14,0,53,1
a07,3,0,1,5,2,,,13,15,0,63,1
a07,3,0,2,6,3,,,14,16,0,66,1
a07,3,0,3,7,4,,,15,17,0,69,1
a07,3,1,0,4,1,,,12,14,0,53,1
a07,3,1,1,4,2,,,13,15,0,55,1
a07,3,1,2,5,3,,,14,16,0,63,1
a07,3,1,3,6,4,,,15,17,0,66,1
a07,3,2,0,4,1,,,12,14,0,53,1
a07,3,2,1,4,2,,,13,15,0,55,1
a07,3,2,2,4,3,,,14,16,0,57,1
a07,3,2,3,5,4,,,15,17,0,63,1
a07,3,3,0,4,1,,,12,14,0,53,1
a07,3,3,1,4,2,,,13,15,0,55,1
a07,3,3,2,4,3,,,14,16,0,57,1
a07,3,3,3,4,4,,,15,17,0,59,1
a08,0,0,0,1,0,,,6,8,0,8,1
a08,0,0,1,1,1,,,7,9,0,5,1
a08,0,0,2,2,2,,,8,10,0,6,1
a08,0,0,3,3,3,,,9,11,0,6,1
a08,1,0,0,1,0,,,8,10,0,12,1
a08,1,0,1,1,1,,,9,11,0,7,1
a08,1,0,2,2,2,,,10,12,0,8,1
a08,1,0,3,3,3,,,11,13,0,8,1
a08,1,1,0,1,0,,,8,10,0,11,1
a08,1,1,1,1,1,,,9,11,0,8,1
a08,1,1,2,2,2,,,10,12,0,8,1
a08,1,1,3,3,3,,,11,13,0,8,1
a08,2,0,0,1,0,,,10,12,0,16,1
a08,2,0,1,1,1,,,11,13,0,9,1
a08,2,0,2,2,2,,,12,14,0,10,1
a08,2,0,3,3,3,,,13,15,0,10,1
a08,2,1,0,1,0,,,10,12,0,15,1
a08,2,1,1,1,1,,,11,13,0,10,1
a08,2,1,2,2,2,,,12,14,0,10,1
a08,2,1,3,3,3,,,13,15,0,10,1
a08,2,2,0,1,0,,,10,12,0,15,1
a08,2,2,1,1,1,,,11,13,0,10,1
a08,2,2,2,2,2,,,12,14,0,10,1
a08,2,2,3,3,3,,,13,15,0,10,1
a08,3,0,0,1,0,,,12,14,0,20,1
a08,3,0,1,1,1,,,13,15,0,11,1
a08,3,0,2,2,2,,,14,16,0,12,1
a08,3,0,3,3,3,,,15,17,0,12,1
a08,3,1,0,1,0,,,12,14,0,19,1
a08,3,1,1,1,1,,,13,15,0,12,1
a08,3,1,2,2,2,,,14,16,0,12,1
a08,3,1,3,3,3,,,15,17,0,12,1
a08,3,2,0,1,0,,,12,14,0,19,1
a08,3,2,1,1,1,,,13,15,0,12,1
a08,3,2,2,2,2,,,14,16,0,12,1
a08,3,2,3,3,3,,,15,17,0,12,1
a08,3,3,0,1,0,,,12,14,0,19,1
a08,3,3,1,1,1,,,13,15,0,12,1
a08,3,3,2,2,2,,,14,16,0,12,1
a08,3,3,3,3,3,,,15,17,0,12,1
a09,0,0,0,infinity,0,,,6,8,0,28,1
a09,0,0,1,infinity,1,,,7,9,0,30,1
a09,0,0,2,infinity,2,,,8,10,0,32,1
a09,0,0,3,infinity,3,,,9,11,0,34,1
a09,1,0,0,infinity,0,,,8,10,0,47,1
a09,1,0,1,infinity,1,,,9,11,0,50,1
a09,1,0,2,infinity,2,,,10,12,0,54,1
a09,1,0,3,infinity,3,,,11,13,0,58,1
a09,1,1,0,infinity,0,,,8,10,0,46,1
a09,1,1,1,infinity,1,,,9,11,0,51,1
a09,1,1,2,infinity,2,,,10,12,0,55,1
a09,1,1,3,infinity,3,,,11,13,0,59,1
a09,2,0,0,infinity,0,,,10,12,0,59,1
a09,2,0,1,infinity,1,,,11,13,0,62,1
a09,2,0,2,infinity,2,,,12,14,0,66,1
a09,2,0,3,infinity,3,,,13,15,0,70,1
a09,2,1,0,infinity,0,,,10,12,0,58,1
a09,2,1,1,infinity,1,,,11,13,0,63,1
a09,2,1,2,infinity,2,,,12,14,0,67,1
a09,2,1,3,infinity,3,,,13,15,0,71,1
a09,2,2,0,infinity,0,,,10,12,0,58,1
a09,2,2,1,infinity,1,,,11,13,0,63,1
a09,2,2,2,infinity,2,,,12,14,0,67,1
a09,2,2,3,infinity,3,,,13,15,0,71,1
a09,3,0,0,infinity,0,,,12,14,0,71,1
a09,3,0,1,infinity,1,,,13,15,0,74,1
a09,3,0,2,infinity,2,,,14,16,0,78,1
a09,3,0,3,infinity,3,,,15,17,0,82,1
a09,3,1,0,infinity,0,,,12,14,0,70,1
a09,3,1,1,infinity,1,,,13,15,0,75,1
a09,3,1,2,infinity,2,,,14,16,0,79,1
a09,3,1,3,infinity,3,,,15,17,0,83,1
a09,3,2,0,infinity,0,,,12,14,0,70,1
a09,3,2,1,infinity,1,,,13,15,0,75,1
a09,3,2,2,infinity,2,,,14,16,0,79,1
a09,3,2,3,infinity,3,,,15,17,0,83,1
a09,3,3,0,infinity,0,,,12,14,0,70,1
a09,3,3,1,infinity,1,,,13,15,0,75,1
a09,3,3,2,infinity,2,,,14,16,0,79,1
a09,3,3,3,infinity,3,,,15,17,0,83,1
a10,0,0,0,1,0,,,6,8,0,14,1
a10,0,0,1,1,1,,,7,9,0,14,1
a10,0,0,2,2,2,,,8,10,0,16,1
a10,0,0,3,3,3,,,9,11,0,17,1
a10,1,0,0,2,0,,,8,10,0,20,1
a10,1,0,1,2,1,,,9,11,0,19,1
a10,1,0,2,3,2,,,10,12,0,22,1
a10,1,0,3,4,3,,,11,13,0,23,1
a10,1,1,0,2,0,,,8,10,0,18,1
a10,1,1,1,2,1,,,9,11,0,20,1
a10,1,1,2,2,2,,,10,12,0,20,1
a10,1,1,3,3,3,,,11,13,0,22,1
a10,2,0,0,3,0,,,10,12,0,27,1
a10,2,0,1,3,1,,,11,13,0,25,1
a10,2,0,2,4,2,,,12,14,0,29,1
a10,2,0,3,5,3,,,13,15,0,30,1
a10,2,1,0,3,0,,,10,12,0,24,1
a10,2,1,1,3,1,,,11,13,0,27,1
a10,2,1,2,3,2,,,12,14,0,26,1
a10,2,1,3,4,3,,,13,15,0,29,1
a10,2,2,0,3,0,,,10,12,0,24,1
a10,2,2,1,3,1,,,11,13,0,25,1
a10,2,2,2,3,2,,,12,14,0,27,1
a10,2,2,3,3,3,,,13,15,0,27,1
a10,3,0,0,4,0,,,12,14,0,35,1
a10,3,0,1,4,1,,,13,15,0,32,1
a10,3,0,2,5,2,,,14,16,0,37,1
a10,3,0,3,6,3,,,15,17,0,38,1
a10,3,1,0,4,0,,,12,14,0,31,1
a10,3,1,1,4,1,,,13,15,0,35,1
a10,3,1,2,4,2,,,14,16,0,33,1
a10,3,1,3,5,3,,,15,17,0,37,1
a10,3,2,0,4,0,,,12,14,0,31,1
a10,3,2,1,4,1,,,13,15,0,32,1
a10,3,2,2,4,2,,,14,16,0,35,1
a10,3,2,3,4,3,,,15,17,0,34,1
a10,3,3,0,4,0,,,12,14,0,31,1
a10,3,3,1,4,1,,,13,15,0,32,1
a10,3,3,2,4,2,,,14,16,0,33,1
a10,3,3,3,4,3,,,15,17,0,35,1
a11,0,0,0,infinity,0,,,6,8,0,28,1
a11,0,0,1,infinity,1,,,7,9,0,30,1
a11,0,0,2,infinity,2,,,8,10,0,32,1
a11,0,0,3,infinity,3,,,9,11,0,34,1
a11,1,0,0,infinity,0,,,8,10,0,56,1
a11,1,0,1,infinity,1,,,9,11,0,59,1
a11,1,0,2,infinity,2,,,10,12,0,64,1
a11,1,0,3,infinity,3,,,11,13,0,69,1
a11,1,1,0,infinity,0,,,8,10,0,54,1
a11,1,1,1,infinity,1,,,9,11,0,60,1
a11,1,1,2,infinity,2,,,10,12,0,64,1
a11,1,1,3,infinity,3,,,11,13,0,69,1
a11,2,0,0,infinity,0,,,10,12,0,81,1
a11,2,0,1,infinity,1,,,11,13,0,84,1
a11,2,0,2,infinity,2,,,12,14,0,90,1
a11,2,0,3,infinity,3,,,13,15,0,96,1
a11,2,1,0,infinity,0,,,10,12,0,78,1
a11,2,1,1,infinity,1,,,11,13,0,86,1
a11,2,1,2,infinity,2,,,12,14,0,90,1
a11,2,1,3,infinity,3,,,13,15,0,96,1
a11,2,2,0,infinity,0,,,10,12,0,78,1
a11,2,2,1,infinity,1,,,11,13,0,84,1
a11,2,2,2,infinity,2,,,12,14,0,91,1
a11,2,2,3,infinity,3,,,13,15,0,96,1
a11,3,0,0,infinity,0,,,12,14,0,110,1
a11,3,0,1,infinity,1,,,13,15,0,113,1
a11,3,0,2,infinity,2,,,14,16,0,120,1
a11,3,0,3,infinity,3,,,15,17,0,127,1
a11,3,1,0,infinity,0,,,12,14,0,106,1
a11,3,1,1,infinity,1,,,13,15,0,116,1
a11,3,1,2,infinity,2,,,14,16,0,120,1
a11,3,1,3,infinity,3,,,15,17,0,127,1
a11,3,2,0,infinity,0,,,12,14,0,106,1
a11,3,2,1,infinity,1,,,13,15,0,113,1
a11,3,2,2,infinity,2,,,14,16,0,122,1
a11,3,2,3,infinity,3,,,15,17,0,127,1
a11,3,3,0,infinity,0,,,12,14,0,106,1
a11,3,3,1,infinity,1,,,13,15,0,113,1
a11,3,3,2,infinity,2,,,14,16,0,120,1
a11,3,3,3,infinity,3,,,15,17,0,128,1
a12,0,0,0,1,0,,,6,8,0,21,1
a12,0,0,1,1,1,,,7,9,0,22,1
a12,0,0,2,2,2,,,8,10,0,25,1
a12,0,0,3,3,3,,,9,11,0,27,1
a12,1,0,0,infinity,0,,,8,10,0,48,1
a12,1,0,1,infinity,1,,,9,11,0,41,1
a12,1,0,2,infinity,2,,,10,12,0,54,1
a12,1,0,3,infinity,3,,,11,13,0,47,1
a12,1,1,0,infinity,0,,,8,10,0,38,1
a12,1,1,1,infinity,1,,,9,11,0,42,1
a12,1,1,2,infinity,2,,,10,12,0,45,1
a12,1,1,3,infinity,3,,,11,13,0,48,1
a12,2,0,0,infinity,0,,,10,12,0,61,1
a12,2,0,1,infinity,1,,,11,13,0,63,1
a12,2,0,2,infinity,2,,,12,14,0,67,1
a12,2,0,3,infinity,3,,,13,15,0,71,1
a12,2,1,0,infinity,0,,,10,12,0,59,1
a12,2,1,1,infinity,1,,,11,13,0,65,1
a12,2,1,2,infinity,2,,,12,14,0,69,1
a12,2,1,3,infinity,3,,,13,15,0,73,1
a12,2,2,0,infinity,0,,,10,12,0,59,1
a12,2,2,1,infinity,1,,,11,13,0,64,1
a12,2,2,2,infinity,2,,,12,14,0,68,1
a12,2,2,3,infinity,3,,,13,15,0,72,1
a12,3,0,0,infinity,0,,,12,14,0,74,1
a12,3,0,1,infinity,1,,,13,15,0,76,1
a12,3,0,2,infinity,2,,,14,16,0,80,1
a12,3,0,3,infinity,3,,,15,17,0,84,1
a12,3,1,0,infinity,0,,,12,14,0,72,1
a12,3,1,1,infinity,1,,,13,15,0,78,1
a12,3,1,2,infinity,2,,,14,16,0,82,1
a12,3,1,3,infinity,3,,,15,17,0,86,1
a12,3,2,0,infinity,0,,,12,14,0,72,1
a12,3,2,1,infinity,1,,,13,15,0,78,1
a12,3,2,2,infinity,2,,,14,16,0,82,1
a12,3,2,3,infinity,3,,,15,17,0,86,1
a12,3,3,0,infinity,0,,,12,14,0,72,1
a12,3,3,1,infinity,1,,,13,15,0,77,1
a12,3,3,2,infinity,2,,,14,16,0,81,1
a12,3,3,3,infinity,3,,,15,17,0,85,1
a13,0,0,0,infinity,0,,,6,8,0,28,1
a13,0,0,1,infinity,1,,,7,9,0,30,1
a13,0,0,2,infinity,2,,,8,10,0,32,1
a13,0,0,3,infinity,3,,,9,11,0,34,1
a13,1,0,0,infinity,0,,,8,10,0,56,1
a13,1,0,1,infinity,1,,,9,11,0,59,1
a13,1,0,2,infinity,2,,,10,12,0,64,1
a13,1,0,3,infinity,3,,,11,13,0,69,1
a13,1,1,0,infinity,0,,,8,10,0,54,1
a13,1,1,1,infinity,1,,,9,11,0,60,1
a13,1,1,2,infinity,2,,,10,12,0,65,1
a13,1,1,3,infinity,3,,,11,13,0,70,1
a13,2,0,0,infinity,0,,,10,12,0,71,1
a13,2,0,1,infinity,1,,,11,13,0,74,1
a13,2,0,2,infinity,2,,,12,14,0,79,1
a13,2,0,3,infinity,3,,,13,15,0,84,1
a13,2,1,0,infinity,0,,,10,12,0,69,1
a13,2,1,1,infinity,1,,,11,13,0,76,1
a13,2,1,2,infinity,2,,,12,14,0,81,1
a13,2,1,3,infinity,3,,,13,15,0,86,1
a13,2,2,0,infinity,0,,,10,12,0,69,1
a13,2,2,1,infinity,1,,,11,13,0,75,1
a13,2,2,2,infinity,2,,,12,14,0,80,1
a13,2,2,3,infinity,3,,,13,15,0,85,1
a13,3,0,0,infinity,0,,,12,14,0,86,1
a13,3,0,1,infinity,1,,,13,15,0,89,1
a13,3,0,2,infinity,2,,,14,16,0,94,1
a13,3,0,3,infinity,3,,,15,17,0,99,1
a13,3,1,0,infinity,0,,,12,14,0,84,1
a13,3,1,1,infinity,1,,,13,15,0,91,1
a13,3,1,2,infinity,2,,,14,16,0,96,1
a13,3,1,3,infinity,3,,,15,17,0,101,1
a13,3,2,0,infinity,0,,,12,14,0,84,1
a13,3,2,1,infinity,1,,,13,15,0,91,1
a13,3,2,2,infinity,2,,,14,16,0,96,1
a13,3,2,3,infinity,3,,,15,17,0,101,1
a13,3,3,0,infinity,0,,,12,14,0,84,1
a13,3,3,1,infinity,1,,,13,15,0,90,1
a13,3,3,2,infinity,2,,,14,16,0,95,1
a13,3,3,3,infinity,3,,,15,17,0,100,1
a14,0,0,0,1,0,,,6,8,0,21,1
a14,0,0,1,1,1,,,7,9,0,22,1
a14,0,0,2,2,2,,,8,10,0,25,1
a14,0,0,3,3,3,,,9,11,0,27,1
a14,1,0,0,infinity,0,,,8,10,0,57,1
a14,1,0,1,infinity,1,,,9,11,0,46,1
a14,1,0,2,infinity,2,,,10,12,0,64,1
a14,1,0,3,infinity,3,,,11,13,0,53,1
a14,1,1,0,infinity,0,,,8,10,0,42,1
a14,1,1,1,infinity,1,,,9,11,0,47,1
a14,1,1,2,infinity,2,,,10,12,0,49,1
a14,1,1,3,infinity,3,,,11,13,0,54,1
a14,2,0,0,infinity,0,,,10,12,0,93,1
a14,2,0,1,infinity,1,,,11,13,0,95,1
a14,2,0,2,infinity,2,,,12,14,0,102,1
a14,2,0,3,infinity,3,,,13,15,0,109,1
a14,2,1,0,infinity,0,,,10,12,0,88,1
a14,2,1,1,infinity,1,,,11,13,0,98,1
a14,2,1,2,infinity,2,,,12,14,0,102,1
a14,2,1,3,infinity,3,,,13,15,0,109,1
a14,2,2,0,infinity,0,,,10,12,0,88,1
a14,2,2,1,infinity,1,,,11,13,0,95,1
a14,2,2,2,infinity,2,,,12,14,0,103,1
a14,2,2,3,infinity,3,,,13,15,0,109,1
a14,3,0,0,infinity,0,,,12,14,0,137,1
a14,3,0,1,infinity,1,,,13,15,0,139,1
a14,3,0,2,infinity,2,,,14,16,0,148,1
a14,3,0,3,infinity,3,,,15,17,0,157,1
a14,3,1,0,infinity,0,,,12,14,0,130,1
a14,3,1,1,infinity,1,,,13,15,0,144,1
a14,3,1,2,infinity,2,,,14,16,0,148,1
a14,3,1,3,infinity,3,,,15,17,0,157,1
a14,3,2,0,infinity,0,,,12,14,0,130,1
a14,3,2,1,infinity,1,,,13,15,0,139,1
a14,3,2,2,infinity,2,,,14,16,0,151,1
a14,3,2,3,infinity,3,,,15,17,0,157,1
a14,3,3,0,infinity,0,,,12,14,0,130,1
a14,3,3,1,infinity,1,,,13,15,0,139,1
a14,3,3,2,infinity,2,,,14,16,0,148,1
a14,3,3,3,infinity,3,,,15,17,0,158,1
a15,0,0,0,infinity,1,,,6,8,0,28,1
a15,0,0,1,infinity,2,,,7,9,0,30,1
a15,0,0,2,infinity,3,,,8,10,0,32,1
a15,0,0,3,infinity,4,,,9,11,0,34,1
a15,1,0,0,infinity,1,,,8,10,0,65,1
a15,1,0,1,infinity,2,,,9,11,0,68,1
a15,1,0,2,infinity,3,,,10,12,0,74,1
a15,1,0,3,infinity,4,,,11,13,0,80,1
a15,1,1,0,infinity,1,,,8,10,0,62,1
a15,1,1,1,infinity,2,,,9,11,0,69,1
a15,1,1,2,infinity,3,,,10,12,0,74,1
a15,1,1,3,infinity,4,,,11,13,0,80,1
a15,2,0,0,infinity,1,,,10,12,0,103,1
a15,2,0,1,infinity,2,,,11,13,0,106,1
a15,2,0,2,infinity,3,,,12,14,0,114,1
a15,2,0,3,infinity,4,,,13,15,0,122,1
a15,2,1,0,infinity,1,,,10,12,0,98,1
a15,2,1,1,infinity,2,,,11,13,0,109,1
a15,2,1,2,infinity,3,,,12,14,0,114,1
a15,2,1,3,infinity,4,,,13,15,0,122,1
a15,2,2,0,infinity,1,,,10,12,0,98,1
a15,2,2,1,infinity,2,,,11,13,0,106,1
a15,2,2,2,infinity,3,,,12,14,0,115,1
a15,2,2,3,infinity,4,,,13,15,0,122,1
a15,3,0,0,infinity,1,,,12,14,0,149,1
a15,3,0,1,infinity,2,,,13,15,0,152,1
a15,3,0,2,infinity,3,,,14,16,0,162,1
a15,3,0,3,infinity,4,,,15,17,0,172,1
a15,3,1,0,infinity,1,,,12,14,0,142,1
a15,3,1,1,infinity,2,,,13,15,0,157,1
a15,3,1,2,infinity,3,,,14,16,0,162,1
a15,3,1,3,infinity,4,,,15,17,0,172,1
a15,3,2,0,infinity,1,,,12,14,0,142,1
a15,3,2,1,infinity,2,,,13,15,0,152,1
a15,3,2,2,infinity,3,,,14,16,0,165,1
a15,3,2,3,infinity,4,,,15,17,0,172,1
a15,3,3,0,infinity,1,,,12,14,0,142,1
a15,3,3,1,infinity,2,,,13,15,0,152,1
a15,3,3,2,infinity,3,,,14,16,0,162,1
a15,3,3,3,infinity,4,,,15,17,0,173,1
a16,0,0,0,0,0,,,6,8,0,13,1
a16,0,0,1,1,1,,,7,9,0,15,1
a16,0,0,2,2,2,,,8,10,0,16,1
a16,0,0,3,3,3,,,9,11,0,17,1
a16,1,0,0,1,0,,,8,10,0,18,1
a16,1,0,1,1,1,,,9,11,0,20,1
a16,1,0,2,2,2,,,10,12,0,21,1
a16,1,0,3,3,3,,,11,13,0,22,1
a16,1,1,0,1,0,,,8,10,0,18,1
a16,1,1,1,1,1,,,9,11,0,20,1
a16,1,1,2,2,2,,,10,12,0,21,1
a16,1,1,3,3,3,,,11,13,0,22,1
a16,2,0,0,2,0,,,10,12,0,24,1
a16,2,0,1,2,1,,,11,13,0,26,1
a16,2,0,2,2,2,,,12,14,0,27,1
a16,2,0,3,3,3,,,13,15,0,28,1
a16,2,1,0,2,0,,,10,12,0,24,1
a16,2,1,1,2,1,,,11,13,0,26,1
a16,2,1,2,2,2,,,12,14,0,27,1
a16,2,1,3,3,3,,,13,15,0,28,1
a16,2,2,0,2,0,,,10,12,0,24,1
a16,2,2,1,2,1,,,11,13,0,26,1
a16,2,2,2,2,2,,,12,14,0,27,1
a16,2,2,3,3,3,,,13,15,0,28,1
a16,3,0,0,3,0,,,12,14,0,31,1
a16,3,0,1,3,1,,,13,15,0,33,1
a16,3,0,2,3,2,,,14,16,0,34,1
a16,3,0,3,3,3,,,15,17,0,35,1
a16,3,1,0,3,0,,,12,14,0,31,1
a16,3,1,1,3,1,,,13,15,0,33,1
a16,3,1,2,3,2,,,14,16,0,34,1
a16,3,1,3,3,3,,,15,17,0,35,1
a16,3,2,0,3,0,,,12,14,0,31,1
a16,3,2,1,3,1,,,13,15,0,33,1
a16,3,2,2,3,2,,,14,16,0,34,1
a16,3,2,3,3,3,,,15,17,0,35,1
a16,3,3,0,3,0,,,12,14,0,31,1
a16,3,3,1,3,1,,,13,15,0,33,1
a16,3,3,2,3,2,,,14,16,0,34,1
a16,3,3,3,3,3,,,15,17,0,35,1
a17,0,0,0,1,0,,,6,8,0,13,1
a17,0,0,1,2,1,,,7,9,0,16,1
a17,0,0,2,3,2,,,8,10,0,17,1
a17,0,0,3,4,3,,,9,11,0,18,1
a17,1,0,0,2,0,,,8,10,0,18,1
a17,1,0,1,3,1,,,9,11,0,22,1
a17,1,0,2,4,2,,,10,12,0,23,1
a17,1,0,3,5,3,,,11,13,0,24,1
a17,1,1,0,2,0,,,8,10,0,18,1
a17,1,1,1,3,1,,,9,11,0,22,1
a17,1,1,2,4,2,,,10,12,0,23,1
a17,1,1,3,5,3,,,11,13,0,24,1
a17,2,0,0,3,0,,,10,12,0,24,1
a17,2,0,1,4,1,,,11,13,0,29,1
a17,2,0,2,5,2,,,12,14,0,30,1
a17,2,0,3,6,3,,,13,15,0,31,1
a17,2,1,0,3,0,,,10,12,0,24,1
a17,2,1,1,4,1,,,11,13,0,29,1
a17,2,1,2,5,2,,,12,14,0,30,1
a17,2,1,3,6,3,,,13,15,0,31,1
a17,2,2,0,3,0,,,10,12,0,24,1
a17,2,2,1,4,1,,,11,13,0,29,1
a17,2,2,2,5,2,,,12,14,0,30,1
a17,2,2,3,6,3,,,13,15,0,31,1
a17,3,0,0,4,0,,,12,14,0,31,1
a17,3,0,1,5,1,,,13,15,0,37,1
a17,3,0,2,6,2,,,14,16,0,38,1
a17,3,0,3,7,3,,,15,17,0,39,1
a17,3,1,0,4,0,,,12,14,0,31,1
a17,3,1,1,5,1,,,13,15,0,37,1
a17,3,1,2,6,2,,,14,16,0,38,1
a17,3,1,3,7,3,,,15,17,0,39,1
a17,3,2,0,4,0,,,12,14,0,31,1
a17,3,2,1,5,1,,,13,15,0,37,1
a17,3,2,2,6,2,,,14,16,0,38,1
a17,3,2,3,7,3,,,15,17,0,39,1
a17,3,3,0,4,0,,,12,14,0,31,1
a17,3,3,1,5,1,,,13,15,0,37,1
a17,3,3,2,6,2,,,14,16,0,38,1
a17,3,3,3,7,3,,,15,17,0,39,1
a18,0,0,0,0,0,,,6,8,0,20,1
a18,0,0,1,1,1,,,7,9,0,23,1
a18,0,0,2,2,2,,,8,10,0,25,1
a18,0,0,3,3,3,,,9,11,0,27,1
a18,1,0,0,1,0,,,8,10,0,28,1
a18,1,0,1,2,1,,,9,11,0,32,1
a18,1,0,2,3,2,,,10,12,0,34,1
a18,1,0,3,4,3,,,11,13,0,36,1
a18,1,1,0,1,0,,,8,10,0,28,1
a18,1,1,1,1,1,,,9,11,0,30,1
a18,1,1,2,2,2,,,10,12,0,33,1
a18,1,1,3,3,3,,,11,13,0,35,1
a18,2,0,0,2,0,,,10,12,0,38,1
a18,2,0,1,3,1,,,11,13,0,43,1
a18,2,0,2,4,2,,,12,14,0,45,1
a18,2,0,3,5,3,,,13,15,0,47,1
a18,2,1,0,2,0,,,10,12,0,38,1
a18,2,1,1,2,1,,,11,13,0,40,1
a18,2,1,2,3,2,,,12,14,0,44,1
a18,2,1,3,4,3,,,13,15,0,46,1
a18,2,2,0,2,0,,,10,12,0,38,1
a18,2,2,1,2,1,,,11,13,0,40,1
a18,2,2,2,2,2,,,12,14,0,42,1
a18,2,2,3,3,3,,,13,15,0,45,1
a18,3,0,0,3,0,,,12,14,0,50,1
a18,3,0,1,4,1,,,13,15,0,56,1
a18,3,0,2,5,2,,,14,16,0,58,1
a18,3,0,3,6,3,,,15,17,0,60,1
a18,3,1,0,3,0,,,12,14,0,50,1
a18,3,1,1,3,1,,,13,15,0,52,1
a18,3,1,2,4,2,,,14,16,0,57,1
a18,3,1,3,5,3,,,15,17,0,59,1
a18,3,2,0,3,0,,,12,14,0,50,1
a18,3,2,1,3,1,,,13,15,0,52,1
a18,3,2,2,3,2,,,14,16,0,54,1
a18,3,2,3,4,3,,,15,17,0,58,1
a18,3,3,0,3,0,,,12,14,0,50,1
a18,3,3,1,3,1,,,13,15,0,52,1
a18,3,3,2,3,2,,,14,16,0,54,1
a18,3,3,3,3,3,,,15,17,0,56,1
a19,0,0,0,1,0,,,6,8,0,20,1
a19,0,0,1,2,1,,,7,9,0,24,1
a19,0,0,2,3,2,,,8,10,0,26,1
a19,0,0,3,4,3,,,9,11,0,28,1
a19,1,0,0,3,0,,,8,10,0,30,1
a19,1,0,1,4,1,,,9,11,0,36,1
a19,1,0,2,5,2,,,10,12,0,40,1
a19,1,0,3,6,3,,,11,13,0,42,1
a19,1,1,0,3,0,,,8,10,0,30,1
a19,1,1,1,3,1,,,9,11,0,32,1
a19,1,1,2,4,2,,,10,12,0,37,1
a19,1,1,3,5,3,,,11,13,0,39,1
a19,2,0,0,5,0,,,10,12,0,44,1
a19,2,0,1,6,1,,,11,13,0,52,1
a19,2,0,2,7,2,,,12,14,0,57,1
a19,2,0,3,8,3,,,13,15,0,62,1
a19,2,1,0,5,0,,,10,12,0,44,1
a19,2,1,1,5,1,,,11,13,0,46,1
a19,2,1,2,6,2,,,12,14,0,53,1
a19,2,1,3,7,3,,,13,15,0,58,1
a19,2,2,0,5,0,,,10,12,0,44,1
a19,2,2,1,5,1,,,11,13,0,46,1
a19,2,2,2,5,2,,,12,14,0,48,1
a19,2,2,3,6,3,,,13,15,0,54,1
a19,3,0,0,7,0,,,12,14,0,62,1
a19,3,0,1,8,1,,,13,15,0,72,1
a19,3,0,2,9,2,,,14,16,0,78,1
a19,3,0,3,10,3,,,15,17,0,84,1
a19,3,1,0,7,0,,,12,14,0,62,1
a19,3,1,1,7,1,,,13,15,0,64,1
a19,3,1,2,8,2,,,14,16,0,73,1
a19,3,1,3,9,3,,,15,17,0,79,1
a19,3,2,0,7,0,,,12,14,0,62,1
a19,3,2,1,7,1,,,13,15,0,64,1
a19,3,2,2,7,2,,,14,16,0,66,1
a19,3,2,3,8,3,,,15,17,0,74,1
a19,3,3,0,7,0,,,12,14,0,62,1
a19,3,3,1,7,1,,,13,15,0,64,1
a19,3,3,2,7,2,,,14,16,0,66,1
a19,3,3,3,7,3,,,15,17,0,68,1
a20,0,0,0,0,0,,,6,8,0,13,1
a20,0,0,1,1,1,,,7,9,0,15,1
a20,0,0,2,2,2,,,8,10,0,16,1
a20,0,0,3,3,3,,,9,11,0,17,1
a20,1,0,0,1,0,,,8,10,0,17,1
a20,1,0,1,2,1,,,9,11,0,20,1
a20,1,0,2,3,2,,,10,12,0,21,1
a20,1,0,3,4,3,,,11,13,0,22,1
a20,1,1,0,1,0,,,8,10,0,17,1
a20,1,1,1,1,1,,,9,11,0,19,1
a20,1,1,2,2,2,,,10,12,0,20,1
a20,1,1,3,3,3,,,11,13,0,21,1
a20,2,0,0,2,0,,,10,12,0,22,1
a20,2,0,1,3,1,,,11,13,0,26,1
a20,2,0,2,4,2,,,12,14,0,27,1
a20,2,0,3,5,3,,,13,15,0,28,1
a20,2,1,0,2,0,,,10,12,0,22,1
a20,2,1,1,2,1,,,11,13,0,24,1
a20,2,1,2,3,2,,,12,14,0,26,1
a20,2,1,3,4,3,,,13,15,0,27,1
a20,2,2,0,2,0,,,10,12,0,22,1
a20,2,2,1,2,1,,,11,13,0,24,1
a20,2,2,2,2,2,,,12,14,0,25,1
a20,2,2,3,3,3,,,13,15,0,26,1
a20,3,0,0,3,0,,,12,14,0,28,1
a20,3,0,1,4,1,,,13,15,0,33,1
a20,3,0,2,5,2,,,14,16,0,34,1
a20,3,0,3,6,3,,,15,17,0,35,1
a20,3,1,0,3,0,,,12,14,0,28,1
a20,3,1,1,3,1,,,13,15,0,30,1
a20,3,1,2,4,2,,,14,16,0,33,1
a20,3,1,3,5,3,,,15,17,0,34,1
a20,3,2,0,3,0,,,12,14,0,28,1
a20,3,2,1,3,1,,,13,15,0,30,1
a20,3,2,2,3,2,,,14,16,0,31,1
a20,3,2,3,4,3,,,15,17,0,33,1
a20,3,3,0,3,0,,,12,14,0,28,1
a20,3,3,1,3,1,,,13,15,0,30,1
a20,3,3,2,3,2,,,14,16,0,31,1
a20,3,3,3,3,3,,,15,17,0,32,1
a21,0,0,0,1,0,,,6,8,0,12,1
a21,0,0,1,2,1,,,7,9,0,15,1
a21,0,0,2,3,2,,,8,10,0,16,1
a21,0,0,3,4,3,,,9,11,0,17,1
a21,1,0,0,2,0,,,8,10,0,17,1
a21,1,0,1,3,1,,,9,11,0,21,1
a21,1,0,2,4,2,,,10,12,0,23,1
a21,1,0,3,5,3,,,11,13,0,24,1
a21,1,1,0,2,0,,,8,10,0,17,1
a21,1,1,1,3,1,,,9,11,0,21,1
a21,1,1,2,4,2,,,10,12,0,22,1
a21,1,1,3,5,3,,,11,13,0,23,1
a21,2,0,0,3,0,,,10,12,0,23,1
a21,2,0,1,4,1,,,11,13,0,28,1
a21,2,0,2,5,2,,,12,14,0,31,1
a21,2,0,3,6,3,,,13,15,0,32,1
a21,2,1,0,3,0,,,10,12,0,23,1
a21,2,1,1,4,1,,,11,13,0,28,1
a21,2,1,2,5,2,,,12,14,0,29,1
a21,2,1,3,6,3,,,13,15,0,31,1
a21,2,2,0,3,0,,,10,12,0,23,1
a21,2,2,1,4,1,,,11,13,0,28,1
a21,2,2,2,5,2,,,12,14,0,29,1
a21,2,2,3,6,3,,,13,15,0,30,1
a21,3,0,0,4,0,,,12,14,0,30,1
a21,3,0,1,5,1,,,13,15,0,36,1
a21,3,0,2,6,2,,,14,16,0,40,1
a21,3,0,3,7,3,,,15,17,0,41,1
a21,3,1,0,4,0,,,12,14,0,30,1
a21,3,1,1,5,1,,,13,15,0,36,1
a21,3,1,2,6,2,,,14,16,0,37,1
a21,3,1,3,7,3,,,15,17,0,40,1
a21,3,2,0,4,0,,,12,14,0,30,1
a21,3,2,1,5,1,,,13,15,0,36,1
a21,3,2,2,6,2,,,14,16,0,37,1
a21,3,2,3,7,3,,,15,17,0,38,1
a21,3,3,0,4,0,,,12,14,0,30,1
a21,3,3,1,5,1,,,13,15,0,36,1
a21,3,3,2,6,2,,,14,16,0,37,1
a21,3,3,3,7,3,,,15,17,0,38,1
a22,0,0,0,0,0,,,6,8,0,20,1
a22,0,0,1,1,1,,,7,9,0,23,1
a22,0,0,2,2,2,,,8,10,0,25,1
a22,0,0,3,3,3,,,9,11,0,27,1
a22,1,0,0,1,1,,,8,10,0,27,1
a22,1,0,1,2,1,,,9,11,0,32,1
a22,1,0,2,3,2,,,10,12,0,34,1
a22,1,0,3,4,3,,,11,13,0,36,1
a22,1,1,0,1,1,,,8,10,0,27,1
a22,1,1,1,1,1,,,9,11,0,29,1
a22,1,1,2,2,2,,,10,12,0,32,1
a22,1,1,3,3,3,,,11,13,0,34,1
a22,2,0,0,2,1,,,10,12,0,36,1
a22,2,0,1,3,1,,,11,13,0,43,1
a22,2,0,2,4,2,,,12,14,0,45,1
a22,2,0,3,5,3,,,13,15,0,47,1
a22,2,1,0,2,1,,,10,12,0,36,1
a22,2,1,1,2,1,,,11,13,0,38,1
a22,2,1,2,3,2,,,12,14,0,43,1
a22,2,1,3,4,3,,,13,15,0,45,1
a22,2,2,0,2,1,,,10,12,0,36,1
a22,2,2,1,2,1,,,11,13,0,38,1
a22,2,2,2,2,2,,,12,14,0,40,1
a22,2,2,3,3,3,,,13,15,0,43,1
a22,3,0,0,3,1,,,12,14,0,47,1
a22,3,0,1,4,1,,,13,15,0,56,1
a22,3,0,2,5,2,,,14,16,0,58,1
a22,3,0,3,6,3,,,15,17,0,60,1
a22,3,1,0,3,1,,,12,14,0,47,1
a22,3,1,1,3,1,,,13,15,0,49,1
a22,3,1,2,4,2,,,14,16,0,56,1
a22,3,1,3,5,3,,,15,17,0,58,1
a22,3,2,0,3,1,,,12,14,0,47,1
a22,3,2,1,3,1,,,13,15,0,49,1
a22,3,2,2,3,2,,,14,16,0,51,1
a22,3,2,3,4,3,,,15,17,0,56,1
a22,3,3,0,3,1,,,12,14,0,47,1
a22,3,3,1,3,1,,,13,15,0,49,1
a22,3,3,2,3,2,,,14,16,0,51,1
a22,3,3,3,3,3,,,15,17,0,53,1
a23,0,0,0,1,1,,,6,8,0,19,1
a23,0,0,1,2,2,,,7,9,0,23,1
a23,0,0,2,3,3,,,8,10,0,25,1
a23,0,0,3,4,4,,,9,11,0,27,1
a23,1,0,0,3,1,,,8,10,0,29,1
a23,1,0,1,4,2,,,9,11,0,35,1
a23,1,0,2,5,3,,,10,12,0,39,1
a23,1,0,3,6,4,,,11,13,0,42,1
a23,1,1,0,3,1,,,8,10,0,29,1
a23,1,1,1,3,2,,,9,11,0,31,1
a23,1,1,2,4,3,,,10,12,0,36,1
a23,1,1,3,5,4,,,11,13,0,38,1
a23,2,0,0,5,1,,,10,12,0,43,1
a23,2,0,1,6,2,,,11,13,0,51,1
a23,2,0,2,7,3,,,12,14,0,56,1
a23,2,0,3,8,4,,,13,15,0,61,1
a23,2,1,0,5,1,,,10,12,0,43,1
a23,2,1,1,5,2,,,11,13,0,45,1
a23,2,1,2,6,3,,,12,14,0,52,1
a23,2,1,3,7,4,,,13,15,0,57,1
a23,2,2,0,5,1,,,10,12,0,43,1
a23,2,2,1,5,2,,,11,13,0,45,1
a23,2,2,2,5,3,,,12,14,0,47,1
a23,2,2,3,6,4,,,13,15,0,53,1
a23,3,0,0,7,1,,,12,14,0,61,1
a23,3,0,1,8,2,,,13,15,0,71,1
a23,3,0,2,9,3,,,14,16,0,77,1
a23,3,0,3,10,4,,,15,17,0,83,1
a23,3,1,0,7,1,,,12,14,0,61,1
a23,3,1,1,7,2,,,13,15,0,63,1
a23,3,1,2,8,3,,,14,16,0,72,1
a23,3,1,3,9,4,,,15,17,0,78,1
a23,3,2,0,7,1,,,12,14,0,61,1
a23,3,2,1,7,2,,,13,15,0,63,1
a23,3,2,2,7,3,,,14,16,0,65,1
a23,3,2,3,8,4,,,15,17,0,73,1
a23,3,3,0,7,1,,,12,14,0,61,1
a23,3,3,1,7,2,,,13,15,0,63,1
a23,3,3,2,7,3,,,14,16,0,65,1
a23,3,3,3,7,4,,,15,17,0,67,1
a24,0,0,0,1,0,,,6,8,0,21,1
a24,0,0,1,1,1,,,7,9,0,22,1
a24,0,0,2,2,2,,,8,10,0,25,1
a24,0,0,3,3,3,,,9,11,0,27,1
a24,1,0,0,2,0,,,8,10,0,29,1
a24,1,0,1,2,1,,,9,11,0,30,1
a24,1,0,2,2,2,,,10,12,0,32,1
a24,1,0,3,3,3,,,11,13,0,35,1
a24,1,1,0,2,0,,,8,10,0,28,1
a24,1,1,1,2,1,,,9,11,0,31,1
a24,1,1,2,2,2,,,10,12,0,33,1
a24,1,1,3,3,3,,,11,13,0,35,1
a24,2,0,0,3,0,,,10,12,0,38,1
a24,2,0,1,3,1,,,11,13,0,39,1
a24,2,0,2,3,2,,,12,14,0,41,1
a24,2,0,3,3,3,,,13,15,0,43,1
a24,2,1,0,3,0,,,10,12,0,37,1
a24,2,1,1,3,1,,,11,13,0,40,1
a24,2,1,2,3,2,,,12,14,0,42,1
a24,2,1,3,3,3,,,13,15,0,44,1
a24,2,2,0,3,0,,,10,12,0,37,1
a24,2,2,1,3,1,,,11,13,0,40,1
a24,2,2,2,3,2,,,12,14,0,42,1
a24,2,2,3,3,3,,,13,15,0,44,1
a24,3,0,0,4,0,,,12,14,0,48,1
a24,3,0,1,4,1,,,13,15,0,49,1
a24,3,0,2,4,2,,,14,16,0,51,1
a24,3,0,3,4,3,,,15,17,0,53,1
a24,3,1,0,4,0,,,12,14,0,47,1
a24,3,1,1,4,1,,,13,15,0,50,1
a24,3,1,2,4,2,,,14,16,0,52,1
a24,3,1,3,4,3,,,15,17,0,54,1
a24,3,2,0,4,0,,,12,14,0,47,1
a24,3,2,1,4,1,,,13,15,0,50,1
a24,3,2,2,4,2,,,14,16,0,52,1
a24,3,2,3,4,3,,,15,17,0,54,1
a24,3,3,0,4,0,,,12,14,0,47,1
a24,3,3,1,4,1,,,13,15,0,50,1
a24,3,3,2,4,2,,,14,16,0,52,1
a24,3,3,3,4,3,,,15,17,0,54,1
a25,0,0,0,infinity,0,,,6,8,0,28,1
a25,0,0,1,infinity,1,,,7,9,0,30,1
a25,0,0,2,infinity,2,,,8,10,0,32,1
a25,0,0,3,infinity,3,,,9,11,0,34,1
a25,1,0,0,infinity,0,,,8,10,0,55,1
a25,1,0,1,infinity,1,,,9,11,0,59,1
a25,1,0,2,infinity,2,,,10,12,0,64,1
a25,1,0,3,infinity,3,,,11,13,0,69,1
a25,1,1,0,infinity,0,,,8,10,0,54,1
a25,1,1,1,infinity,1,,,9,11,0,60,1
a25,1,1,2,infinity,2,,,10,12,0,65,1
a25,1,1,3,infinity,3,,,11,13,0,70,1
a25,2,0,0,infinity,0,,,10,12,0,79,1
a25,2,0,1,infinity,1,,,11,13,0,84,1
a25,2,0,2,infinity,2,,,12,14,0,90,1
a25,2,0,3,infinity,3,,,13,15,0,96,1
a25,2,1,0,infinity,0,,,10,12,0,78,1
a25,2,1,1,infinity,1,,,11,13,0,85,1
a25,2,1,2,infinity,2,,,12,14,0,91,1
a25,2,1,3,infinity,3,,,13,15,0,97,1
a25,2,2,0,infinity,0,,,10,12,0,78,1
a25,2,2,1,infinity,1,,,11,13,0,85,1
a25,2,2,2,infinity,2,,,12,14,0,91,1
a25,2,2,3,infinity,3,,,13,15,0,97,1
a25,3,0,0,infinity,0,,,12,14,0,107,1
a25,3,0,1,infinity,1,,,13,15,0,113,1
a25,3,0,2,infinity,2,,,14,16,0,120,1
a25,3,0,3,infinity,3,,,15,17,0,127,1
a25,3,1,0,infinity,0,,,12,14,0,106,1
a25,3,1,1,infinity,1,,,13,15,0,114,1
a25,3,1,2,infinity,2,,,14,16,0,121,1
a25,3,1,3,infinity,3,,,15,17,0,128,1
a25,3,2,0,infinity,0,,,12,14,0,106,1
a25,3,2,1,infinity,1,,,13,15,0,114,1
a25,3,2,2,infinity,2,,,14,16,0,121,1
a25,3,2,3,infinity,3,,,15,17,0,128,1
a25,3,3,0,infinity,0,,,12,14,0,106,1
a25,3,3,1,infinity,1,,,13,15,0,114,1
a25,3,3,2,infinity,2,,,14,16,0,121,1
a25,3,3,3,infinity,3,,,15,17,0,128,1
a26,0,0,0,1,0,,,6,8,0,21,1
a26,0,0,1,1,1,,,7,9,0,22,1
a26,0,0,2,2,2,,,8,10,0,25,1
a26,0,0,3,3,3,,,9,11,0,27,1
a26,1,0,0,3,0,,,8,10,0,32,1
a26,1,0,1,3,1,,,9,11,0,32,1
a26,1,0,2,3,2,,,10,12,0,34,1
a26,1,0,3,4,3,,,11,13,0,38,1
a26,1,1,0,3,0,,,8,10,0,30,1
a26,1,1,1,3,1,,,9,11,0,33,1
a26,1,1,2,3,2,,,10,12,0,34,1
a26,1,1,3,3,3,,,11,13,0,36,1
a26,2,0,0,5,0,,,10,12,0,47,1
a26,2,0,1,5,1,,,11,13,0,46,1
a26,2,0,2,5,2,,,12,14,0,48,1
a26,2,0,3,5,3,,,13,15,0,50,1
a26,2,1,0,5,0,,,10,12,0,44,1
a26,2,1,1,5,1,,,11,13,0,48,1
a26,2,1,2,5,2,,,12,14,0,48,1
a26,2,1,3,5,3,,,13,15,0,50,1
a26,2,2,0,5,0,,,10,12,0,44,1
a26,2,2,1,5,1,,,11,13,0,46,1
a26,2,2,2,5,2,,,12,14,0,49,1
a26,2,2,3,5,3,,,13,15,0,50,1
a26,3,0,0,7,0,,,12,14,0,66,1
a26,3,0,1,7,1,,,13,15,0,64,1
a26,3,0,2,7,2,,,14,16,0,66,1
a26,3,0,3,7,3,,,15,17,0,68,1
a26,3,1,0,7,0,,,12,14,0,62,1
a26,3,1,1,7,1,,,13,15,0,67,1
a26,3,1,2,7,2,,,14,16,0,66,1
a26,3,1,3,7,3,,,15,17,0,68,1
a26,3,2,0,7,0,,,12,14,0,62,1
a26,3,2,1,7,1,,,13,15,0,64,1
a26,3,2,2,7,2,,,14,16,0,68,1
a26,3,2,3,7,3,,,15,17,0,68,1
a26,3,3,0,7,0,,,12,14,0,62,1
a26,3,3,1,7,1,,,13,15,0,64,1
a26,3,3,2,7,2,,,14,16,0,66,1
a26,3,3,3,7,3,,,15,17,0,69,1
a27,0,0,0,infinity,0,,,6,8,0,28,1
a27,0,0,1,infinity,1,,,7,9,0,30,1
a27,0,0,2,infinity,2,,,8,10,0,32,1
a27,0,0,3,infinity,3,,,9,11,0,34,1
a27,1,0,0,infinity,0,,,8,10,0,64,1
a27,1,0,1,infinity,1,,,9,11,0,68,1
a27,1,0,2,infinity,2,,,10,12,0,74,1
a27,1,0,3,infinity,3,,,11,13,0,80,1
a27,1,1,0,infinity,0,,,8,10,0,62,1
a27,1,1,1,infinity,1,,,9,11,0,69,1
a27,1,1,2,infinity,2,,,10,12,0,74,1
a27,1,1,3,infinity,3,,,11,13,0,80,1
a27,2,0,0,infinity,0,,,10,12,0,101,1
a27,2,0,1,infinity,1,,,11,13,0,106,1
a27,2,0,2,infinity,2,,,12,14,0,114,1
a27,2,0,3,infinity,3,,,13,15,0,122,1
a27,2,1,0,infinity,0,,,10,12,0,98,1
a27,2,1,1,infinity,1,,,11,13,0,108,1
a27,2,1,2,infinity,2,,,12,14,0,114,1
a27,2,1,3,infinity,3,,,13,15,0,122,1
a27,2,2,0,infinity,0,,,10,12,0,98,1
a27,2,2,1,infinity,1,,,11,13,0,106,1
a27,2,2,2,infinity,2,,,12,14,0,115,1
a27,2,2,3,infinity,3,,,13,15,0,122,1
a27,3,0,0,infinity,0,,,12,14,0,146,1
a27,3,0,1,infinity,1,,,13,15,0,152,1
a27,3,0,2,infinity,2,,,14,16,0,162,1
a27,3,0,3,infinity,3,,,15,17,0,172,1
a27,3,1,0,infinity,0,,,12,14,0,142,1
a27,3,1,1,infinity,1,,,13,15,0,155,1
a27,3,1,2,infinity,2,,,14,16,0,162,1
a27,3,1,3,infinity,3,,,15,17,0,172,1
a27,3,2,0,infinity,0,,,12,14,0,142,1
a27,3,2,1,infinity,1,,,13,15,0,152,1
a27,3,2,2,infinity,2,,,14,16,0,164,1
a27,3,2,3,infinity,3,,,15,17,0,172,1
a27,3,3,0,infinity,0,,,12,14,0,142,1
a27,3,3,1,infinity,1,,,13,15,0,152,1
a27,3,3,2,infinity,2,,,14,16,0,162,1
a27,3,3,3,infinity,3,,,15,17,0,173,1
a28,0,0,0,1,0,,,6,8,0,21,1
a28,0,0,1,1,1,,,7,9,0,22,1
a28,0,0,2,2,2,,,8,10,0,25,1
a28,0,0,3,3,3,,,9,11,0,27,1
a28,1,0,0,infinity,0,,,8,10,0,47,1
a28,1,0,1,infinity,1,,,9,11,0,50,1
a28,1,0,2,infinity,2,,,10,12,0,54,1
a28,1,0,3,infinity,3,,,11,13,0,58,1
a28,1,1,0,infinity,0,,,8,10,0,46,1
a28,1,1,1,infinity,1,,,9,11,0,51,1
a28,1,1,2,infinity,2,,,10,12,0,55,1
a28,1,1,3,infinity,3,,,11,13,0,59,1
a28,2,0,0,infinity,0,,,10,12,0,69,1
a28,2,0,1,infinity,1,,,11,13,0,73,1
a28,2,0,2,infinity,2,,,12,14,0,78,1
a28,2,0,3,infinity,3,,,13,15,0,83,1
a28,2,1,0,infinity,0,,,10,12,0,68,1
a28,2,1,1,infinity,1,,,11,13,0,74,1
a28,2,1,2,infinity,2,,,12,14,0,79,1
a28,2,1,3,infinity,3,,,13,15,0,84,1
a28,2,2,0,infinity,0,,,10,12,0,68,1
a28,2,2,1,infinity,1,,,11,13,0,74,1
a28,2,2,2,infinity,2,,,12,14,0,79,1
a28,2,2,3,infinity,3,,,13,15,0,84,1
a28,3,0,0,infinity,0,,,12,14,0,95,1
a28,3,0,1,infinity,1,,,13,15,0,100,1
a28,3,0,2,infinity,2,,,14,16,0,106,1
a28,3,0,3,infinity,3,,,15,17,0,112,1
a28,3,1,0,infinity,0,,,12,14,0,94,1
a28,3,1,1,infinity,1,,,13,15,0,101,1
a28,3,1,2,infinity,2,,,14,16,0,107,1
a28,3,1,3,infinity,3,,,15,17,0,113,1
a28,3,2,0,infinity,0,,,12,14,0,94,1
a28,3,2,1,infinity,1,,,13,15,0,101,1
a28,3,2,2,infinity,2,,,14,16,0,107,1
a28,3,2,3,infinity,3,,,15,17,0,113,1
a28,3,3,0,infinity,0,,,12,14,0,94,1
a28,3,3,1,infinity,1,,,13,15,0,101,1
a28,3,3,2,infinity,2,,,14,16,0,107,1
a28,3,3,3,infinity,3,,,15,17,0,113,1
a29,0,0,0,infinity,0,,,6,8,0,26,1
a29,0,0,1,infinity,1,,,7,9,0,28,1
a29,0,0,2,infinity,2,,,8,10,0,30,1
a29,0,0,3,infinity,3,,,9,11,0,32,1
a29,1,0,0,infinity,0,,,8,10,0,51,1
a29,1,0,1,infinity,1,,,9,11,0,56,1
a29,1,0,2,infinity,2,,,10,12,0,59,1
a29,1,0,3,infinity,3,,,11,13,0,64,1
a29,1,1,0,infinity,0,,,8,10,0,49,1
a29,1,1,1,infinity,1,,,9,11,0,56,1
a29,1,1,2,infinity,2,,,10,12,0,60,1
a29,1,1,3,infinity,3,,,11,13,0,65,1
a29,2,0,0,infinity,0,,,10,12,0,75,1
a29,2,0,1,infinity,1,,,11,13,0,80,1
a29,2,0,2,infinity,2,,,12,14,0,84,1
a29,2,0,3,infinity,3,,,13,15,0,90,1
a29,2,1,0,infinity,0,,,10,12,0,72,1
a29,2,1,1,infinity,1,,,11,13,0,81,1
a29,2,1,2,infinity,2,,,12,14,0,85,1
a29,2,1,3,infinity,3,,,13,15,0,91,1
a29,2,2,0,infinity,0,,,10,12,0,72,1
a29,2,2,1,infinity,1,,,11,13,0,80,1
a29,2,2,2,infinity,2,,,12,14,0,85,1
a29,2,2,3,infinity,3,,,13,15,0,91,1
a29,3,0,0,infinity,0,,,12,14,0,103,1
a29,3,0,1,infinity,1,,,13,15,0,108,1
a29,3,0,2,infinity,2,,,14,16,0,113,1
a29,3,0,3,infinity,3,,,15,17,0,120,1
a29,3,1,0,infinity,0,,,12,14,0,99,1
a29,3,1,1,infinity,1,,,13,15,0,110,1
a29,3,1,2,infinity,2,,,14,16,0,114,1
a29,3,1,3,infinity,3,,,15,17,0,121,1
a29,3,2,0,infinity,0,,,12,14,0,99,1
a29,3,2,1,infinity,1,,,13,15,0,108,1
a29,3,2,2,infinity,2,,,14,16,0,115,1
a29,3,2,3,infinity,3,,,15,17,0,121,1
a29,3,3,0,infinity,0,,,12,14,0,99,1
a29,3,3,1,infinity,1,,,13,15,0,108,1
a29,3,3,2,infinity,2,,,14,16,0,114,1
a29,3,3,3,infinity,3,,,15,17,0,121,1
a30,0,0,0,1,0,,,6,8,0,21,1
a30,0,0,1,1,1,,,7,9,0,22,1
a30,0,0,2,2,2,,,8,10,0,25,1
a30,0,0,3,3,3,,,9,11,0,27,1
a30,1,0,0,infinity,1,,,8,10,0,56,1
a30,1,0,1,infinity,1,,,9,11,0,59,1
a30,1,0,2,infinity,2,,,10,12,0,64,1
a30,1,0,3,infinity,3,,,11,13,0,69,1
a30,1,1,0,infinity,1,,,8,10,0,54,1
a30,1,1,1,infinity,1,,,9,11,0,60,1
a30,1,1,2,infinity,2,,,10,12,0,64,1
a30,1,1,3,infinity,3,,,11,13,0,69,1
a30,2,0,0,infinity,1,,,10,12,0,91,1
a30,2,0,1,infinity,1,,,11,13,0,95,1
a30,2,0,2,infinity,2,,,12,14,0,102,1
a30,2,0,3,infinity,3,,,13,15,0,109,1
a30,2,1,0,infinity,1,,,10,12,0,88,1
a30,2,1,1,infinity,1,,,11,13,0,97,1
a30,2,1,2,infinity,2,,,12,14,0,102,1
a30,2,1,3,infinity,3,,,13,15,0,109,1
a30,2,2,0,infinity,1,,,10,12,0,88,1
a30,2,2,1,infinity,1,,,11,13,0,95,1
a30,2,2,2,infinity,2,,,12,14,0,103,1
a30,2,2,3,infinity,3,,,13,15,0,109,1
a30,3,0,0,infinity,1,,,12,14,0,134,1
a30,3,0,1,infinity,1,,,13,15,0,139,1
a30,3,0,2,infinity,2,,,14,16,0,148,1
a30,3,0,3,infinity,3,,,15,17,0,157,1
a30,3,1,0,infinity,1,,,12,14,0,130,1
a30,3,1,1,infinity,1,,,13,15,0,142,1
a30,3,1,2,infinity,2,,,14,16,0,148,1
a30,3,1,3,infinity,3,,,15,17,0,157,1
a30,3,2,0,infinity,1,,,12,14,0,130,1
a30,3,2,1,infinity,1,,,13,15,0,139,1
a30,3,2,2,infinity,2,,,14,16,0,150,1
a30,3,2,3,infinity,3,,,15,17,0,157,1
a30,3,3,0,infinity,1,,,12,14,0,130,1
a30,3,3,1,infinity,1,,,13,15,0,139,1
a30,3,3,2,infinity,2,,,14,16,0,148,1
a30,3,3,3,infinity,3,,,15,17,0,158,1
a31,0,0,0,infinity,1,,,6,8,0,27,1
a31,0,0,1,infinity,2,,,7,9,0,29,1
a31,0,0,2,infinity,3,,,8,10,0,31,1
a31,0,0,3,infinity,4,,,9,11,0,33,1
a31,1,0,0,infinity,1,,,8,10,0,61,1
a31,1,0,1,infinity,2,,,9,11,0,66,1
a31,1,0,2,infinity,3,,,10,12,0,69,1
a31,1,0,3,infinity,4,,,11,13,0,75,1
a31,1,1,0,infinity,1,,,8,10,0,57,1
a31,1,1,1,infinity,2,,,9,11,0,65,1
a31,1,1,2,infinity,3,,,10,12,0,70,1
a31,1,1,3,infinity,4,,,11,13,0,75,1
a31,2,0,0,infinity,1,,,10,12,0,97,1
a31,2,0,1,infinity,2,,,11,13,0,103,1
a31,2,0,2,infinity,3,,,12,14,0,108,1
a31,2,0,3,infinity,4,,,13,15,0,116,1
a31,2,1,0,infinity,1,,,10,12,0,92,1
a31,2,1,1,infinity,2,,,11,13,0,103,1
a31,2,1,2,infinity,3,,,12,14,0,110,1
a31,2,1,3,infinity,4,,,13,15,0,116,1
a31,2,2,0,infinity,1,,,10,12,0,92,1
a31,2,2,1,infinity,2,,,11,13,0,100,1
a31,2,2,2,infinity,3,,,12,14,0,109,1
a31,2,2,3,infinity,4,,,13,15,0,117,1
a31,3,0,0,infinity,1,,,12,14,0,141,1
a31,3,0,1,infinity,2,,,13,15,0,148,1
a31,3,0,2,infinity,3,,,14,16,0,154,1
a31,3,0,3,infinity,4,,,15,17,0,164,1
a31,3,1,0,infinity,1,,,12,14,0,134,1
a31,3,1,1,infinity,2,,,13,15,0,149,1
a31,3,1,2,infinity,3,,,14,16,0,157,1
a31,3,1,3,infinity,4,,,15,17,0,164,1
a31,3,2,0,infinity,1,,,12,14,0,134,1
a31,3,2,1,infinity,2,,,13,15,0,144,1
a31,3,2,2,infinity,3,,,14,16,0,157,1
a31,3,2,3,infinity,4,,,15,17,0,166,1
a31,3,3,0,infinity,1,,,12,14,0,134,1
a31,3,3,1,infinity,2,,,13,15,0,144,1
a31,3,3,2,infinity,3,,,14,16,0,154,1
a31,3,3,3,infinity,4,,,15,17,0,165,1
a32,0,0,0,0,0,,,6,8,0,6,1
a32,0,0,1,1,1,,,7,9,0,6,1
a32,0,0,2,2,2,,,8,10,0,6,1
a32,0,0,3,3,3,,,9,11,0,6,1
a32,1,0,0,1,0,,,8,10,0,12,1
a32,1,0,1,1,1,,,9,11,0,9,1
a32,1,0,2,2,2,,,10,12,0,9,1
a32,1,0,3,3,3,,,11,13,0,9,1
a32,1,1,0,1,0,,,8,10,0,12,1
a32,1,1,1,1,1,,,9,11,0,8,1
a32,1,1,2,2,2,,,10,12,0,9,1
a32,1,1,3,3,3,,,11,13,0,9,1
a32,2,0,0,1,0,,,10,12,0,16,1
a32,2,0,1,1,1,,,11,13,0,12,1
a32,2,0,2,2,2,,,12,14,0,12,1
a32,2,0,3,3,3,,,13,15,0,12,1
a32,2,1,0,1,0,,,10,12,0,16,1
a32,2,1,1,1,1,,,11,13,0,11,1
a32,2,1,2,2,2,,,12,14,0,12,1
a32,2,1,3,3,3,,,13,15,0,12,1
a32,2,2,0,1,0,,,10,12,0,16,1
a32,2,2,1,1,1,,,11,13,0,11,1
a32,2,2,2,2,2,,,12,14,0,12,1
a32,2,2,3,3,3,,,13,15,0,12,1
a32,3,0,0,1,0,,,12,14,0,20,1
a32,3,0,1,1,1,,,13,15,0,15,1
a32,3,0,2,2,2,,,14,16,0,15,1
a32,3,0,3,3,3,,,15,17,0,15,1
a32,3,1,0,1,0,,,12,14,0,20,1
a32,3,1,1,1,1,,,13,15,0,14,1
a32,3,1,2,2,2,,,14,16,0,15,1
a32,3,1,3,3,3,,,15,17,0,15,1
a32,3,2,0,1,0,,,12,14,0,20,1
a32,3,2,1,1,1,,,13,15,0,14,1
a32,3,2,2,2,2,,,14,16,0,15,1
a32,3,2,3,3,3,,,15,17,0,15,1
a32,3,3,0,1,0,,,12,14,0,20,1
a32,3,3,1,1,1,,,13,15,0,14,1
a32,3,3,2,2,2,,,14,16,0,15,1
a32,3,3,3,3,3,,,15,17,0,15,1
a33,0,0,0,1,0,,,6,8,0,20,1
a33,0,0,1,2,1,,,7,9,0,24,1
a33,0,0,2,3,2,,,8,10,0,26,1
a33,0,0,3,4,3,,,9,11,0,28,1
a33,1,0,0,infinity,0,,,8,10,0,38,1
a33,1,0,1,infinity,1,,,9,11,0,51,1
a33,1,0,2,infinity,2,,,10,12,0,45,1
a33,1,0,3,infinity,3,,,11,13,0,57,1
a33,1,1,0,infinity,0,,,8,10,0,38,1
a33,1,1,1,infinity,1,,,9,11,0,51,1
a33,1,1,2,infinity,2,,,10,12,0,44,1
a33,1,1,3,infinity,3,,,11,13,0,57,1
a33,2,0,0,infinity,0,,,10,12,0,59,1
a33,2,0,1,infinity,1,,,11,13,0,64,1
a33,2,0,2,infinity,2,,,12,14,0,68,1
a33,2,0,3,infinity,3,,,13,15,0,72,1
a33,2,1,0,infinity,0,,,10,12,0,59,1
a33,2,1,1,infinity,1,,,11,13,0,64,1
a33,2,1,2,infinity,2,,,12,14,0,67,1
a33,2,1,3,infinity,3,,,13,15,0,71,1
a33,2,2,0,infinity,0,,,10,12,0,59,1
a33,2,2,1,infinity,1,,,11,13,0,63,1
a33,2,2,2,infinity,2,,,12,14,0,68,1
a33,2,2,3,infinity,3,,,13,15,0,72,1
a33,3,0,0,infinity,0,,,12,14,0,72,1
a33,3,0,1,infinity,1,,,13,15,0,77,1
a33,3,0,2,infinity,2,,,14,16,0,81,1
a33,3,0,3,infinity,3,,,15,17,0,85,1
a33,3,1,0,infinity,0,,,12,14,0,72,1
a33,3,1,1,infinity,1,,,13,15,0,77,1
a33,3,1,2,infinity,2,,,14,16,0,80,1
a33,3,1,3,infinity,3,,,15,17,0,84,1
a33,3,2,0,infinity,0,,,12,14,0,72,1
a33,3,2,1,infinity,1,,,13,15,0,76,1
a33,3,2,2,infinity,2,,,14,16,0,81,1
a33,3,2,3,infinity,3,,,15,17,0,85,1
a33,3,3,0,infinity,0,,,12,14,0,72,1
a33,3,3,1,infinity,1,,,13,15,0,76,1
a33,3,3,2,infinity,2,,,14,16,0,81,1
a33,3,3,3,infinity,3,,,15,17,0,85,1
a34,0,0,0,0,0,,,6,8,0,13,1
a34,0,0,1,1,1,,,7,9,0,15,1
a34,0,0,2,2,2,,,8,10,0,16,1
a34,0,0,3,3,3,,,9,11,0,17,1
a34,1,0,0,1,0,,,8,10,0,17,1
a34,1,0,1,2,1,,,9,11,0,20,1
a34,1,0,2,3,2,,,10,12,0,21,1
a34,1,0,3,4,3,,,11,13,0,22,1
a34,1,1,0,1,0,,,8,10,0,18,1
a34,1,1,1,1,1,,,9,11,0,18,1
a34,1,1,2,2,2,,,10,12,0,20,1
a34,1,1,3,3,3,,,11,13,0,21,1
a34,2,0,0,2,0,,,10,12,0,22,1
a34,2,0,1,3,1,,,11,13,0,26,1
a34,2,0,2,4,2,,,12,14,0,27,1
a34,2,0,3,5,3,,,13,15,0,28,1
a34,2,1,0,2,0,,,10,12,0,23,1
a34,2,1,1,2,1,,,11,13,0,23,1
a34,2,1,2,3,2,,,12,14,0,26,1
a34,2,1,3,4,3,,,13,15,0,27,1
a34,2,2,0,2,0,,,10,12,0,23,1
a34,2,2,1,2,1,,,11,13,0,23,1
a34,2,2,2,2,2,,,12,14,0,24,1
a34,2,2,3,3,3,,,13,15,0,26,1
a34,3,0,0,3,0,,,12,14,0,28,1
a34,3,0,1,4,1,,,13,15,0,33,1
a34,3,0,2,5,2,,,14,16,0,34,1
a34,3,0,3,6,3,,,15,17,0,35,1
a34,3,1,0,3,0,,,12,14,0,29,1
a34,3,1,1,3,1,,,13,15,0,29,1
a34,3,1,2,4,2,,,14,16,0,33,1
a34,3,1,3,5,3,,,15,17,0,34,1
a34,3,2,0,3,0,,,12,14,0,29,1
a34,3,2,1,3,1,,,13,15,0,29,1
a34,3,2,2,3,2,,,14,16,0,30,1
a34,3,2,3,4,3,,,15,17,0,33,1
a34,3,3,0,3,0,,,12,14,0,29,1
a34,3,3,1,3,1,,,13,15,0,29,1
a34,3,3,2,3,2,,,14,16,0,30,1
a34,3,3,3,3,3,,,15,17,0,31,1
a35,0,0,0,1,0,,,6,8,0,20,1
a35,0,0,1,2,1,,,7,9,0,24,1
a35,0,0,2,3,2,,,8,10,0,26,1
a35,0,0,3,4,3,,,9,11,0,28,1
a35,1,0,0,infinity,0,,,8,10,0,46,1
a35,1,0,1,infinity,1,,,9,11,0,51,1
a35,1,0,2,infinity,2,,,10,12,0,55,1
a35,1,0,3,infinity,3,,,11,13,0,59,1
a35,1,1,0,infinity,0,,,8,10,0,47,1
a35,1,1,1,infinity,1,,,9,11,0,50,1
a35,1,1,2,infinity,2,,,10,12,0,54,1
a35,1,1,3,infinity,3,,,11,13,0,58,1
a35,2,0,0,infinity,0,,,10,12,0,68,1
a35,2,0,1,infinity,1,,,11,13,0,74,1
a35,2,0,2,infinity,2,,,12,14,0,79,1
a35,2,0,3,infinity,3,,,13,15,0,84,1
a35,2,1,0,infinity,0,,,10,12,0,69,1
a35,2,1,1,infinity,1,,,11,13,0,73,1
a35,2,1,2,infinity,2,,,12,14,0,78,1
a35,2,1,3,infinity,3,,,13,15,0,83,1
a35,2,2,0,infinity,0,,,10,12,0,69,1
a35,2,2,1,infinity,1,,,11,13,0,73,1
a35,2,2,2,infinity,2,,,12,14,0,78,1
a35,2,2,3,infinity,3,,,13,15,0,83,1
a35,3,0,0,infinity,0,,,12,14,0,94,1
a35,3,0,1,infinity,1,,,13,15,0,101,1
a35,3,0,2,infinity,2,,,14,16,0,107,1
a35,3,0,3,infinity,3,,,15,17,0,113,1
a35,3,1,0,infinity,0,,,12,14,0,95,1
a35,3,1,1,infinity,1,,,13,15,0,100,1
a35,3,1,2,infinity,2,,,14,16,0,106,1
a35,3,1,3,infinity,3,,,15,17,0,112,1
a35,3,2,0,infinity,0,,,12,14,0,95,1
a35,3,2,1,infinity,1,,,13,15,0,100,1
a35,3,2,2,infinity,2,,,14,16,0,106,1
a35,3,2,3,infinity,3,,,15,17,0,112,1
a35,3,3,0,infinity,0,,,12,14,0,95,1
a35,3,3,1,infinity,1,,,13,15,0,100,1
a35,3,3,2,infinity,2,,,14,16,0,106,1
a35,3,3,3,infinity,3,,,15,17,0,112,1
a36,0,0,0,0,0,,,6,8,0,20,1
a36,0,0,1,1,1,,,7,9,0,23,1
a36,0,0,2,2,2,,,8,10,0,25,1
a36,0,0,3,3,3,,,9,11,0,27,1
a36,1,0,0,1,0,,,8,10,0,28,1
a36,1,0,1,2,1,,,9,11,0,32,1
a36,1,0,2,3,2,,,10,12,0,34,1
a36,1,0,3,4,3,,,11,13,0,36,1
a36,1,1,0,1,0,,,8,10,0,28,1
a36,1,1,1,1,1,,,9,11,0,30,1
a36,1,1,2,2,2,,,10,12,0,33,1
a36,1,1,3,3,3,,,11,13,0,35,1
a36,2,0,0,2,0,,,10,12,0,38,1
a36,2,0,1,3,1,,,11,13,0,43,1
a36,2,0,2,4,2,,,12,14,0,45,1
a36,2,0,3,5,3,,,13,15,0,47,1
a36,2,1,0,2,0,,,10,12,0,38,1
a36,2,1,1,2,1,,,11,13,0,40,1
a36,2,1,2,3,2,,,12,14,0,44,1
a36,2,1,3,4,3,,,13,15,0,46,1
a36,2,2,0,2,0,,,10,12,0,38,1
a36,2,2,1,2,1,,,11,13,0,40,1
a36,2,2,2,2,2,,,12,14,0,42,1
a36,2,2,3,3,3,,,13,15,0,45,1
a36,3,0,0,3,0,,,12,14,0,50,1
a36,3,0,1,4,1,,,13,15,0,56,1
a36,3,0,2,5,2,,,14,16,0,58,1
a36,3,0,3,6,3,,,15,17,0,60,1
a36,3,1,0,3,0,,,12,14,0,50,1
a36,3,1,1,3,1,,,13,15,0,52,1
a36,3,1,2,4,2,,,14,16,0,57,1
a36,3,1,3,5,3,,,15,17,0,59,1
a36,3,2,0,3,0,,,12,14,0,50,1
a36,3,2,1,3,1,,,13,15,0,52,1
a36,3,2,2,3,2,,,14,16,0,54,1
a36,3,2,3,4,3,,,15,17,0,58,1
a36,3,3,0,3,0,,,12,14,0,50,1
a36,3,3,1,3,1,,,13,15,0,52,1
a36,3,3,2,3,2,,,14,16,0,54,1
a36,3,3,3,3,3,,,15,17,0,56,1
a37,0,0,0,1,0,,,6,8,0,20,1
a37,0,0,1,2,1,,,7,9,0,24,1
a37,0,0,2,3,2,,,8,10,0,26,1
a37,0,0,3,4,3,,,9,11,0,28,1
a37,1,0,0,infinity,0,,,8,10,0,39,1
a37,1,0,1,infinity,1,,,9,11,0,53,1
a37,1,0,2,infinity,2,,,10,12,0,47,1
a37,1,0,3,infinity,3,,,11,13,0,59,1
a37,1,1,0,infinity,0,,,8,10,0,39,1
a37,1,1,1,infinity,1,,,9,11,0,52,1
a37,1,1,2,infinity,2,,,10,12,0,45,1
a37,1,1,3,infinity,3,,,11,13,0,58,1
a37,2,0,0,infinity,0,,,10,12,0,71,1
a37,2,0,1,infinity,1,,,11,13,0,79,1
a37,2,0,2,infinity,2,,,12,14,0,84,1
a37,2,0,3,infinity,3,,,13,15,0,89,1
a37,2,1,0,infinity,0,,,10,12,0,71,1
a37,2,1,1,infinity,1,,,11,13,0,78,1
a37,2,1,2,infinity,2,,,12,14,0,81,1
a37,2,1,3,infinity,3,,,13,15,0,86,1
a37,2,2,0,infinity,0,,,10,12,0,71,1
a37,2,2,1,infinity,1,,,11,13,0,76,1
a37,2,2,2,infinity,2,,,12,14,0,81,1
a37,2,2,3,infinity,3,,,13,15,0,87,1
a37,3,0,0,infinity,0,,,12,14,0,100,1
a37,3,0,1,infinity,1,,,13,15,0,110,1
a37,3,0,2,infinity,2,,,14,16,0,116,1
a37,3,0,3,infinity,3,,,15,17,0,122,1
a37,3,1,0,infinity,0,,,12,14,0,100,1
a37,3,1,1,infinity,1,,,13,15,0,109,1
a37,3,1,2,infinity,2,,,14,16,0,112,1
a37,3,1,3,infinity,3,,,15,17,0,118,1
a37,3,2,0,infinity,0,,,12,14,0,100,1
a37,3,2,1,infinity,1,,,13,15,0,106,1
a37,3,2,2,infinity,2,,,14,16,0,112,1
a37,3,2,3,infinity,3,,,15,17,0,120,1
a37,3,3,0,infinity,0,,,12,14,0,100,1
a37,3,3,1,infinity,1,,,13,15,0,106,1
a37,3,3,2,infinity,2,,,14,16,0,112,1
a37,3,3,3,infinity,3,,,15,17,0,119,1
a38,0,0,0,0,0,,,6,8,0,20,1
a38,0,0,1,1,1,,,7,9,0,23,1
a38,0,0,2,2,2,,,8,10,0,25,1
a38,0,0,3,3,3,,,9,11,0,27,1
a38,1,0,0,1,0,,,8,10,0,27,1
a38,1,0,1,2,1,,,9,11,0,32,1
a38,1,0,2,3,2,,,10,12,0,34,1
a38,1,0,3,4,3,,,11,13,0,36,1
a38,1,1,0,1,0,,,8,10,0,28,1
a38,1,1,1,1,1,,,9,11,0,29,1
a38,1,1,2,2,2,,,10,12,0,32,1
a38,1,1,3,3,3,,,11,13,0,34,1
a38,2,0,0,2,0,,,10,12,0,35,1
a38,2,0,1,3,1,,,11,13,0,42,1
a38,2,0,2,4,2,,,12,14,0,44,1
a38,2,0,3,5,3,,,13,15,0,46,1
a38,2,1,0,2,0,,,10,12,0,37,1
a38,2,1,1,2,1,,,11,13,0,37,1
a38,2,1,2,3,2,,,12,14,0,42,1
a38,2,1,3,4,3,,,13,15,0,44,1
a38,2,2,0,2,0,,,10,12,0,36,1
a38,2,2,1,2,1,,,11,13,0,37,1
a38,2,2,2,2,2,,,12,14,0,39,1
a38,2,2,3,3,3,,,13,15,0,42,1
a38,3,0,0,3,0,,,12,14,0,45,1
a38,3,0,1,4,1,,,13,15,0,54,1
a38,3,0,2,5,2,,,14,16,0,56,1
a38,3,0,3,6,3,,,15,17,0,58,1
a38,3,1,0,3,0,,,12,14,0,47,1
a38,3,1,1,3,1,,,13,15,0,47,1
a38,3,1,2,4,2,,,14,16,0,54,1
a38,3,1,3,5,3,,,15,17,0,56,1
a38,3,2,0,3,0,,,12,14,0,47,1
a38,3,2,1,3,1,,,13,15,0,47,1
a38,3,2,2,3,2,,,14,16,0,49,1
a38,3,2,3,4,3,,,15,17,0,54,1
a38,3,3,0,3,0,,,12,14,0,46,1
a38,3,3,1,3,1,,,13,15,0,47,1
a38,3,3,2,3,2,,,14,16,0,49,1
a38,3,3,3,3,3,,,15,17,0,51,1
a39,0,0,0,1,1,,,6,8,0,20,1
a39,0,0,1,2,2,,,7,9,0,24,1
a39,0,0,2,3,3,,,8,10,0,26,1
a39,0,0,3,4,4,,,9,11,0,28,1
a39,1,0,0,infinity,1,,,8,10,0,47,1
a39,1,0,1,infinity,2,,,9,11,0,53,1
a39,1,0,2,infinity,3,,,10,12,0,57,1
a39,1,0,3,infinity,4,,,11,13,0,61,1
a39,1,1,0,infinity,1,,,8,10,0,48,1
a39,1,1,1,infinity,2,,,9,11,0,51,1
a39,1,1,2,infinity,3,,,10,12,0,55,1
a39,1,1,3,infinity,4,,,11,13,0,59,1
a39,2,0,0,infinity,1,,,10,12,0,79,1
a39,2,0,1,infinity,2,,,11,13,0,87,1
a39,2,0,2,infinity,3,,,12,14,0,93,1
a39,2,0,3,infinity,4,,,13,15,0,99,1
a39,2,1,0,infinity,1,,,10,12,0,81,1
a39,2,1,1,infinity,2,,,11,13,0,85,1
a39,2,1,2,infinity,3,,,12,14,0,91,1
a39,2,1,3,infinity,4,,,13,15,0,97,1
a39,2,2,0,infinity,1,,,10,12,0,80,1
a39,2,2,1,infinity,2,,,11,13,0,85,1
a39,2,2,2,infinity,3,,,12,14,0,91,1
a39,2,2,3,infinity,4,,,13,15,0,97,1
a39,3,0,0,infinity,1,,,12,14,0,119,1
a39,3,0,1,infinity,2,,,13,15,0,129,1
a39,3,0,2,infinity,3,,,14,16,0,137,1
a39,3,0,3,infinity,4,,,15,17,0,145,1
a39,3,1,0,infinity,1,,,12,14,0,121,1
a39,3,1,1,infinity,2,,,13,15,0,127,1
a39,3,1,2,infinity,3,,,14,16,0,135,1
a39,3,1,3,infinity,4,,,15,17,0,143,1
a39,3,2,0,infinity,1,,,12,14,0,121,1
a39,3,2,1,infinity,2,,,13,15,0,127,1
a39,3,2,2,infinity,3,,,14,16,0,135,1
a39,3,2,3,infinity,4,,,15,17,0,143,1
a39,3,3,0,infinity,1,,,12,14,0,120,1
a39,3,3,1,infinity,2,,,13,15,0,127,1
a39,3,3,2,infinity,3,,,14,16,0,135,1
a39,3,3,3,infinity,4,,,15,17,0,143,1
a40,0,0,0,1,0,,,6,8,0,8,1
a40,0,0,1,1,1,,,7,9,0,5,1
a40,0,0,2,2,2,,,8,10,0,6,1
a40,0,0,3,3,3,,,9,11,0,6,1
a40,1,0,0,1,0,,,8,10,0,12,1
a40,1,0,1,1,1,,,9,11,0,8,1
a40,1,0,2,2,2,,,10,12,0,9,1
a40,1,0,3,3,3,,,11,13,0,9,1
a40,1,1,0,1,0,,,8,10,0,11,1
a40,1,1,1,1,1,,,9,11,0,8,1
a40,1,1,2,2,2,,,10,12,0,9,1
a40,1,1,3,3,3,,,11,13,0,9,1
a40,2,0,0,1,0,,,10,12,0,16,1
a40,2,0,1,1,1,,,11,13,0,11,1
a40,2,0,2,2,2,,,12,14,0,12,1
a40,2,0,3,3,3,,,13,15,0,12,1
a40,2,1,0,1,0,,,10,12,0,15,1
a40,2,1,1,1,1,,,11,13,0,11,1
a40,2,1,2,2,2,,,12,14,0,12,1
a40,2,1,3,3,3,,,13,15,0,12,1
a40,2,2,0,1,0,,,10,12,0,14,1
a40,2,2,1,1,1,,,11,13,0,11,1
a40,2,2,2,2,2,,,12,14,0,12,1
a40,2,2,3,3,3,,,13,15,0,12,1
a40,3,0,0,1,0,,,12,14,0,20,1
a40,3,0,1,1,1,,,13,15,0,14,1
a40,3,0,2,2,2,,,14,16,0,15,1
a40,3,0,3,3,3,,,15,17,0,15,1
a40,3,1,0,1,0,,,12,14,0,19,1
a40,3,1,1,1,1,,,13,15,0,14,1
a40,3,1,2,2,2,,,14,16,0,15,1
a40,3,1,3,3,3,,,15,17,0,15,1
a40,3,2,0,1,0,,,12,14,0,18,1
a40,3,2,1,1,1,,,13,15,0,14,1
a40,3,2,2,2,2,,,14,16,0,15,1
a40,3,2,3,3,3,,,15,17,0,15,1
a40,3,3,0,1,0,,,12,14,0,17,1
a40,3,3,1,1,1,,,13,15,0,14,1
a40,3,3,2,2,2,,,14,16,0,15,1
a40,3,3,3,3,3,,,15,17,0,15,1
a41,0,0,0,infinity,0,,,6,8,0,28,1
a41,0,0,1,infinity,1,,,7,9,0,30,1
a41,0,0,2,infinity,2,,,8,10,0,32,1
a41,0,0,3,infinity,3,,,9,11,0,34,1
a41,1,0,0,infinity,0,,,8,10,0,55,1
a41,1,0,1,infinity,1,,,9,11,0,59,1
a41,1,0,2,infinity,2,,,10,12,0,64,1
a41,1,0,3,infinity,3,,,11,13,0,69,1
a41,1,1,0,infinity,0,,,8,10,0,54,1
a41,1,1,1,infinity,1,,,9,11,0,60,1
a41,1,1,2,infinity,2,,,10,12,0,64,1
a41,1,1,3,infinity,3,,,11,13,0,69,1
a41,2,0,0,infinity,0,,,10,12,0,70,1
a41,2,0,1,infinity,1,,,11,13,0,74,1
a41,2,0,2,infinity,2,,,12,14,0,79,1
a41,2,0,3,infinity,3,,,13,15,0,84,1
a41,2,1,0,infinity,0,,,10,12,0,69,1
a41,2,1,1,infinity,1,,,11,13,0,75,1
a41,2,1,2,infinity,2,,,12,14,0,79,1
a41,2,1,3,infinity,3,,,13,15,0,84,1
a41,2,2,0,infinity,0,,,10,12,0,69,1
a41,2,2,1,infinity,1,,,11,13,0,74,1
a41,2,2,2,infinity,2,,,12,14,0,80,1
a41,2,2,3,infinity,3,,,13,15,0,85,1
a41,3,0,0,infinity,0,,,12,14,0,85,1
a41,3,0,1,infinity,1,,,13,15,0,89,1
a41,3,0,2,infinity,2,,,14,16,0,94,1
a41,3,0,3,infinity,3,,,15,17,0,99,1
a41,3,1,0,infinity,0,,,12,14,0,84,1
a41,3,1,1,infinity,1,,,13,15,0,90,1
a41,3,1,2,infinity,2,,,14,16,0,94,1
a41,3,1,3,infinity,3,,,15,17,0,99,1
a41,3,2,0,infinity,0,,,12,14,0,84,1
a41,3,2,1,infinity,1,,,13,15,0,89,1
a41,3,2,2,infinity,2,,,14,16,0,95,1
a41,3,2,3,infinity,3,,,15,17,0,100,1
a41,3,3,0,infinity,0,,,12,14,0,84,1
a41,3,3,1,infinity,1,,,13,15,0,89,1
a41,3,3,2,infinity,2,,,14,16,0,95,1
a41,3,3,3,infinity,3,,,15,17,0,100,1
a42,0,0,0,1,0,,,6,8,0,13,1
a42,0,0,1,1,1,,,7,9,0,13,1
a42,0,0,2,2,2,,,8,10,0,15,1
a42,0,0,3,3,3,,,9,11,0,16,1
a42,1,0,0,2,0,,,8,10,0,18,1
a42,1,0,1,2,1,,,9,11,0,18,1
a42,1,0,2,3,2,,,10,12,0,21,1
a42,1,0,3,4,3,,,11,13,0,22,1
a42,1,1,0,2,0,,,8,10,0,18,1
a42,1,1,1,2,1,,,9,11,0,18,1
a42,1,1,2,2,2,,,10,12,0,19,1
a42,1,1,3,3,3,,,11,13,0,21,1
a42,2,0,0,3,0,,,10,12,0,24,1
a42,2,0,1,3,1,,,11,13,0,24,1
a42,2,0,2,4,2,,,12,14,0,28,1
a42,2,0,3,5,3,,,13,15,0,29,1
a42,2,1,0,3,0,,,10,12,0,24,1
a42,2,1,1,3,1,,,11,13,0,24,1
a42,2,1,2,3,2,,,12,14,0,25,1
a42,2,1,3,4,3,,,13,15,0,28,1
a42,2,2,0,3,0,,,10,12,0,24,1
a42,2,2,1,3,1,,,11,13,0,24,1
a42,2,2,2,3,2,,,12,14,0,25,1
a42,2,2,3,3,3,,,13,15,0,26,1
a42,3,0,0,4,0,,,12,14,0,31,1
a42,3,0,1,4,1,,,13,15,0,31,1
a42,3,0,2,5,2,,,14,16,0,36,1
a42,3,0,3,6,3,,,15,17,0,37,1
a42,3,1,0,4,0,,,12,14,0,31,1
a42,3,1,1,4,1,,,13,15,0,31,1
a42,3,1,2,4,2,,,14,16,0,32,1
a42,3,1,3,5,3,,,15,17,0,36,1
a42,3,2,0,4,0,,,12,14,0,31,1
a42,3,2,1,4,1,,,13,15,0,31,1
a42,3,2,2,4,2,,,14,16,0,32,1
a42,3,2,3,4,3,,,15,17,0,33,1
a42,3,3,0,4,0,,,12,14,0,31,1
a42,3,3,1,4,1,,,13,15,0,31,1
a42,3,3,2,4,2,,,14,16,0,32,1
a42,3,3,3,4,3,,,15,17,0,33,1
a43,0,0,0,infinity,0,,,6,8,0,26,1
a43,0,0,1,infinity,1,,,7,9,0,28,1
a43,0,0,2,infinity,2,,,8,10,0,30,1
a43,0,0,3,infinity,3,,,9,11,0,32,1
a43,1,0,0,infinity,0,,,8,10,0,53,1
a43,1,0,1,infinity,1,,,9,11,0,54,1
a43,1,0,2,infinity,2,,,10,12,0,60,1
a43,1,0,3,infinity,3,,,11,13,0,64,1
a43,1,1,0,infinity,0,,,8,10,0,52,1
a43,1,1,1,infinity,1,,,9,11,0,55,1
a43,1,1,2,infinity,2,,,10,12,0,59,1
a43,1,1,3,infinity,3,,,11,13,0,64,1
a43,2,0,0,infinity,0,,,10,12,0,77,1
a43,2,0,1,infinity,1,,,11,13,0,78,1
a43,2,0,2,infinity,2,,,12,14,0,85,1
a43,2,0,3,infinity,3,,,13,15,0,90,1
a43,2,1,0,infinity,0,,,10,12,0,75,1
a43,2,1,1,infinity,1,,,11,13,0,80,1
a43,2,1,2,infinity,2,,,12,14,0,84,1
a43,2,1,3,infinity,3,,,13,15,0,90,1
a43,2,2,0,infinity,0,,,10,12,0,75,1
a43,2,2,1,infinity,1,,,11,13,0,78,1
a43,2,2,2,infinity,2,,,12,14,0,85,1
a43,2,2,3,infinity,3,,,13,15,0,90,1
a43,3,0,0,infinity,0,,,12,14,0,105,1
a43,3,0,1,infinity,1,,,13,15,0,106,1
a43,3,0,2,infinity,2,,,14,16,0,114,1
a43,3,0,3,infinity,3,,,15,17,0,120,1
a43,3,1,0,infinity,0,,,12,14,0,102,1
a43,3,1,1,infinity,1,,,13,15,0,109,1
a43,3,1,2,infinity,2,,,14,16,0,113,1
a43,3,1,3,infinity,3,,,15,17,0,120,1
a43,3,2,0,infinity,0,,,12,14,0,102,1
a43,3,2,1,infinity,1,,,13,15,0,106,1
a43,3,2,2,infinity,2,,,14,16,0,115,1
a43,3,2,3,infinity,3,,,15,17,0,120,1
a43,3,3,0,infinity,0,,,12,14,0,102,1
a43,3,3,1,infinity,1,,,13,15,0,106,1
a43,3,3,2,infinity,2,,,14,16,0,113,1
a43,3,3,3,infinity,3,,,15,17,0,121,1
a44,0,0,0,1,0,,,6,8,0,21,1
a44,0,0,1,1,1,,,7,9,0,22,1
a44,0,0,2,2,2,,,8,10,0,25,1
a44,0,0,3,3,3,,,9,11,0,27,1
a44,1,0,0,infinity,0,,,8,10,0,49,1
a44,1,0,1,infinity,1,,,9,11,0,42,1
a44,1,0,2,infinity,2,,,10,12,0,55,1
a44,1,0,3,infinity,3,,,11,13,0,48,1
a44,1,1,0,infinity,0,,,8,10,0,39,1
a44,1,1,1,infinity,1,,,9,11,0,42,1
a44,1,1,2,infinity,2,,,10,12,0,46,1
a44,1,1,3,infinity,3,,,11,13,0,49,1
a44,2,0,0,infinity,0,,,10,12,0,74,1
a44,2,0,1,infinity,1,,,11,13,0,76,1
a44,2,0,2,infinity,2,,,12,14,0,81,1
a44,2,0,3,infinity,3,,,13,15,0,86,1
a44,2,1,0,infinity,0,,,10,12,0,71,1
a44,2,1,1,infinity,1,,,11,13,0,76,1
a44,2,1,2,infinity,2,,,12,14,0,83,1
a44,2,1,3,infinity,3,,,13,15,0,88,1
a44,2,2,0,infinity,0,,,10,12,0,71,1
a44,2,2,1,infinity,1,,,11,13,0,76,1
a44,2,2,2,infinity,2,,,12,14,0,82,1
a44,2,2,3,infinity,3,,,13,15,0,86,1
a44,3,0,0,infinity,0,,,12,14,0,104,1
a44,3,0,1,infinity,1,,,13,15,0,106,1
a44,3,0,2,infinity,2,,,14,16,0,112,1
a44,3,0,3,infinity,3,,,15,17,0,118,1
a44,3,1,0,infinity,0,,,12,14,0,100,1
a44,3,1,1,infinity,1,,,13,15,0,106,1
a44,3,1,2,infinity,2,,,14,16,0,115,1
a44,3,1,3,infinity,3,,,15,17,0,121,1
a44,3,2,0,infinity,0,,,12,14,0,100,1
a44,3,2,1,infinity,1,,,13,15,0,106,1
a44,3,2,2,infinity,2,,,14,16,0,114,1
a44,3,2,3,infinity,3,,,15,17,0,118,1
a44,3,3,0,infinity,0,,,12,14,0,100,1
a44,3,3,1,infinity,1,,,13,15,0,106,1
a44,3,3,2,infinity,2,,,14,16,0,112,1
a44,3,3,3,infinity,3,,,15,17,0,118,1
a45,0,0,0,infinity,0,,,6,8,0,28,1
a45,0,0,1,infinity,1,,,7,9,0,30,1
a45,0,0,2,infinity,2,,,8,10,0,32,1
a45,0,0,3,infinity,3,,,9,11,0,34,1
a45,1,0,0,infinity,0,,,8,10,0,64,1
a45,1,0,1,infinity,1,,,9,11,0,68,1
a45,1,0,2,infinity,2,,,10,12,0,74,1
a45,1,0,3,infinity,3,,,11,13,0,80,1
a45,1,1,0,infinity,0,,,8,10,0,62,1
a45,1,1,1,infinity,1,,,9,11,0,69,1
a45,1,1,2,infinity,2,,,10,12,0,74,1
a45,1,1,3,infinity,3,,,11,13,0,80,1
a45,2,0,0,infinity,0,,,10,12,0,101,1
a45,2,0,1,infinity,1,,,11,13,0,106,1
a45,2,0,2,infinity,2,,,12,14,0,114,1
a45,2,0,3,infinity,3,,,13,15,0,122,1
a45,2,1,0,infinity,0,,,10,12,0,98,1
a45,2,1,1,infinity,1,,,11,13,0,108,1
a45,2,1,2,infinity,2,,,12,14,0,114,1
a45,2,1,3,infinity,3,,,13,15,0,122,1
a45,2,2,0,infinity,0,,,10,12,0,98,1
a45,2,2,1,infinity,1,,,11,13,0,106,1
a45,2,2,2,infinity,2,,,12,14,0,115,1
a45,2,2,3,infinity,3,,,13,15,0,122,1
a45,3,0,0,infinity,0,,,12,14,0,146,1
a45,3,0,1,infinity,1,,,13,15,0,152,1
a45,3,0,2,infinity,2,,,14,16,0,162,1
a45,3,0,3,infinity,3,,,15,17,0,172,1
a45,3,1,0,infinity,0,,,12,14,0,142,1
a45,3,1,1,infinity,1,,,13,15,0,155,1
a45,3,1,2,infinity,2,,,14,16,0,162,1
a45,3,1,3,infinity,3,,,15,17,0,172,1
a45,3,2,0,infinity,0,,,12,14,0,142,1
a45,3,2,1,infinity,1,,,13,15,0,152,1
a45,3,2,2,infinity,2,,,14,16,0,164,1
a45,3,2,3,infinity,3,,,15,17,0,172,1
a45,3,3,0,infinity,0,,,12,14,0,142,1
a45,3,3,1,infinity,1,,,13,15,0,152,1
a45,3,3,2,infinity,2,,,14,16,0,162,1
a45,3,3,3,infinity,3,,,15,17,0,173,1
a46,0,0,0,1,0,,,6,8,0,20,1
a46,0,0,1,1,1,,,7,9,0,20,1
a46,0,0,2,2,2,,,8,10,0,23,1
a46,0,0,3,3,3,,,9,11,0,25,1
a46,1,0,0,infinity,0,,,8,10,0,54,1
a46,1,0,1,infinity,1,,,9,11,0,44,1
a46,1,0,2,infinity,2,,,10,12,0,62,1
a46,1,0,3,infinity,3,,,11,13,0,51,1
a46,1,1,0,infinity,0,,,8,10,0,42,1
a46,1,1,1,infinity,1,,,9,11,0,44,1
a46,1,1,2,infinity,2,,,10,12,0,47,1
a46,1,1,3,infinity,3,,,11,13,0,52,1
a46,2,0,0,infinity,0,,,10,12,0,88,1
a46,2,0,1,infinity,1,,,11,13,0,88,1
a46,2,0,2,infinity,2,,,12,14,0,100,1
a46,2,0,3,infinity,3,,,13,15,0,102,1
a46,2,1,0,infinity,0,,,10,12,0,88,1
a46,2,1,1,infinity,1,,,11,13,0,88,1
a46,2,1,2,infinity,2,,,12,14,0,95,1
a46,2,1,3,infinity,3,,,13,15,0,105,1
a46,2,2,0,infinity,0,,,10,12,0,83,1
a46,2,2,1,infinity,1,,,11,13,0,88,1
a46,2,2,2,infinity,2,,,12,14,0,95,1
a46,2,2,3,infinity,3,,,13,15,0,102,1
a46,3,0,0,infinity,0,,,12,14,0,130,1
a46,3,0,1,infinity,1,,,13,15,0,130,1
a46,3,0,2,infinity,2,,,14,16,0,146,1
a46,3,0,3,infinity,3,,,15,17,0,148,1
a46,3,1,0,infinity,0,,,12,14,0,130,1
a46,3,1,1,infinity,1,,,13,15,0,130,1
a46,3,1,2,infinity,2,,,14,16,0,139,1
a46,3,1,3,infinity,3,,,15,17,0,153,1
a46,3,2,0,infinity,0,,,12,14,0,130,1
a46,3,2,1,infinity,1,,,13,15,0,130,1
a46,3,2,2,infinity,2,,,14,16,0,139,1
a46,3,2,3,infinity,3,,,15,17,0,148,1
a46,3,3,0,infinity,0,,,12,14,0,123,1
a46,3,3,1,infinity,1,,,13,15,0,130,1
a46,3,3,2,infinity,2,,,14,16,0,139,1
a46,3,3,3,infinity,3,,,15,17,0,148,1
a47,0,0,0,infinity,1,,,6,8,0,27,1
a47,0,0,1,infinity,2,,,7,9,0,28,1
a47,0,0,2,infinity,3,,,8,10,0,30,1
a47,0,0,3,infinity,4,,,9,11,0,32,1
a47,1,0,0,infinity,1,,,8,10,0,62,1
a47,1,0,1,infinity,2,,,9,11,0,62,1
a47,1,0,2,infinity,3,,,10,12,0,70,1
a47,1,0,3,infinity,4,,,11,13,0,74,1
a47,1,1,0,infinity,1,,,8,10,0,61,1
a47,1,1,1,infinity,2,,,9,11,0,63,1
a47,1,1,2,infinity,3,,,10,12,0,68,1
a47,1,1,3,infinity,4,,,11,13,0,74,1
a47,2,0,0,infinity,1,,,10,12,0,98,1
a47,2,0,1,infinity,2,,,11,13,0,98,1
a47,2,0,2,infinity,3,,,12,14,0,108,1
a47,2,0,3,infinity,4,,,13,15,0,114,1
a47,2,1,0,infinity,1,,,10,12,0,95,1
a47,2,1,1,infinity,2,,,11,13,0,101,1
a47,2,1,2,infinity,3,,,12,14,0,106,1
a47,2,1,3,infinity,4,,,13,15,0,114,1
a47,2,2,0,infinity,1,,,10,12,0,95,1
a47,2,2,1,infinity,2,,,11,13,0,98,1
a47,2,2,2,infinity,3,,,12,14,0,107,1
a47,2,2,3,infinity,4,,,13,15,0,114,1
a47,3,0,0,infinity,1,,,12,14,0,142,1
a47,3,0,1,infinity,2,,,13,15,0,142,1
a47,3,0,2,infinity,3,,,14,16,0,154,1
a47,3,0,3,infinity,4,,,15,17,0,162,1
a47,3,1,0,infinity,1,,,12,14,0,137,1
a47,3,1,1,infinity,2,,,13,15,0,147,1
a47,3,1,2,infinity,3,,,14,16,0,152,1
a47,3,1,3,infinity,4,,,15,17,0,162,1
a47,3,2,0,infinity,1,,,12,14,0,137,1
a47,3,2,1,infinity,2,,,13,15,0,142,1
a47,3,2,2,infinity,3,,,14,16,0,155,1
a47,3,2,3,infinity,4,,,15,17,0,162,1
a47,3,3,0,infinity,1,,,12,14,0,137,1
a47,3,3,1,infinity,2,,,13,15,0,142,1
a47,3,3,2,infinity,3,,,14,16,0,152,1
a47,3,3,3,infinity,4,,,15,17,0,163,1
a48,0,0,0,0,0,,,6,8,0,20,1
a48,0,0,1,1,1,,,7,9,0,23,1
a48,0,0,2,2,2,,,8,10,0,25,1
a48,0,0,3,3,3,,,9,11,0,27,1
a48,1,0,0,1,0,,,8,10,0,28,1
a48,1,0,1,1,1,,,9,11,0,31,1
a48,1,0,2,2,2,,,10,12,0,33,1
a48,1,0,3,3,3,,,11,13,0,35,1
a48,1,1,0,1,0,,,8,10,0,28,1
a48,1,1,1,1,1,,,9,11,0,30,1
a48,1,1,2,2,2,,,10,12,0,33,1
a48,1,1,3,3,3,,,11,13,0,35,1
a48,2,0,0,2,0,,,10,12,0,38,1
a48,2,0,1,2,1,,,11,13,0,41,1
a48,2,0,2,2,2,,,12,14,0,43,1
a48,2,0,3,3,3,,,13,15,0,45,1
a48,2,1,0,2,0,,,10,12,0,38,1
a48,2,1,1,2,1,,,11,13,0,40,1
a48,2,1,2,2,2,,,12,14,0,43,1
a48,2,1,3,3,3,,,13,15,0,45,1
a48,2,2,0,2,0,,,10,12,0,38,1
a48,2,2,1,2,1,,,11,13,0,40,1
a48,2,2,2,2,2,,,12,14,0,42,1
a48,2,2,3,3,3,,,13,15,0,45,1
a48,3,0,0,3,0,,,12,14,0,50,1
a48,3,0,1,3,1,,,13,15,0,53,1
a48,3,0,2,3,2,,,14,16,0,55,1
a48,3,0,3,3,3,,,15,17,0,57,1
a48,3,1,0,3,0,,,12,14,0,50,1
a48,3,1,1,3,1,,,13,15,0,52,1
a48,3,1,2,3,2,,,14,16,0,55,1
a48,3,1,3,3,3,,,15,17,0,57,1
a48,3,2,0,3,0,,,12,14,0,50,1
a48,3,2,1,3,1,,,13,15,0,52,1
a48,3,2,2,3,2,,,14,16,0,54,1
a48,3,2,3,3,3,,,15,17,0,57,1
a48,3,3,0,3,0,,,12,14,0,50,1
a48,3,3,1,3,1,,,13,15,0,52,1
a48,3,3,2,3,2,,,14,16,0,54,1
a48,3,3,3,3,3,,,15,17,0,56,1
a49,0,0,0,1,0,,,6,8,0,20,1
a49,0,0,1,2,1,,,7,9,0,24,1
a49,0,0,2,3,2,,,8,10,0,26,1
a49,0,0,3,4,3,,,9,11,0,28,1
a49,1,0,0,infinity,0,,,8,10,0,42,1
a49,1,0,1,infinity,1,,,9,11,0,60,1
a49,1,0,2,infinity,2,,,10,12,0,50,1
a49,1,0,3,infinity,3,,,11,13,0,67,1
a49,1,1,0,infinity,0,,,8,10,0,42,1
a49,1,1,1,infinity,1,,,9,11,0,60,1
a49,1,1,2,infinity,2,,,10,12,0,49,1
a49,1,1,3,infinity,3,,,11,13,0,67,1
a49,2,0,0,infinity,0,,,10,12,0,88,1
a49,2,0,1,infinity,1,,,11,13,0,96,1
a49,2,0,2,infinity,2,,,12,14,0,103,1
a49,2,0,3,infinity,3,,,13,15,0,110,1
a49,2,1,0,infinity,0,,,10,12,0,88,1
a49,2,1,1,infinity,1,,,11,13,0,96,1
a49,2,1,2,infinity,2,,,12,14,0,102,1
a49,2,1,3,infinity,3,,,13,15,0,109,1
a49,2,2,0,infinity,0,,,10,12,0,88,1
a49,2,2,1,infinity,1,,,11,13,0,95,1
a49,2,2,2,infinity,2,,,12,14,0,103,1
a49,2,2,3,infinity,3,,,13,15,0,109,1
a49,3,0,0,infinity,0,,,12,14,0,130,1
a49,3,0,1,infinity,1,,,13,15,0,140,1
a49,3,0,2,infinity,2,,,14,16,0,149,1
a49,3,0,3,infinity,3,,,15,17,0,158,1
a49,3,1,0,infinity,0,,,12,14,0,130,1
a49,3,1,1,infinity,1,,,13,15,0,140,1
a49,3,1,2,infinity,2,,,14,16,0,148,1
a49,3,1,3,infinity,3,,,15,17,0,157,1
a49,3,2,0,infinity,0,,,12,14,0,130,1
a49,3,2,1,infinity,1,,,13,15,0,139,1
a49,3,2,2,infinity,2,,,14,16,0,149,1
a49,3,2,3,infinity,3,,,15,17,0,157,1
a49,3,3,0,infinity,0,,,12,14,0,130,1
a49,3,3,1,infinity,1,,,13,15,0,139,1
a49,3,3,2,infinity,2,,,14,16,0,148,1
a49,3,3,3,infinity,3,,,15,17,0,158,1
a50,0,0,0,0,0,,,6,8,0,20,1
a50,0,0,1,1,1,,,7,9,0,23,1
a50,0,0,2,2,2,,,8,10,0,25,1
a50,0,0,3,3,3,,,9,11,0,27,1
a50,1,0,0,1,1,,,8,10,0,27,1
a50,1,0,1,2,1,,,9,11,0,31,1
a50,1,0,2,3,2,,,10,12,0,33,1
a50,1,0,3,4,3,,,11,13,0,35,1
a50,1,1,0,1,0,,,8,10,0,28,1
a50,1,1,1,1,1,,,9,11,0,29,1
a50,1,1,2,2,2,,,10,12,0,32,1
a50,1,1,3,3,3,,,11,13,0,34,1
a50,2,0,0,2,1,,,10,12,0,36,1
a50,2,0,1,3,1,,,11,13,0,41,1
a50,2,0,2,4,2,,,12,14,0,43,1
a50,2,0,3,5,3,,,13,15,0,45,1
a50,2,1,0,2,1,,,10,12,0,37,1
a50,2,1,1,2,1,,,11,13,0,38,1
a50,2,1,2,3,2,,,12,14,0,42,1
a50,2,1,3,4,3,,,13,15,0,44,1
a50,2,2,0,2,0,,,10,12,0,37,1
a50,2,2,1,2,1,,,11,13,0,38,1
a50,2,2,2,2,2,,,12,14,0,40,1
a50,2,2,3,3,3,,,13,15,0,43,1
a50,3,0,0,3,1,,,12,14,0,47,1
a50,3,0,1,4,1,,,13,15,0,53,1
a50,3,0,2,5,2,,,14,16,0,55,1
a50,3,0,3,6,3,,,15,17,0,57,1
a50,3,1,0,3,1,,,12,14,0,48,1
a50,3,1,1,3,1,,,13,15,0,49,1
a50,3,1,2,4,2,,,14,16,0,54,1
a50,3,1,3,5,3,,,15,17,0,56,1
a50,3,2,0,3,1,,,12,14,0,48,1
a50,3,2,1,3,1,,,13,15,0,49,1
a50,3,2,2,3,2,,,14,16,0,51,1
a50,3,2,3,4,3,,,15,17,0,55,1
a50,3,3,0,3,0,,,12,14,0,48,1
a50,3,3,1,3,1,,,13,15,0,49,1
a50,3,3,2,3,2,,,14,16,0,51,1
a50,3,3,3,3,3,,,15,17,0,53,1
a51,0,0,0,1,0,,,6,8,0,20,1
a51,0,0,1,2,1,,,7,9,0,24,1
a51,0,0,2,3,2,,,8,10,0,26,1
a51,0,0,3,4,3,,,9,11,0,28,1
a51,1,0,0,infinity,1,,,8,10,0,54,1
a51,1,0,1,infinity,1,,,9,11,0,60,1
a51,1,0,2,infinity,2,,,10,12,0,65,1
a51,1,0,3,infinity,3,,,11,13,0,70,1
a51,1,1,0,infinity,0,,,8,10,0,55,1
a51,1,1,1,infinity,1,,,9,11,0,59,1
a51,1,1,2,infinity,2,,,10,12,0,64,1
a51,1,1,3,infinity,3,,,11,13,0,69,1
a51,2,0,0,infinity,1,,,10,12,0,88,1
a51,2,0,1,infinity,1,,,11,13,0,96,1
a51,2,0,2,infinity,2,,,12,14,0,103,1
a51,2,0,3,infinity,3,,,13,15,0,110,1
a51,2,1,0,infinity,1,,,10,12,0,89,1
a51,2,1,1,infinity,1,,,11,13,0,95,1
a51,2,1,2,infinity,2,,,12,14,0,102,1
a51,2,1,3,infinity,3,,,13,15,0,109,1
a51,2,2,0,infinity,0,,,10,12,0,89,1
a51,2,2,1,infinity,1,,,11,13,0,95,1
a51,2,2,2,infinity,2,,,12,14,0,102,1
a51,2,2,3,infinity,3,,,13,15,0,109,1
a51,3,0,0,infinity,1,,,12,14,0,130,1
a51,3,0,1,infinity,1,,,13,15,0,140,1
a51,3,0,2,infinity,2,,,14,16,0,149,1
a51,3,0,3,infinity,3,,,15,17,0,158,1
a51,3,1,0,infinity,1,,,12,14,0,131,1
a51,3,1,1,infinity,1,,,13,15,0,139,1
a51,3,1,2,infinity,2,,,14,16,0,148,1
a51,3,1,3,infinity,3,,,15,17,0,157,1
a51,3,2,0,infinity,1,,,12,14,0,131,1
a51,3,2,1,infinity,1,,,13,15,0,139,1
a51,3,2,2,infinity,2,,,14,16,0,148,1
a51,3,2,3,infinity,3,,,15,17,0,157,1
a51,3,3,0,infinity,0,,,12,14,0,131,1
a51,3,3,1,infinity,1,,,13,15,0,139,1
a51,3,3,2,infinity,2,,,14,16,0,148,1
a51,3,3,3,infinity,3,,,15,17,0,157,1
a52,0,0,0,0,0,,,6,8,0,20,1
a52,0,0,1,1,1,,,7,9,0,23,1
a52,0,0,2,2,2,,,8,10,0,25,1
a52,0,0,3,3,3,,,9,11,0,27,1
a52,1,0,0,1,0,,,8,10,0,27,1
a52,1,0,1,2,1,,,9,11,0,31,1
a52,1,0,2,3,2,,,10,12,0,33,1
a52,1,0,3,4,3,,,11,13,0,35,1
a52,1,1,0,1,0,,,8,10,0,27,1
a52,1,1,1,1,1,,,9,11,0,29,1
a52,1,1,2,2,2,,,10,12,0,32,1
a52,1,1,3,3,3,,,11,13,0,34,1
a52,2,0,0,2,0,,,10,12,0,35,1
a52,2,0,1,3,1,,,11,13,0,41,1
a52,2,0,2,4,2,,,12,14,0,43,1
a52,2,0,3,5,3,,,13,15,0,45,1
a52,2,1,0,2,0,,,10,12,0,35,1
a52,2,1,1,2,1,,,11,13,0,37,1
a52,2,1,2,3,2,,,12,14,0,41,1
a52,2,1,3,4,3,,,13,15,0,43,1
a52,2,2,0,2,0,,,10,12,0,35,1
a52,2,2,1,2,1,,,11,13,0,38,1
a52,2,2,2,2,2,,,12,14,0,39,1
a52,2,2,3,3,3,,,13,15,0,42,1
a52,3,0,0,3,0,,,12,14,0,45,1
a52,3,0,1,4,1,,,13,15,0,53,1
a52,3,0,2,5,2,,,14,16,0,55,1
a52,3,0,3,6,3,,,15,17,0,57,1
a52,3,1,0,3,0,,,12,14,0,45,1
a52,3,1,1,3,1,,,13,15,0,47,1
a52,3,1,2,4,2,,,14,16,0,53,1
a52,3,1,3,5,3,,,15,17,0,55,1
a52,3,2,0,3,0,,,12,14,0,45,1
a52,3,2,1,3,1,,,13,15,0,48,1
a52,3,2,2,3,2,,,14,16,0,49,1
a52,3,2,3,4,3,,,15,17,0,53,1
a52,3,3,0,3,0,,,12,14,0,45,1
a52,3,3,1,3,1,,,13,15,0,48,1
a52,3,3,2,3,2,,,14,16,0,49,1
a52,3,3,3,3,3,,,15,17,0,51,1
a53,0,0,0,1,0,,,6,8,0,18,1
a53,0,0,1,2,1,,,7,9,0,22,1
a53,0,0,2,3,2,,,8,10,0,24,1
a53,0,0,3,4,3,,,9,11,0,26,1
a53,1,0,0,infinity,0,,,8,10,0,40,1
a53,1,0,1,infinity,1,,,9,11,0,58,1
a53,1,0,2,infinity,2,,,10,12,0,49,1
a53,1,0,3,infinity,3,,,11,13,0,65,1
a53,1,1,0,infinity,0,,,8,10,0,40,1
a53,1,1,1,infinity,1,,,9,11,0,58,1
a53,1,1,2,infinity,2,,,10,12,0,47,1
a53,1,1,3,infinity,3,,,11,13,0,65,1
a53,2,0,0,infinity,0,,,10,12,0,81,1
a53,2,0,1,infinity,1,,,11,13,0,94,1
a53,2,0,2,infinity,2,,,12,14,0,99,1
a53,2,0,3,infinity,3,,,13,15,0,103,1
a53,2,1,0,infinity,0,,,10,12,0,81,1
a53,2,1,1,infinity,1,,,11,13,0,94,1
a53,2,1,2,infinity,2,,,12,14,0,95,1
a53,2,1,3,infinity,3,,,13,15,0,104,1
a53,2,2,0,infinity,0,,,10,12,0,81,1
a53,2,2,1,infinity,1,,,11,13,0,94,1
a53,2,2,2,infinity,2,,,12,14,0,95,1
a53,2,2,3,infinity,3,,,13,15,0,102,1
a53,3,0,0,infinity,0,,,12,14,0,121,1
a53,3,0,1,infinity,1,,,13,15,0,138,1
a53,3,0,2,infinity,2,,,14,16,0,145,1
a53,3,0,3,infinity,3,,,15,17,0,149,1
a53,3,1,0,infinity,0,,,12,14,0,121,1
a53,3,1,1,infinity,1,,,13,15,0,138,1
a53,3,1,2,infinity,2,,,14,16,0,139,1
a53,3,1,3,infinity,3,,,15,17,0,152,1
a53,3,2,0,infinity,0,,,12,14,0,121,1
a53,3,2,1,infinity,1,,,13,15,0,138,1
a53,3,2,2,infinity,2,,,14,16,0,139,1
a53,3,2,3,infinity,3,,,15,17,0,148,1
a53,3,3,0,infinity,0,,,12,14,0,121,1
a53,3,3,1,infinity,1,,,13,15,0,138,1
a53,3,3,2,infinity,2,,,14,16,0,139,1
a53,3,3,3,infinity,3,,,15,17,0,148,1
a54,0,0,0,0,1,0,0,6,8,1,20,1
a54,0,0,1,1,1,,,7,9,0,23,1
a54,0,0,2,2,2,,,8,10,0,25,1
a54,0,0,3,3,3,,,9,11,0,27,1
a54,1,0,0,1,2,1,1,8,10,1,26,1
a54,1,0,1,2,2,,,9,11,0,31,1
a54,1,0,2,3,2,,,10,12,0,33,1
a54,1,0,3,4,3,,,11,13,0,35,1
a54,1,1,0,1,1,,,8,10,0,27,1
a54,1,1,1,1,2,1,1,9,11,1,28,1
a54,1,1,2,2,2,,,10,12,0,31,1
a54,1,1,3,3,3,,,11,13,0,33,1
a54,2,0,0,2,3,2,2,10,12,1,32,1
a54,2,0,1,3,3,,,11,13,0,39,1
a54,2,0,2,4,3,,,12,14,0,41,1
a54,2,0,3,5,3,,,13,15,0,43,1
a54,2,1,0,2,2,,,10,12,0,35,1
a54,2,1,1,2,3,2,2,11,13,1,34,1
a54,2,1,2,3,3,,,12,14,0,39,1
a54,2,1,3,4,3,,,13,15,0,41,1
a54,2,2,0,2,1,,,10,12,0,33,1
a54,2,2,1,2,2,,,11,13,0,35,1
a54,2,2,2,2,3,2,2,12,14,1,36,1
a54,2,2,3,3,3,,,13,15,0,39,1
a54,3,0,0,3,4,3,3,12,14,1,38,1
a54,3,0,1,4,4,,,13,15,0,47,1
a54,3,0,2,5,4,,,14,16,0,49,1
a54,3,0,3,6,4,,,15,17,0,51,1
a54,3,1,0,3,3,,,12,14,0,43,1
a54,3,1,1,3,4,3,3,13,15,1,40,1
a54,3,1,2,4,4,,,14,16,0,47,1
a54,3,1,3,5,4,,,15,17,0,49,1
a54,3,2,0,3,2,,,12,14,0,41,1
a54,3,2,1,3,3,,,13,15,0,43,1
a54,3,2,2,3,4,3,3,14,16,1,42,1
a54,3,2,3,4,4,,,15,17,0,47,1
a54,3,3,0,3,1,,,12,14,0,39,1
a54,3,3,1,3,2,,,13,15,0,41,1
a54,3,3,2,3,3,,,14,16,0,43,1
a54,3,3,3,3,4,3,3,15,17,1,44,1
a55,0,0,0,1,1,,,6,8,0,19,1
a55,0,0,1,2,2,,,7,9,0,23,1
a55,0,0,2,3,3,,,8,10,0,25,1
a55,0,0,3,4,4,,,9,11,0,27,1
a55,1,0,0,infinity,2,,,8,10,0,53,1
a55,1,0,1,infinity,2,,,9,11,0,59,1
a55,1,0,2,infinity,3,,,10,12,0,64,1
a55,1,0,3,infinity,4,,,11,13,0,69,1
a55,1,1,0,infinity,1,,,8,10,0,54,1
a55,1,1,1,infinity,2,,,9,11,0,58,1
a55,1,1,2,infinity,3,,,10,12,0,63,1
a55,1,1,3,infinity,4,,,11,13,0,68,1
a55,2,0,0,infinity,3,,,10,12,0,85,1
a55,2,0,1,infinity,3,,,11,13,0,93,1
a55,2,0,2,infinity,3,,,12,14,0,100,1
a55,2,0,3,infinity,4,,,13,15,0,107,1
a55,2,1,0,infinity,2,,,10,12,0,88,1
a55,2,1,1,infinity,3,,,11,13,0,92,1
a55,2,1,2,infinity,3,,,12,14,0,99,1
a55,2,1,3,infinity,4,,,13,15,0,106,1
a55,2,2,0,infinity,1,,,10,12,0,86,1
a55,2,2,1,infinity,2,,,11,13,0,93,1
a55,2,2,2,infinity,3,,,12,14,0,99,1
a55,2,2,3,infinity,4,,,13,15,0,106,1
a55,3,0,0,infinity,4,,,12,14,0,123,1
a55,3,0,1,infinity,4,,,13,15,0,133,1
a55,3,0,2,infinity,4,,,14,16,0,142,1
a55,3,0,3,infinity,4,,,15,17,0,151,1
a55,3,1,0,infinity,3,,,12,14,0,128,1
a55,3,1,1,infinity,4,,,13,15,0,132,1
a55,3,1,2,infinity,4,,,14,16,0,141,1
a55,3,1,3,infinity,4,,,15,17,0,150,1
a55,3,2,0,infinity,2,,,12,14,0,126,1
a55,3,2,1,infinity,3,,,13,15,0,135,1
a55,3,2,2,infinity,4,,,14,16,0,141,1
a55,3,2,3,infinity,4,,,15,17,0,150,1
a55,3,3,0,infinity,1,,,12,14,0,124,1
a55,3,3,1,infinity,2,,,13,15,0,133,1
a55,3,3,2,infinity,3,,,14,16,0,142,1
a55,3,3,3,infinity,4,,,15,17,0,150,1
a56,0,0,0,1,0,,,6,8,0,21,1
a56,0,0,1,1,1,,,7,9,0,22,1
a56,0,0,2,2,2,,,8,10,0,25,1
a56,0,0,3,3,3,,,9,11,0,27,1
a56,1,0,0,2,0,,,8,10,0,30,1
a56,1,0,1,2,1,,,9,11,0,31,1
a56,1,0,2,2,2,,,10,12,0,33,1
a56,1,0,3,3,3,,,11,13,0,36,1
a56,1,1,0,2,0,,,8,10,0,29,1
a56,1,1,1,2,1,,,9,11,0,31,1
a56,1,1,2,2,2,,,10,12,0,34,1
a56,1,1,3,3,3,,,11,13,0,36,1
a56,2,0,0,3,0,,,10,12,0,41,1
a56,2,0,1,3,1,,,11,13,0,42,1
a56,2,0,2,3,2,,,12,14,0,44,1
a56,2,0,3,3,3,,,13,15,0,46,1
a56,2,1,0,3,0,,,10,12,0,40,1
a56,2,1,1,3,1,,,11,13,0,42,1
a56,2,1,2,3,2,,,12,14,0,45,1
a56,2,1,3,3,3,,,13,15,0,47,1
a56,2,2,0,3,0,,,10,12,0,40,1
a56,2,2,1,3,1,,,11,13,0,42,1
a56,2,2,2,3,2,,,12,14,0,44,1
a56,2,2,3,3,3,,,13,15,0,47,1
a56,3,0,0,4,0,,,12,14,0,54,1
a56,3,0,1,4,1,,,13,15,0,55,1
a56,3,0,2,4,2,,,14,16,0,57,1
a56,3,0,3,4,3,,,15,17,0,59,1
a56,3,1,0,4,0,,,12,14,0,53,1
a56,3,1,1,4,1,,,13,15,0,55,1
a56,3,1,2,4,2,,,14,16,0,58,1
a56,3,1,3,4,3,,,15,17,0,60,1
a56,3,2,0,4,0,,,12,14,0,53,1
a56,3,2,1,4,1,,,13,15,0,55,1
a56,3,2,2,4,2,,,14,16,0,57,1
a56,3,2,3,4,3,,,15,17,0,60,1
a56,3,3,0,4,0,,,12,14,0,53,1
a56,3,3,1,4,1,,,13,15,0,55,1
a56,3,3,2,4,2,,,14,16,0,57,1
a56,3,3,3,4,3,,,15,17,0,59,1
a57,0,0,0,infinity,0,,,6,8,0,28,1
a57,0,0,1,infinity,1,,,7,9,0,30,1
a57,0,0,2,infinity,2,,,8,10,0,32,1
a57,0,0,3,infinity,3,,,9,11,0,34,1
a57,1,0,0,infinity,0,,,8,10,0,63,1
a57,1,0,1,infinity,1,,,9,11,0,68,1
a57,1,0,2,infinity,2,,,10,12,0,74,1
a57,1,0,3,infinity,3,,,11,13,0,80,1
a57,1,1,0,infinity,0,,,8,10,0,62,1
a57,1,1,1,infinity,1,,,9,11,0,69,1
a57,1,1,2,infinity,2,,,10,12,0,74,1
a57,1,1,3,infinity,3,,,11,13,0,80,1
a57,2,0,0,infinity,0,,,10,12,0,99,1
a57,2,0,1,infinity,1,,,11,13,0,106,1
a57,2,0,2,infinity,2,,,12,14,0,114,1
a57,2,0,3,infinity,3,,,13,15,0,122,1
a57,2,1,0,infinity,0,,,10,12,0,98,1
a57,2,1,1,infinity,1,,,11,13,0,107,1
a57,2,1,2,infinity,2,,,12,14,0,114,1
a57,2,1,3,infinity,3,,,13,15,0,122,1
a57,2,2,0,infinity,0,,,10,12,0,98,1
a57,2,2,1,infinity,1,,,11,13,0,106,1
a57,2,2,2,infinity,2,,,12,14,0,115,1
a57,2,2,3,infinity,3,,,13,15,0,122,1
a57,3,0,0,infinity,0,,,12,14,0,143,1
a57,3,0,1,infinity,1,,,13,15,0,152,1
a57,3,0,2,infinity,2,,,14,16,0,162,1
a57,3,0,3,infinity,3,,,15,17,0,172,1
a57,3,1,0,infinity,0,,,12,14,0,142,1
a57,3,1,1,infinity,1,,,13,15,0,153,1
a57,3,1,2,infinity,2,,,14,16,0,162,1
a57,3,1,3,infinity,3,,,15,17,0,172,1
a57,3,2,0,infinity,0,,,12,14,0,142,1
a57,3,2,1,infinity,1,,,13,15,0,152,1
a57,3,2,2,infinity,2,,,14,16,0,163,1
a57,3,2,3,infinity,3,,,15,17,0,172,1
a57,3,3,0,infinity,0,,,12,14,0,142,1
a57,3,3,1,infinity,1,,,13,15,0,152,1
a57,3,3,2,infinity,2,,,14,16,0,162,1
a57,3,3,3,infinity,3,,,15,17,0,173,1
a58,0,0,0,1,1,,,6,8,0,20,1
a58,0,0,1,1,1,,,7,9,0,21,1
a58,0,0,2,2,2,,,8,10,0,24,1
a58,0,0,3,3,3,,,9,11,0,26,1
a58,1,0,0,3,1,,,8,10,0,30,1
a58,1,0,1,3,1,,,9,11,0,31,1
a58,1,0,2,3,2,,,10,12,0,33,1
a58,1,0,3,4,3,,,11,13,0,37,1
a58,1,1,0,3,1,,,8,10,0,30,1
a58,1,1,1,3,1,,,9,11,0,31,1
a58,1,1,2,3,2,,,10,12,0,33,1
a58,1,1,3,3,3,,,11,13,0,35,1
a58,2,0,0,5,1,,,10,12,0,44,1
a58,2,0,1,5,1,,,11,13,0,45,1
a58,2,0,2,5,2,,,12,14,0,47,1
a58,2,0,3,5,3,,,13,15,0,49,1
a58,2,1,0,5,1,,,10,12,0,44,1
a58,2,1,1,5,1,,,11,13,0,45,1
a58,2,1,2,5,2,,,12,14,0,47,1
a58,2,1,3,5,3,,,13,15,0,49,1
a58,2,2,0,5,1,,,10,12,0,44,1
a58,2,2,1,5,1,,,11,13,0,45,1
a58,2,2,2,5,2,,,12,14,0,47,1
a58,2,2,3,5,3,,,13,15,0,49,1
a58,3,0,0,7,1,,,12,14,0,62,1
a58,3,0,1,7,1,,,13,15,0,63,1
a58,3,0,2,7,2,,,14,16,0,65,1
a58,3,0,3,7,3,,,15,17,0,67,1
a58,3,1,0,7,1,,,12,14,0,62,1
a58,3,1,1,7,1,,,13,15,0,63,1
a58,3,1,2,7,2,,,14,16,0,65,1
a58,3,1,3,7,3,,,15,17,0,67,1
a58,3,2,0,7,1,,,12,14,0,62,1
a58,3,2,1,7,1,,,13,15,0,63,1
a58,3,2,2,7,2,,,14,16,0,65,1
a58,3,2,3,7,3,,,15,17,0,67,1
a58,3,3,0,7,1,,,12,14,0,62,1
a58,3,3,1,7,1,,,13,15,0,63,1
a58,3,3,2,7,2,,,14,16,0,65,1
a58,3,3,3,7,3,,,15,17,0,67,1
a59,0,0,0,infinity,1,,,6,8,0,27,1
a59,0,0,1,infinity,1,,,7,9,0,29,1
a59,0,0,2,infinity,2,,,8,10,0,31,1
a59,0,0,3,infinity,3,,,9,11,0,33,1
a59,1,0,0,infinity,1,,,8,10,0,62,1
a59,1,0,1,infinity,1,,,9,11,0,63,1
a59,1,0,2,infinity,2,,,10,12,0,70,1
a59,1,0,3,infinity,3,,,11,13,0,75,1
a59,1,1,0,infinity,1,,,8,10,0,61,1
a59,1,1,1,infinity,1,,,9,11,0,64,1
a59,1,1,2,infinity,2,,,10,12,0,69,1
a59,1,1,3,infinity,3,,,11,13,0,75,1
a59,2,0,0,infinity,1,,,10,12,0,98,1
a59,2,0,1,infinity,1,,,11,13,0,100,1
a59,2,0,2,infinity,2,,,12,14,0,108,1
a59,2,0,3,infinity,3,,,13,15,0,116,1
a59,2,1,0,infinity,1,,,10,12,0,96,1
a59,2,1,1,infinity,1,,,11,13,0,102,1
a59,2,1,2,infinity,2,,,12,14,0,108,1
a59,2,1,3,infinity,3,,,13,15,0,116,1
a59,2,2,0,infinity,1,,,10,12,0,96,1
a59,2,2,1,infinity,1,,,11,13,0,100,1
a59,2,2,2,infinity,2,,,12,14,0,109,1
a59,2,2,3,infinity,3,,,13,15,0,116,1
a59,3,0,0,infinity,1,,,12,14,0,142,1
a59,3,0,1,infinity,1,,,13,15,0,144,1
a59,3,0,2,infinity,2,,,14,16,0,154,1
a59,3,0,3,infinity,3,,,15,17,0,164,1
a59,3,1,0,infinity,1,,,12,14,0,139,1
a59,3,1,1,infinity,1,,,13,15,0,147,1
a59,3,1,2,infinity,2,,,14,16,0,154,1
a59,3,1,3,infinity,3,,,15,17,0,164,1
a59,3,2,0,infinity,1,,,12,14,0,139,1
a59,3,2,1,infinity,1,,,13,15,0,144,1
a59,3,2,2,infinity,2,,,14,16,0,156,1
a59,3,2,3,infinity,3,,,15,17,0,164,1
a59,3,3,0,infinity,1,,,12,14,0,139,1
a59,3,3,1,infinity,1,,,13,15,0,144,1
a59,3,3,2,infinity,2,,,14,16,0,154,1
a59,3,3,3,infinity,3,,,15,17,0,165,1
a60,0,0,0,1,0,,,6,8,0,21,1
a60,0,0,1,1,1,,,7,9,0,22,1
a60,0,0,2,2,2,,,8,10,0,25,1
a60,0,0,3,3,3,,,9,11,0,27,1
a60,1,0,0,infinity,0,,,8,10,0,48,1
a60,1,0,1,infinity,1,,,9,11,0,51,1
a60,1,0,2,infinity,2,,,10,12,0,55,1
a60,1,0,3,infinity,3,,,11,13,0,59,1
a60,1,1,0,infinity,0,,,8,10,0,47,1
a60,1,1,1,infinity,1,,,9,11,0,51,1
a60,1,1,2,infinity,2,,,10,12,0,56,1
a60,1,1,3,infinity,3,,,11,13,0,60,1
a60,2,0,0,infinity,0,,,10,12,0,80,1
a60,2,0,1,infinity,1,,,11,13,0,85,1
a60,2,0,2,infinity,2,,,12,14,0,91,1
a60,2,0,3,infinity,3,,,13,15,0,97,1
a60,2,1,0,infinity,0,,,10,12,0,79,1
a60,2,1,1,infinity,1,,,11,13,0,85,1
a60,2,1,2,infinity,2,,,12,14,0,92,1
a60,2,1,3,infinity,3,,,13,15,0,98,1
a60,2,2,0,infinity,0,,,10,12,0,79,1
a60,2,2,1,infinity,1,,,11,13,0,86,1
a60,2,2,2,infinity,2,,,12,14,0,91,1
a60,2,2,3,infinity,3,,,13,15,0,97,1
a60,3,0,0,infinity,0,,,12,14,0,120,1
a60,3,0,1,infinity,1,,,13,15,0,127,1
a60,3,0,2,infinity,2,,,14,16,0,135,1
a60,3,0,3,infinity,3,,,15,17,0,143,1
a60,3,1,0,infinity,0,,,12,14,0,119,1
a60,3,1,1,infinity,1,,,13,15,0,127,1
a60,3,1,2,infinity,2,,,14,16,0,136,1
a60,3,1,3,infinity,3,,,15,17,0,144,1
a60,3,2,0,infinity,0,,,12,14,0,119,1
a60,3,2,1,infinity,1,,,13,15,0,128,1
a60,3,2,2,infinity,2,,,14,16,0,135,1
a60,3,2,3,infinity,3,,,15,17,0,143,1
a60,3,3,0,infinity,0,,,12,14,0,119,1
a60,3,3,1,infinity,1,,,13,15,0,128,1
a60,3,3,2,infinity,2,,,14,16,0,135,1
a60,3,3,3,infinity,3,,,15,17,0,143,1
a61,0,0,0,infinity,0,,,6,8,0,26,1
a61,0,0,1,infinity,1,,,7,9,0,28,1
a61,0,0,2,infinity,2,,,8,10,0,30,1
a61,0,0,3,infinity,3,,,9,11,0,32,1
a61,1,0,0,infinity,0,,,8,10,0,58,1
a61,1,0,1,infinity,1,,,9,11,0,65,1
a61,1,0,2,infinity,2,,,10,12,0,68,1
a61,1,0,3,infinity,3,,,11,13,0,74,1
a61,1,1,0,infinity,0,,,8,10,0,56,1
a61,1,1,1,infinity,1,,,9,11,0,65,1
a61,1,1,2,infinity,2,,,10,12,0,68,1
a61,1,1,3,infinity,3,,,11,13,0,75,1
a61,2,0,0,infinity,0,,,10,12,0,94,1
a61,2,0,1,infinity,1,,,11,13,0,101,1
a61,2,0,2,infinity,2,,,12,14,0,106,1
a61,2,0,3,infinity,3,,,13,15,0,114,1
a61,2,1,0,infinity,0,,,10,12,0,90,1
a61,2,1,1,infinity,1,,,11,13,0,102,1
a61,2,1,2,infinity,2,,,12,14,0,106,1
a61,2,1,3,infinity,3,,,13,15,0,115,1
a61,2,2,0,infinity,0,,,10,12,0,90,1
a61,2,2,1,infinity,1,,,11,13,0,101,1
a61,2,2,2,infinity,2,,,12,14,0,107,1
a61,2,2,3,infinity,3,,,13,15,0,114,1
a61,3,0,0,infinity,0,,,12,14,0,138,1
a61,3,0,1,infinity,1,,,13,15,0,145,1
a61,3,0,2,infinity,2,,,14,16,0,152,1
a61,3,0,3,infinity,3,,,15,17,0,162,1
a61,3,1,0,infinity,0,,,12,14,0,132,1
a61,3,1,1,infinity,1,,,13,15,0,148,1
a61,3,1,2,infinity,2,,,14,16,0,152,1
a61,3,1,3,infinity,3,,,15,17,0,163,1
a61,3,2,0,infinity,0,,,12,14,0,132,1
a61,3,2,1,infinity,1,,,13,15,0,145,1
a61,3,2,2,infinity,2,,,14,16,0,154,1
a61,3,2,3,infinity,3,,,15,17,0,162,1
a61,3,3,0,infinity,0,,,12,14,0,132,1
a61,3,3,1,infinity,1,,,13,15,0,145,1
a61,3,3,2,infinity,2,,,14,16,0,152,1
a61,3,3,3,infinity,3,,,15,17,0,163,1
a62,0,0,0,1,1,,,6,8,0,20,1
a62,0,0,1,1,1,,,7,9,0,21,1
a62,0,0,2,2,2,,,8,10,0,24,1
a62,0,0,3,3,3,,,9,11,0,26,1
a62,1,0,0,infinity,2,,,8,10,0,54,1
a62,1,0,1,infinity,2,,,9,11,0,58,1
a62,1,0,2,infinity,2,,,10,12,0,63,1
a62,1,0,3,infinity,3,,,11,13,0,68,1
a62,1,1,0,infinity,1,,,8,10,0,54,1
a62,1,1,1,infinity,2,,,9,11,0,58,1
a62,1,1,2,infinity,2,,,10,12,0,63,1
a62,1,1,3,infinity,3,,,11,13,0,68,1
a62,2,0,0,infinity,3,,,10,12,0,86,1
a62,2,0,1,infinity,3,,,11,13,0,92,1
a62,2,0,2,infinity,3,,,12,14,0,99,1
a62,2,0,3,infinity,3,,,13,15,0,106,1
a62,2,1,0,infinity,2,,,10,12,0,88,1
a62,2,1,1,infinity,3,,,11,13,0,92,1
a62,2,1,2,infinity,3,,,12,14,0,99,1
a62,2,1,3,infinity,3,,,13,15,0,106,1
a62,2,2,0,infinity,1,,,10,12,0,86,1
a62,2,2,1,infinity,2,,,11,13,0,93,1
a62,2,2,2,infinity,3,,,12,14,0,99,1
a62,2,2,3,infinity,3,,,13,15,0,106,1
a62,3,0,0,infinity,4,,,12,14,0,124,1
a62,3,0,1,infinity,4,,,13,15,0,132,1
a62,3,0,2,infinity,4,,,14,16,0,141,1
a62,3,0,3,infinity,4,,,15,17,0,150,1
a62,3,1,0,infinity,3,,,12,14,0,128,1
a62,3,1,1,infinity,4,,,13,15,0,132,1
a62,3,1,2,infinity,4,,,14,16,0,141,1
a62,3,1,3,infinity,4,,,15,17,0,150,1
a62,3,2,0,infinity,2,,,12,14,0,126,1
a62,3,2,1,infinity,3,,,13,15,0,135,1
a62,3,2,2,infinity,4,,,14,16,0,141,1
a62,3,2,3,infinity,4,,,15,17,0,150,1
a62,3,3,0,infinity,1,,,12,14,0,124,1
a62,3,3,1,infinity,2,,,13,15,0,133,1
a62,3,3,2,infinity,3,,,14,16,0,142,1
a62,3,3,3,infinity,4,,,15,17,0,150,1
a63,0,0,0,infinity,infinity,,,6,8,0,26,1
a63,0,0,1,infinity,infinity,,,7,9,0,26,1
a63,0,0,2,infinity,infinity,,,8,10,0,26,1
a63,0,0,3,infinity,infinity,,,9,11,0,26,1
a63,1,0,0,infinity,infinity,,,8,10,0,58,1
a63,1,0,1,infinity,infinity,,,9,11,0,58,1
a63,1,0,2,infinity,infinity,,,10,12,0,58,1
a63,1,0,3,infinity,infinity,,,11,13,0,58,1
a63,1,1,0,infinity,infinity,,,8,10,0,57,1
a63,1,1,1,infinity,infinity,,,9,11,0,57,1
a63,1,1,2,infinity,infinity,,,10,12,0,57,1
a63,1,1,3,infinity,infinity,,,11,13,0,57,1
a63,2,0,0,infinity,infinity,,,10,12,0,90,1
a63,2,0,1,infinity,infinity,,,11,13,0,90,1
a63,2,0,2,infinity,infinity,,,12,14,0,90,1
a63,2,0,3,infinity,infinity,,,13,15,0,90,1
a63,2,1,0,infinity,infinity,,,10,12,0,90,1
a63,2,1,1,infinity,infinity,,,11,13,0,90,1
a63,2,1,2,infinity,infinity,,,12,14,0,90,1
a63,2,1,3,infinity,infinity,,,13,15,0,90,1
a63,2,2,0,infinity,infinity,,,10,12,0,89,1
a63,2,2,1,infinity,infinity,,,11,13,0,89,1
a63,2,2,2,infinity,infinity,,,12,14,0,89,1
a63,2,2,3,infinity,infinity,,,13,15,0,89,1
a63,3,0,0,infinity,infinity,,,12,14,0,128,1
a63,3,0,1,infinity,infinity,,,13,15,0,128,1
a63,3,0,2,infinity,infinity,,,14,16,0,128,1
a63,3,0,3,infinity,infinity,,,15,17,0,128,1
a63,3,1,0,infinity,infinity,,,12,14,0,128,1
a63,3,1,1,infinity,infinity,,,13,15,0,128,1
a63,3,1,2,infinity,infinity,,,14,16,0,128,1
a63,3,1,3,infinity,infinity,,,15,17,0,128,1
a63,3,2,0,infinity,infinity,,,12,14,0,128,1
a63,3,2,1,infinity,infinity,,,13,15,0,128,1
a63,3,2,2,infinity,infinity,,,14,16,0,128,1
a63,3,2,3,infinity,infinity,,,15,17,0,128,1
a63,3,3,0,infinity,infinity,,,12,14,0,127,1
a63,3,3,1,infinity,infinity,,,13,15,0,127,1
a63,3,3,2,infinity,infinity,,,14,16,0,127,1
a63,3,3,3,infinity,infinity,,,15,17,0,127,1
