projection,fair_mask,saturated,factors
0000,0,1,1
0000,1,0,0
0000,2,0,0
0000,3,0,0
0000,4,0,0
0000,5,0,0
0000,6,0,0
0000,7,0,0
0000,8,0,0
0000,9,0,0
0000,10,0,0
0000,11,0,0
0000,12,0,0
0000,13,0,0
0000,14,0,0
0000,15,1,1
0001,0,1,1
0001,1,0,0
0001,2,0,0
0001,3,0,0
0001,4,0,0
0001,5,0,0
0001,6,0,0
0001,7,1,1
0001,8,1,1
0001,9,0,0
0001,10,0,0
0001,11,0,0
0001,12,0,0
0001,13,0,0
0001,14,0,0
0001,15,1,1
0010,0,1,1
0010,1,0,0
0010,2,0,0
0010,3,0,0
0010,4,1,1
0010,5,0,0
0010,6,0,0
0010,7,0,0
0010,8,0,0
0010,9,0,0
0010,10,0,0
0010,11,1,1
0010,12,0,0
0010,13,0,0
0010,14,0,0
0010,15,1,1
0011,0,1,1
0011,1,0,0
0011,2,0,0
0011,3,1,1
0011,4,0,0
0011,5,0,0
0011,6,0,0
0011,7,0,0
0011,8,0,0
0011,9,0,0
0011,10,0,0
0011,11,0,0
0011,12,1,1
0011,13,0,0
0011,14,0,0
0011,15,1,1
0100,0,1,1
0100,1,0,0
0100,2,1,1
0100,3,0,0
0100,4,0,0
0100,5,0,0
0100,6,0,0
0100,7,0,0
0100,8,0,0
0100,9,0,0
0100,10,0,0
0100,11,0,0
0100,12,0,0
0100,13,1,1
0100,14,0,0
0100,15,1,1
0101,0,1,1
0101,1,0,0
0101,2,0,0
0101,3,0,0
0101,4,0,0
0101,5,1,1
0101,6,0,0
0101,7,0,0
0101,8,0,0
0101,9,0,0
0101,10,1,1
0101,11,0,0
0101,12,0,0
0101,13,0,0
0101,14,0,0
0101,15,1,1
0110,0,1,1
0110,1,0,0
0110,2,0,0
0110,3,0,0
0110,4,0,0
0110,5,0,0
0110,6,1,1
0110,7,0,0
0110,8,0,0
0110,9,1,1
0110,10,0,0
0110,11,0,0
0110,12,0,0
0110,13,0,0
0110,14,0,0
0110,15,1,1
0111,0,1,1
0111,1,1,1
0111,2,0,0
0111,3,0,0
0111,4,0,0
0111,5,0,0
0111,6,0,0
0111,7,0,0
0111,8,0,0
0111,9,0,0
0111,10,0,0
0111,11,0,0
0111,12,0,0
0111,13,0,0
0111,14,1,1
0111,15,1,1
1000,0,1,1
1000,1,1,1
1000,2,0,0
1000,3,0,0
1000,4,0,0
1000,5,0,0
1000,6,0,0
1000,7,0,0
1000,8,0,0
1000,9,0,0
1000,10,0,0
1000,11,0,0
1000,12,0,0
1000,13,0,0
1000,14,1,1
1000,15,1,1
1001,0,1,1
1001,1,0,0
1001,2,0,0
1001,3,0,0
1001,4,0,0
1001,5,0,0
1001,6,1,1
1001,7,0,0
1001,8,0,0
1001,9,1,1
1001,10,0,0
1001,11,0,0
1001,12,0,0
1001,13,0,0
1001,14,0,0
1001,15,1,1
1010,0,1,1
1010,1,0,0
1010,2,0,0
1010,3,0,0
1010,4,0,0
1010,5,1,1
1010,6,0,0
1010,7,0,0
1010,8,0,0
1010,9,0,0
1010,10,1,1
1010,11,0,0
1010,12,0,0
1010,13,0,0
1010,14,0,0
1010,15,1,1
1011,0,1,1
1011,1,0,0
1011,2,1,1
1011,3,0,0
1011,4,0,0
1011,5,0,0
1011,6,0,0
1011,7,0,0
1011,8,0,0
1011,9,0,0
1011,10,0,0
1011,11,0,0
1011,12,0,0
1011,13,1,1
1011,14,0,0
1011,15,1,1
1100,0,1,1
1100,1,0,0
1100,2,0,0
1100,3,1,1
1100,4,0,0
1100,5,0,0
1100,6,0,0
1100,7,0,0
1100,8,0,0
1100,9,0,0
1100,10,0,0
1100,11,0,0
1100,12,1,1
1100,13,0,0
1100,14,0,0
1100,15,1,1
1101,0,1,1
1101,1,0,0
1101,2,0,0
1101,3,0,0
1101,4,1,1
1101,5,0,0
1101,6,0,0
1101,7,0,0
1101,8,0,0
1101,9,0,0
1101,10,0,0
1101,11,1,1
1101,12,0,0
1101,13,0,0
1101,14,0,0
1101,15,1,1
1110,0,1,1
1110,1,0,0
1110,2,0,0
1110,3,0,0
1110,4,0,0
1110,5,0,0
1110,6,0,0
1110,7,1,1
1110,8,1,1
1110,9,0,0
1110,10,0,0
1110,11,0,0
1110,12,0,0
1110,13,0,0
1110,14,0,0
1110,15,1,1
1111,0,1,1
1111,1,0,0
1111,2,0,0
1111,3,0,0
1111,4,0,0
1111,5,0,0
1111,6,0,0
1111,7,0,0
1111,8,0,0
1111,9,0,0
1111,10,0,0
1111,11,0,0
1111,12,0,0
1111,13,0,0
1111,14,0,0
1111,15,1,1
