zero,one,source_bound,source_debt,target_debt,invalid_floor,below_bound,below_reflection_failure,at_reflection_failure,witness_prefix,witness_loop,witness_checked
0,1,4,0,0,5,4,0,1,111110,0,1
0,1,4,0,1,5,4,0,1,0111110,0,1
0,1,4,0,2,5,4,0,1,0111110,0,1
0,1,4,0,3,5,4,0,1,0111110,0,1
0,1,4,1,0,4,3,0,1,11110,0,1
0,1,4,1,1,5,4,0,1,11110,0,1
0,1,4,1,2,5,4,0,1,0111110,0,1
0,1,4,1,3,5,4,0,1,0111110,0,1
0,1,4,2,0,3,2,0,1,1110,0,1
0,1,4,2,1,4,3,0,1,1110,0,1
0,1,4,2,2,5,4,0,1,1110,0,1
0,1,4,2,3,5,4,0,1,0111110,0,1
0,1,4,3,0,2,1,0,1,110,0,1
0,1,4,3,1,3,2,0,1,110,0,1
0,1,4,3,2,4,3,0,1,110,0,1
0,1,4,3,3,5,4,0,1,110,0,1
0,1,4,4,0,1,0,0,1,10,0,1
0,1,4,4,1,2,1,0,1,10,0,1
0,1,4,4,2,3,2,0,1,10,0,1
0,1,4,4,3,4,3,0,1,10,0,1
0,11,4,0,0,10,9,0,1,111110,0,1
0,11,4,0,1,10,9,0,1,0111110,0,1
0,11,4,0,2,10,9,0,1,0111110,0,1
0,11,4,0,3,10,9,0,1,0111110,0,1
0,11,4,1,0,8,7,0,1,11110,0,1
0,11,4,1,1,9,8,0,1,11110,0,1
0,11,4,1,2,10,9,0,1,11110,0,1
0,11,4,1,3,10,9,0,1,0111110,0,1
0,11,4,2,0,6,5,0,1,1110,0,1
0,11,4,2,1,7,6,0,1,1110,0,1
0,11,4,2,2,8,7,0,1,1110,0,1
0,11,4,2,3,9,8,0,1,1110,0,1
0,11,4,3,0,4,3,0,1,110,0,1
0,11,4,3,1,5,4,0,1,110,0,1
0,11,4,3,2,6,5,0,1,110,0,1
0,11,4,3,3,7,6,0,1,110,0,1
0,11,4,4,0,2,1,0,1,10,0,1
0,11,4,4,1,3,2,0,1,10,0,1
0,11,4,4,2,4,3,0,1,10,0,1
0,11,4,4,3,5,4,0,1,10,0,1
0,111,4,0,0,15,14,0,1,111110,0,1
0,111,4,0,1,15,14,0,1,0111110,0,1
0,111,4,0,2,15,14,0,1,0111110,0,1
0,111,4,0,3,15,14,0,1,0111110,0,1
0,111,4,1,0,12,11,0,1,11110,0,1
0,111,4,1,1,13,12,0,1,11110,0,1
0,111,4,1,2,14,13,0,1,11110,0,1
0,111,4,1,3,15,14,0,1,11110,0,1
0,111,4,2,0,9,8,0,1,1110,0,1
0,111,4,2,1,10,9,0,1,1110,0,1
0,111,4,2,2,11,10,0,1,1110,0,1
0,111,4,2,3,12,11,0,1,1110,0,1
0,111,4,3,0,6,5,0,1,110,0,1
0,111,4,3,1,7,6,0,1,110,0,1
0,111,4,3,2,8,7,0,1,110,0,1
0,111,4,3,3,9,8,0,1,110,0,1
0,111,4,4,0,3,2,0,1,10,0,1
0,111,4,4,1,4,3,0,1,10,0,1
0,111,4,4,2,5,4,0,1,10,0,1
0,111,4,4,3,6,5,0,1,10,0,1
00,1,4,0,0,5,4,0,1,111110,0,1
00,1,4,0,1,5,4,0,1,0111110,0,1
00,1,4,0,2,5,4,0,1,0111110,0,1
00,1,4,0,3,5,4,0,1,0111110,0,1
00,1,4,1,0,4,3,0,1,11110,0,1
00,1,4,1,1,5,4,0,1,11110,0,1
00,1,4,1,2,5,4,0,1,0111110,0,1
00,1,4,1,3,5,4,0,1,0111110,0,1
00,1,4,2,0,3,2,0,1,1110,0,1
00,1,4,2,1,4,3,0,1,1110,0,1
00,1,4,2,2,5,4,0,1,1110,0,1
00,1,4,2,3,5,4,0,1,0111110,0,1
00,1,4,3,0,2,1,0,1,110,0,1
00,1,4,3,1,3,2,0,1,110,0,1
00,1,4,3,2,4,3,0,1,110,0,1
00,1,4,3,3,5,4,0,1,110,0,1
00,1,4,4,0,1,0,0,1,10,0,1
00,1,4,4,1,2,1,0,1,10,0,1
00,1,4,4,2,3,2,0,1,10,0,1
00,1,4,4,3,4,3,0,1,10,0,1
00,11,4,0,0,10,9,0,1,111110,0,1
00,11,4,0,1,10,9,0,1,0111110,0,1
00,11,4,0,2,10,9,0,1,0111110,0,1
00,11,4,0,3,10,9,0,1,0111110,0,1
00,11,4,1,0,8,7,0,1,11110,0,1
00,11,4,1,1,9,8,0,1,11110,0,1
00,11,4,1,2,10,9,0,1,11110,0,1
00,11,4,1,3,10,9,0,1,0111110,0,1
00,11,4,2,0,6,5,0,1,1110,0,1
00,11,4,2,1,7,6,0,1,1110,0,1
00,11,4,2,2,8,7,0,1,1110,0,1
00,11,4,2,3,9,8,0,1,1110,0,1
00,11,4,3,0,4,3,0,1,110,0,1
00,11,4,3,1,5,4,0,1,110,0,1
00,11,4,3,2,6,5,0,1,110,0,1
00,11,4,3,3,7,6,0,1,110,0,1
00,11,4,4,0,2,1,0,1,10,0,1
00,11,4,4,1,3,2,0,1,10,0,1
00,11,4,4,2,4,3,0,1,10,0,1
00,11,4,4,3,5,4,0,1,10,0,1
00,111,4,0,0,15,14,0,1,111110,0,1
00,111,4,0,1,15,14,0,1,0111110,0,1
00,111,4,0,2,15,14,0,1,0111110,0,1
00,111,4,0,3,15,14,0,1,0111110,0,1
00,111,4,1,0,12,11,0,1,11110,0,1
00,111,4,1,1,13,12,0,1,11110,0,1
00,111,4,1,2,14,13,0,1,11110,0,1
00,111,4,1,3,15,14,0,1,11110,0,1
00,111,4,2,0,9,8,0,1,1110,0,1
00,111,4,2,1,10,9,0,1,1110,0,1
00,111,4,2,2,11,10,0,1,1110,0,1
00,111,4,2,3,12,11,0,1,1110,0,1
00,111,4,3,0,6,5,0,1,110,0,1
00,111,4,3,1,7,6,0,1,110,0,1
00,111,4,3,2,8,7,0,1,110,0,1
00,111,4,3,3,9,8,0,1,110,0,1
00,111,4,4,0,3,2,0,1,10,0,1
00,111,4,4,1,4,3,0,1,10,0,1
00,111,4,4,2,5,4,0,1,10,0,1
00,111,4,4,3,6,5,0,1,10,0,1
01,1,4,0,0,5,4,0,1,111110,0,1
01,1,4,0,1,6,5,0,1,111110,0,1
01,1,4,0,2,6,5,0,1,0111110,0,1
01,1,4,0,3,6,5,0,1,0111110,0,1
01,1,4,1,0,4,3,0,1,11110,0,1
01,1,4,1,1,5,4,0,1,11110,0,1
01,1,4,1,2,6,5,0,1,11110,0,1
01,1,4,1,3,6,5,0,1,0111110,0,1
01,1,4,2,0,3,2,0,1,1110,0,1
01,1,4,2,1,4,3,0,1,1110,0,1
01,1,4,2,2,5,4,0,1,1110,0,1
01,1,4,2,3,6,5,0,1,1110,0,1
01,1,4,3,0,2,1,0,1,110,0,1
01,1,4,3,1,3,2,0,1,110,0,1
01,1,4,3,2,4,3,0,1,110,0,1
01,1,4,3,3,5,4,0,1,110,0,1
01,1,4,4,0,1,0,0,1,1,0,1
01,1,4,4,1,2,1,0,1,10,0,1
01,1,4,4,2,3,2,0,1,10,0,1
01,1,4,4,3,4,3,0,1,10,0,1
01,11,4,0,0,10,9,0,1,111110,0,1
01,11,4,0,1,11,10,0,1,111110,0,1
01,11,4,0,2,11,10,0,1,0111110,0,1
01,11,4,0,3,11,10,0,1,0111110,0,1
01,11,4,1,0,8,7,0,1,11110,0,1
01,11,4,1,1,9,8,0,1,11110,0,1
01,11,4,1,2,10,9,0,1,11110,0,1
01,11,4,1,3,11,10,0,1,11110,0,1
01,11,4,2,0,6,5,0,1,1110,0,1
01,11,4,2,1,7,6,0,1,1110,0,1
01,11,4,2,2,8,7,0,1,1110,0,1
01,11,4,2,3,9,8,0,1,1110,0,1
01,11,4,3,0,4,3,0,1,110,0,1
01,11,4,3,1,5,4,0,1,110,0,1
01,11,4,3,2,6,5,0,1,110,0,1
01,11,4,3,3,7,6,0,1,110,0,1
01,11,4,4,0,2,1,0,1,10,0,1
01,11,4,4,1,3,2,0,1,10,0,1
01,11,4,4,2,4,3,0,1,10,0,1
01,11,4,4,3,5,4,0,1,10,0,1
01,111,4,0,0,15,14,0,1,111110,0,1
01,111,4,0,1,16,15,0,1,111110,0,1
01,111,4,0,2,16,15,0,1,0111110,0,1
01,111,4,0,3,16,15,0,1,0111110,0,1
01,111,4,1,0,12,11,0,1,11110,0,1
01,111,4,1,1,13,12,0,1,11110,0,1
01,111,4,1,2,14,13,0,1,11110,0,1
01,111,4,1,3,15,14,0,1,11110,0,1
01,111,4,2,0,9,8,0,1,1110,0,1
01,111,4,2,1,10,9,0,1,1110,0,1
01,111,4,2,2,11,10,0,1,1110,0,1
01,111,4,2,3,12,11,0,1,1110,0,1
01,111,4,3,0,6,5,0,1,110,0,1
01,111,4,3,1,7,6,0,1,110,0,1
01,111,4,3,2,8,7,0,1,110,0,1
01,111,4,3,3,9,8,0,1,110,0,1
01,111,4,4,0,3,2,0,1,10,0,1
01,111,4,4,1,4,3,0,1,10,0,1
01,111,4,4,2,5,4,0,1,10,0,1
01,111,4,4,3,6,5,0,1,10,0,1
10,1,4,0,0,6,5,0,1,111110,0,1
10,1,4,0,1,6,5,0,1,0111110,0,1
10,1,4,0,2,6,5,0,1,0111110,0,1
10,1,4,0,3,6,5,0,1,0111110,0,1
10,1,4,1,0,5,4,0,1,11110,0,1
10,1,4,1,1,6,5,0,1,11110,0,1
10,1,4,1,2,6,5,0,1,0111110,0,1
10,1,4,1,3,6,5,0,1,0111110,0,1
10,1,4,2,0,4,3,0,1,1110,0,1
10,1,4,2,1,5,4,0,1,1110,0,1
10,1,4,2,2,6,5,0,1,1110,0,1
10,1,4,2,3,6,5,0,1,0111110,0,1
10,1,4,3,0,3,2,0,1,110,0,1
10,1,4,3,1,4,3,0,1,110,0,1
10,1,4,3,2,5,4,0,1,110,0,1
10,1,4,3,3,6,5,0,1,110,0,1
10,1,4,4,0,2,1,0,1,10,0,1
10,1,4,4,1,3,2,0,1,10,0,1
10,1,4,4,2,4,3,0,1,10,0,1
10,1,4,4,3,5,4,0,1,10,0,1
10,11,4,0,0,11,10,0,1,111110,0,1
10,11,4,0,1,11,10,0,1,0111110,0,1
10,11,4,0,2,11,10,0,1,0111110,0,1
10,11,4,0,3,11,10,0,1,0111110,0,1
10,11,4,1,0,9,8,0,1,11110,0,1
10,11,4,1,1,10,9,0,1,11110,0,1
10,11,4,1,2,11,10,0,1,11110,0,1
10,11,4,1,3,11,10,0,1,0111110,0,1
10,11,4,2,0,7,6,0,1,1110,0,1
10,11,4,2,1,8,7,0,1,1110,0,1
10,11,4,2,2,9,8,0,1,1110,0,1
10,11,4,2,3,10,9,0,1,1110,0,1
10,11,4,3,0,5,4,0,1,110,0,1
10,11,4,3,1,6,5,0,1,110,0,1
10,11,4,3,2,7,6,0,1,110,0,1
10,11,4,3,3,8,7,0,1,110,0,1
10,11,4,4,0,3,2,0,1,10,0,1
10,11,4,4,1,4,3,0,1,10,0,1
10,11,4,4,2,5,4,0,1,10,0,1
10,11,4,4,3,6,5,0,1,10,0,1
10,111,4,0,0,16,15,0,1,111110,0,1
10,111,4,0,1,16,15,0,1,0111110,0,1
10,111,4,0,2,16,15,0,1,0111110,0,1
10,111,4,0,3,16,15,0,1,0111110,0,1
10,111,4,1,0,13,12,0,1,11110,0,1
10,111,4,1,1,14,13,0,1,11110,0,1
10,111,4,1,2,15,14,0,1,11110,0,1
10,111,4,1,3,16,15,0,1,11110,0,1
10,111,4,2,0,10,9,0,1,1110,0,1
10,111,4,2,1,11,10,0,1,1110,0,1
10,111,4,2,2,12,11,0,1,1110,0,1
10,111,4,2,3,13,12,0,1,1110,0,1
10,111,4,3,0,7,6,0,1,110,0,1
10,111,4,3,1,8,7,0,1,110,0,1
10,111,4,3,2,9,8,0,1,110,0,1
10,111,4,3,3,10,9,0,1,110,0,1
10,111,4,4,0,4,3,0,1,10,0,1
10,111,4,4,1,5,4,0,1,10,0,1
10,111,4,4,2,6,5,0,1,10,0,1
10,111,4,4,3,7,6,0,1,10,0,1
000,1,4,0,0,5,4,0,1,111110,0,1
000,1,4,0,1,5,4,0,1,0111110,0,1
000,1,4,0,2,5,4,0,1,0111110,0,1
000,1,4,0,3,5,4,0,1,0111110,0,1
000,1,4,1,0,4,3,0,1,11110,0,1
000,1,4,1,1,5,4,0,1,11110,0,1
000,1,4,1,2,5,4,0,1,0111110,0,1
000,1,4,1,3,5,4,0,1,0111110,0,1
000,1,4,2,0,3,2,0,1,1110,0,1
000,1,4,2,1,4,3,0,1,1110,0,1
000,1,4,2,2,5,4,0,1,1110,0,1
000,1,4,2,3,5,4,0,1,0111110,0,1
000,1,4,3,0,2,1,0,1,110,0,1
000,1,4,3,1,3,2,0,1,110,0,1
000,1,4,3,2,4,3,0,1,110,0,1
000,1,4,3,3,5,4,0,1,110,0,1
000,1,4,4,0,1,0,0,1,10,0,1
000,1,4,4,1,2,1,0,1,10,0,1
000,1,4,4,2,3,2,0,1,10,0,1
000,1,4,4,3,4,3,0,1,10,0,1
000,11,4,0,0,10,9,0,1,111110,0,1
000,11,4,0,1,10,9,0,1,0111110,0,1
000,11,4,0,2,10,9,0,1,0111110,0,1
000,11,4,0,3,10,9,0,1,0111110,0,1
000,11,4,1,0,8,7,0,1,11110,0,1
000,11,4,1,1,9,8,0,1,11110,0,1
000,11,4,1,2,10,9,0,1,11110,0,1
000,11,4,1,3,10,9,0,1,0111110,0,1
000,11,4,2,0,6,5,0,1,1110,0,1
000,11,4,2,1,7,6,0,1,1110,0,1
000,11,4,2,2,8,7,0,1,1110,0,1
000,11,4,2,3,9,8,0,1,1110,0,1
000,11,4,3,0,4,3,0,1,110,0,1
000,11,4,3,1,5,4,0,1,110,0,1
000,11,4,3,2,6,5,0,1,110,0,1
000,11,4,3,3,7,6,0,1,110,0,1
000,11,4,4,0,2,1,0,1,10,0,1
000,11,4,4,1,3,2,0,1,10,0,1
000,11,4,4,2,4,3,0,1,10,0,1
000,11,4,4,3,5,4,0,1,10,0,1
000,111,4,0,0,15,14,0,1,111110,0,1
000,111,4,0,1,15,14,0,1,0111110,0,1
000,111,4,0,2,15,14,0,1,0111110,0,1
000,111,4,0,3,15,14,0,1,0111110,0,1
000,111,4,1,0,12,11,0,1,11110,0,1
000,111,4,1,1,13,12,0,1,11110,0,1
000,111,4,1,2,14,13,0,1,11110,0,1
000,111,4,1,3,15,14,0,1,11110,0,1
000,111,4,2,0,9,8,0,1,1110,0,1
000,111,4,2,1,10,9,0,1,1110,0,1
000,111,4,2,2,11,10,0,1,1110,0,1
000,111,4,2,3,12,11,0,1,1110,0,1
000,111,4,3,0,6,5,0,1,110,0,1
000,111,4,3,1,7,6,0,1,110,0,1
000,111,4,3,2,8,7,0,1,110,0,1
000,111,4,3,3,9,8,0,1,110,0,1
000,111,4,4,0,3,2,0,1,10,0,1
000,111,4,4,1,4,3,0,1,10,0,1
000,111,4,4,2,5,4,0,1,10,0,1
000,111,4,4,3,6,5,0,1,10,0,1
001,1,4,0,0,5,4,0,1,111110,0,1
001,1,4,0,1,6,5,0,1,111110,0,1
001,1,4,0,2,6,5,0,1,0111110,0,1
001,1,4,0,3,6,5,0,1,0111110,0,1
001,1,4,1,0,4,3,0,1,11110,0,1
001,1,4,1,1,5,4,0,1,11110,0,1
001,1,4,1,2,6,5,0,1,11110,0,1
001,1,4,1,3,6,5,0,1,0111110,0,1
001,1,4,2,0,3,2,0,1,1110,0,1
001,1,4,2,1,4,3,0,1,1110,0,1
001,1,4,2,2,5,4,0,1,1110,0,1
001,1,4,2,3,6,5,0,1,1110,0,1
001,1,4,3,0,2,1,0,1,110,0,1
001,1,4,3,1,3,2,0,1,110,0,1
001,1,4,3,2,4,3,0,1,110,0,1
001,1,4,3,3,5,4,0,1,110,0,1
001,1,4,4,0,1,0,0,1,1,0,1
001,1,4,4,1,2,1,0,1,10,0,1
001,1,4,4,2,3,2,0,1,10,0,1
001,1,4,4,3,4,3,0,1,10,0,1
001,11,4,0,0,10,9,0,1,111110,0,1
001,11,4,0,1,11,10,0,1,111110,0,1
001,11,4,0,2,11,10,0,1,0111110,0,1
001,11,4,0,3,11,10,0,1,0111110,0,1
001,11,4,1,0,8,7,0,1,11110,0,1
001,11,4,1,1,9,8,0,1,11110,0,1
001,11,4,1,2,10,9,0,1,11110,0,1
001,11,4,1,3,11,10,0,1,11110,0,1
001,11,4,2,0,6,5,0,1,1110,0,1
001,11,4,2,1,7,6,0,1,1110,0,1
001,11,4,2,2,8,7,0,1,1110,0,1
001,11,4,2,3,9,8,0,1,1110,0,1
001,11,4,3,0,4,3,0,1,110,0,1
001,11,4,3,1,5,4,0,1,110,0,1
001,11,4,3,2,6,5,0,1,110,0,1
001,11,4,3,3,7,6,0,1,110,0,1
001,11,4,4,0,2,1,0,1,10,0,1
001,11,4,4,1,3,2,0,1,10,0,1
001,11,4,4,2,4,3,0,1,10,0,1
001,11,4,4,3,5,4,0,1,10,0,1
001,111,4,0,0,15,14,0,1,111110,0,1
001,111,4,0,1,16,15,0,1,111110,0,1
001,111,4,0,2,16,15,0,1,0111110,0,1
001,111,4,0,3,16,15,0,1,0111110,0,1
001,111,4,1,0,12,11,0,1,11110,0,1
001,111,4,1,1,13,12,0,1,11110,0,1
001,111,4,1,2,14,13,0,1,11110,0,1
001,111,4,1,3,15,14,0,1,11110,0,1
001,111,4,2,0,9,8,0,1,1110,0,1
001,111,4,2,1,10,9,0,1,1110,0,1
001,111,4,2,2,11,10,0,1,1110,0,1
001,111,4,2,3,12,11,0,1,1110,0,1
001,111,4,3,0,6,5,0,1,110,0,1
001,111,4,3,1,7,6,0,1,110,0,1
001,111,4,3,2,8,7,0,1,110,0,1
001,111,4,3,3,9,8,0,1,110,0,1
001,111,4,4,0,3,2,0,1,10,0,1
001,111,4,4,1,4,3,0,1,10,0,1
001,111,4,4,2,5,4,0,1,10,0,1
001,111,4,4,3,6,5,0,1,10,0,1
010,1,4,0,0,5,4,0,1,111110,0,1
010,1,4,0,1,5,4,0,1,0111110,0,1
010,1,4,0,2,5,4,0,1,0111110,0,1
010,1,4,0,3,5,4,0,1,0111110,0,1
010,1,4,1,0,4,3,0,1,11110,0,1
010,1,4,1,1,5,4,0,1,11110,0,1
010,1,4,1,2,5,4,0,1,0111110,0,1
010,1,4,1,3,5,4,0,1,0111110,0,1
010,1,4,2,0,3,2,0,1,1110,0,1
010,1,4,2,1,4,3,0,1,1110,0,1
010,1,4,2,2,5,4,0,1,1110,0,1
010,1,4,2,3,5,4,0,1,0111110,0,1
010,1,4,3,0,2,1,0,1,110,0,1
010,1,4,3,1,3,2,0,1,110,0,1
010,1,4,3,2,4,3,0,1,110,0,1
010,1,4,3,3,5,4,0,1,110,0,1
010,1,4,4,0,1,0,0,1,10,0,1
010,1,4,4,1,2,1,0,1,10,0,1
010,1,4,4,2,3,2,0,1,10,0,1
010,1,4,4,3,4,3,0,1,10,0,1
010,11,4,0,0,10,9,0,1,111110,0,1
010,11,4,0,1,10,9,0,1,0111110,0,1
010,11,4,0,2,10,9,0,1,0111110,0,1
010,11,4,0,3,10,9,0,1,0111110,0,1
010,11,4,1,0,8,7,0,1,11110,0,1
010,11,4,1,1,9,8,0,1,11110,0,1
010,11,4,1,2,10,9,0,1,11110,0,1
010,11,4,1,3,10,9,0,1,0111110,0,1
010,11,4,2,0,6,5,0,1,1110,0,1
010,11,4,2,1,7,6,0,1,1110,0,1
010,11,4,2,2,8,7,0,1,1110,0,1
010,11,4,2,3,9,8,0,1,1110,0,1
010,11,4,3,0,4,3,0,1,110,0,1
010,11,4,3,1,5,4,0,1,110,0,1
010,11,4,3,2,6,5,0,1,110,0,1
010,11,4,3,3,7,6,0,1,110,0,1
010,11,4,4,0,2,1,0,1,10,0,1
010,11,4,4,1,3,2,0,1,10,0,1
010,11,4,4,2,4,3,0,1,10,0,1
010,11,4,4,3,5,4,0,1,10,0,1
010,111,4,0,0,15,14,0,1,111110,0,1
010,111,4,0,1,15,14,0,1,0111110,0,1
010,111,4,0,2,15,14,0,1,0111110,0,1
010,111,4,0,3,15,14,0,1,0111110,0,1
010,111,4,1,0,12,11,0,1,11110,0,1
010,111,4,1,1,13,12,0,1,11110,0,1
010,111,4,1,2,14,13,0,1,11110,0,1
010,111,4,1,3,15,14,0,1,11110,0,1
010,111,4,2,0,9,8,0,1,1110,0,1
010,111,4,2,1,10,9,0,1,1110,0,1
010,111,4,2,2,11,10,0,1,1110,0,1
010,111,4,2,3,12,11,0,1,1110,0,1
010,111,4,3,0,6,5,0,1,110,0,1
010,111,4,3,1,7,6,0,1,110,0,1
010,111,4,3,2,8,7,0,1,110,0,1
010,111,4,3,3,9,8,0,1,110,0,1
010,111,4,4,0,3,2,0,1,10,0,1
010,111,4,4,1,4,3,0,1,10,0,1
010,111,4,4,2,5,4,0,1,10,0,1
010,111,4,4,3,6,5,0,1,10,0,1
011,1,4,0,0,5,4,0,1,111110,0,1
011,1,4,0,1,6,5,0,1,111110,0,1
011,1,4,0,2,7,6,0,1,111110,0,1
011,1,4,0,3,7,6,0,1,0111110,0,1
011,1,4,1,0,4,3,0,1,11110,0,1
011,1,4,1,1,5,4,0,1,11110,0,1
011,1,4,1,2,6,5,0,1,11110,0,1
011,1,4,1,3,7,6,0,1,11110,0,1
011,1,4,2,0,3,2,0,1,1110,0,1
011,1,4,2,1,4,3,0,1,1110,0,1
011,1,4,2,2,5,4,0,1,1110,0,1
011,1,4,2,3,6,5,0,1,1110,0,1
011,1,4,3,0,2,1,0,1,11,0,1
011,1,4,3,1,3,2,0,1,110,0,1
011,1,4,3,2,4,3,0,1,110,0,1
011,1,4,3,3,5,4,0,1,110,0,1
011,1,4,4,0,2,1,0,1,10,0,1
011,1,4,4,1,2,1,0,1,1,0,1
011,1,4,4,2,3,2,0,1,10,0,1
011,1,4,4,3,4,3,0,1,10,0,1
011,11,4,0,0,10,9,0,1,111110,0,1
011,11,4,0,1,11,10,0,1,111110,0,1
011,11,4,0,2,12,11,0,1,111110,0,1
011,11,4,0,3,12,11,0,1,0111110,0,1
011,11,4,1,0,8,7,0,1,11110,0,1
011,11,4,1,1,9,8,0,1,11110,0,1
011,11,4,1,2,10,9,0,1,11110,0,1
011,11,4,1,3,11,10,0,1,11110,0,1
011,11,4,2,0,6,5,0,1,1110,0,1
011,11,4,2,1,7,6,0,1,1110,0,1
011,11,4,2,2,8,7,0,1,1110,0,1
011,11,4,2,3,9,8,0,1,1110,0,1
011,11,4,3,0,4,3,0,1,110,0,1
011,11,4,3,1,5,4,0,1,110,0,1
011,11,4,3,2,6,5,0,1,110,0,1
011,11,4,3,3,7,6,0,1,110,0,1
011,11,4,4,0,2,1,0,1,1,0,1
011,11,4,4,1,3,2,0,1,10,0,1
011,11,4,4,2,4,3,0,1,10,0,1
011,11,4,4,3,5,4,0,1,10,0,1
011,111,4,0,0,15,14,0,1,111110,0,1
011,111,4,0,1,16,15,0,1,111110,0,1
011,111,4,0,2,17,16,0,1,111110,0,1
011,111,4,0,3,17,16,0,1,0111110,0,1
011,111,4,1,0,12,11,0,1,11110,0,1
011,111,4,1,1,13,12,0,1,11110,0,1
011,111,4,1,2,14,13,0,1,11110,0,1
011,111,4,1,3,15,14,0,1,11110,0,1
011,111,4,2,0,9,8,0,1,1110,0,1
011,111,4,2,1,10,9,0,1,1110,0,1
011,111,4,2,2,11,10,0,1,1110,0,1
011,111,4,2,3,12,11,0,1,1110,0,1
011,111,4,3,0,6,5,0,1,110,0,1
011,111,4,3,1,7,6,0,1,110,0,1
011,111,4,3,2,8,7,0,1,110,0,1
011,111,4,3,3,9,8,0,1,110,0,1
011,111,4,4,0,3,2,0,1,10,0,1
011,111,4,4,1,4,3,0,1,10,0,1
011,111,4,4,2,5,4,0,1,10,0,1
011,111,4,4,3,6,5,0,1,10,0,1
100,1,4,0,0,6,5,0,1,111110,0,1
100,1,4,0,1,6,5,0,1,0111110,0,1
100,1,4,0,2,6,5,0,1,0111110,0,1
100,1,4,0,3,6,5,0,1,0111110,0,1
100,1,4,1,0,5,4,0,1,11110,0,1
100,1,4,1,1,6,5,0,1,11110,0,1
100,1,4,1,2,6,5,0,1,0111110,0,1
100,1,4,1,3,6,5,0,1,0111110,0,1
100,1,4,2,0,4,3,0,1,1110,0,1
100,1,4,2,1,5,4,0,1,1110,0,1
100,1,4,2,2,6,5,0,1,1110,0,1
100,1,4,2,3,6,5,0,1,0111110,0,1
100,1,4,3,0,3,2,0,1,110,0,1
100,1,4,3,1,4,3,0,1,110,0,1
100,1,4,3,2,5,4,0,1,110,0,1
100,1,4,3,3,6,5,0,1,110,0,1
100,1,4,4,0,2,1,0,1,10,0,1
100,1,4,4,1,3,2,0,1,10,0,1
100,1,4,4,2,4,3,0,1,10,0,1
100,1,4,4,3,5,4,0,1,10,0,1
100,11,4,0,0,11,10,0,1,111110,0,1
100,11,4,0,1,11,10,0,1,0111110,0,1
100,11,4,0,2,11,10,0,1,0111110,0,1
100,11,4,0,3,11,10,0,1,0111110,0,1
100,11,4,1,0,9,8,0,1,11110,0,1
100,11,4,1,1,10,9,0,1,11110,0,1
100,11,4,1,2,11,10,0,1,11110,0,1
100,11,4,1,3,11,10,0,1,0111110,0,1
100,11,4,2,0,7,6,0,1,1110,0,1
100,11,4,2,1,8,7,0,1,1110,0,1
100,11,4,2,2,9,8,0,1,1110,0,1
100,11,4,2,3,10,9,0,1,1110,0,1
100,11,4,3,0,5,4,0,1,110,0,1
100,11,4,3,1,6,5,0,1,110,0,1
100,11,4,3,2,7,6,0,1,110,0,1
100,11,4,3,3,8,7,0,1,110,0,1
100,11,4,4,0,3,2,0,1,10,0,1
100,11,4,4,1,4,3,0,1,10,0,1
100,11,4,4,2,5,4,0,1,10,0,1
100,11,4,4,3,6,5,0,1,10,0,1
100,111,4,0,0,16,15,0,1,111110,0,1
100,111,4,0,1,16,15,0,1,0111110,0,1
100,111,4,0,2,16,15,0,1,0111110,0,1
100,111,4,0,3,16,15,0,1,0111110,0,1
100,111,4,1,0,13,12,0,1,11110,0,1
100,111,4,1,1,14,13,0,1,11110,0,1
100,111,4,1,2,15,14,0,1,11110,0,1
100,111,4,1,3,16,15,0,1,11110,0,1
100,111,4,2,0,10,9,0,1,1110,0,1
100,111,4,2,1,11,10,0,1,1110,0,1
100,111,4,2,2,12,11,0,1,1110,0,1
100,111,4,2,3,13,12,0,1,1110,0,1
100,111,4,3,0,7,6,0,1,110,0,1
100,111,4,3,1,8,7,0,1,110,0,1
100,111,4,3,2,9,8,0,1,110,0,1
100,111,4,3,3,10,9,0,1,110,0,1
100,111,4,4,0,4,3,0,1,10,0,1
100,111,4,4,1,5,4,0,1,10,0,1
100,111,4,4,2,6,5,0,1,10,0,1
100,111,4,4,3,7,6,0,1,10,0,1
101,1,4,0,0,6,5,0,1,111110,0,1
101,1,4,0,1,7,6,0,1,111110,0,1
101,1,4,0,2,7,6,0,1,0111110,0,1
101,1,4,0,3,7,6,0,1,0111110,0,1
101,1,4,1,0,5,4,0,1,11110,0,1
101,1,4,1,1,6,5,0,1,11110,0,1
101,1,4,1,2,7,6,0,1,11110,0,1
101,1,4,1,3,7,6,0,1,0111110,0,1
101,1,4,2,0,4,3,0,1,1110,0,1
101,1,4,2,1,5,4,0,1,1110,0,1
101,1,4,2,2,6,5,0,1,1110,0,1
101,1,4,2,3,7,6,0,1,1110,0,1
101,1,4,3,0,3,2,0,1,110,0,1
101,1,4,3,1,4,3,0,1,110,0,1
101,1,4,3,2,5,4,0,1,110,0,1
101,1,4,3,3,6,5,0,1,110,0,1
101,1,4,4,0,2,1,0,1,1,0,1
101,1,4,4,1,3,2,0,1,10,0,1
101,1,4,4,2,4,3,0,1,10,0,1
101,1,4,4,3,5,4,0,1,10,0,1
101,11,4,0,0,11,10,0,1,111110,0,1
101,11,4,0,1,12,11,0,1,111110,0,1
101,11,4,0,2,12,11,0,1,0111110,0,1
101,11,4,0,3,12,11,0,1,0111110,0,1
101,11,4,1,0,9,8,0,1,11110,0,1
101,11,4,1,1,10,9,0,1,11110,0,1
101,11,4,1,2,11,10,0,1,11110,0,1
101,11,4,1,3,12,11,0,1,11110,0,1
101,11,4,2,0,7,6,0,1,1110,0,1
101,11,4,2,1,8,7,0,1,1110,0,1
101,11,4,2,2,9,8,0,1,1110,0,1
101,11,4,2,3,10,9,0,1,1110,0,1
101,11,4,3,0,5,4,0,1,110,0,1
101,11,4,3,1,6,5,0,1,110,0,1
101,11,4,3,2,7,6,0,1,110,0,1
101,11,4,3,3,8,7,0,1,110,0,1
101,11,4,4,0,3,2,0,1,10,0,1
101,11,4,4,1,4,3,0,1,10,0,1
101,11,4,4,2,5,4,0,1,10,0,1
101,11,4,4,3,6,5,0,1,10,0,1
101,111,4,0,0,16,15,0,1,111110,0,1
101,111,4,0,1,17,16,0,1,111110,0,1
101,111,4,0,2,17,16,0,1,0111110,0,1
101,111,4,0,3,17,16,0,1,0111110,0,1
101,111,4,1,0,13,12,0,1,11110,0,1
101,111,4,1,1,14,13,0,1,11110,0,1
101,111,4,1,2,15,14,0,1,11110,0,1
101,111,4,1,3,16,15,0,1,11110,0,1
101,111,4,2,0,10,9,0,1,1110,0,1
101,111,4,2,1,11,10,0,1,1110,0,1
101,111,4,2,2,12,11,0,1,1110,0,1
101,111,4,2,3,13,12,0,1,1110,0,1
101,111,4,3,0,7,6,0,1,110,0,1
101,111,4,3,1,8,7,0,1,110,0,1
101,111,4,3,2,9,8,0,1,110,0,1
101,111,4,3,3,10,9,0,1,110,0,1
101,111,4,4,0,4,3,0,1,10,0,1
101,111,4,4,1,5,4,0,1,10,0,1
101,111,4,4,2,6,5,0,1,10,0,1
101,111,4,4,3,7,6,0,1,10,0,1
110,1,4,0,0,7,6,0,1,111110,0,1
110,1,4,0,1,7,6,0,1,0111110,0,1
110,1,4,0,2,7,6,0,1,0111110,0,1
110,1,4,0,3,7,6,0,1,0111110,0,1
110,1,4,1,0,6,5,0,1,11110,0,1
110,1,4,1,1,7,6,0,1,11110,0,1
110,1,4,1,2,7,6,0,1,0111110,0,1
110,1,4,1,3,7,6,0,1,0111110,0,1
110,1,4,2,0,5,4,0,1,1110,0,1
110,1,4,2,1,6,5,0,1,1110,0,1
110,1,4,2,2,7,6,0,1,1110,0,1
110,1,4,2,3,7,6,0,1,0111110,0,1
110,1,4,3,0,4,3,0,1,110,0,1
110,1,4,3,1,5,4,0,1,110,0,1
110,1,4,3,2,6,5,0,1,110,0,1
110,1,4,3,3,7,6,0,1,110,0,1
110,1,4,4,0,3,2,0,1,10,0,1
110,1,4,4,1,4,3,0,1,10,0,1
110,1,4,4,2,5,4,0,1,10,0,1
110,1,4,4,3,6,5,0,1,10,0,1
110,11,4,0,0,12,11,0,1,111110,0,1
110,11,4,0,1,12,11,0,1,0111110,0,1
110,11,4,0,2,12,11,0,1,0111110,0,1
110,11,4,0,3,12,11,0,1,0111110,0,1
110,11,4,1,0,10,9,0,1,11110,0,1
110,11,4,1,1,11,10,0,1,11110,0,1
110,11,4,1,2,12,11,0,1,11110,0,1
110,11,4,1,3,12,11,0,1,0111110,0,1
110,11,4,2,0,8,7,0,1,1110,0,1
110,11,4,2,1,9,8,0,1,1110,0,1
110,11,4,2,2,10,9,0,1,1110,0,1
110,11,4,2,3,11,10,0,1,1110,0,1
110,11,4,3,0,6,5,0,1,110,0,1
110,11,4,3,1,7,6,0,1,110,0,1
110,11,4,3,2,8,7,0,1,110,0,1
110,11,4,3,3,9,8,0,1,110,0,1
110,11,4,4,0,4,3,0,1,10,0,1
110,11,4,4,1,5,4,0,1,10,0,1
110,11,4,4,2,6,5,0,1,10,0,1
110,11,4,4,3,7,6,0,1,10,0,1
110,111,4,0,0,17,16,0,1,111110,0,1
110,111,4,0,1,17,16,0,1,0111110,0,1
110,111,4,0,2,17,16,0,1,0111110,0,1
110,111,4,0,3,17,16,0,1,0111110,0,1
110,111,4,1,0,14,13,0,1,11110,0,1
110,111,4,1,1,15,14,0,1,11110,0,1
110,111,4,1,2,16,15,0,1,11110,0,1
110,111,4,1,3,17,16,0,1,11110,0,1
110,111,4,2,0,11,10,0,1,1110,0,1
110,111,4,2,1,12,11,0,1,1110,0,1
110,111,4,2,2,13,12,0,1,1110,0,1
110,111,4,2,3,14,13,0,1,1110,0,1
110,111,4,3,0,8,7,0,1,110,0,1
110,111,4,3,1,9,8,0,1,110,0,1
110,111,4,3,2,10,9,0,1,110,0,1
110,111,4,3,3,11,10,0,1,110,0,1
110,111,4,4,0,5,4,0,1,10,0,1
110,111,4,4,1,6,5,0,1,10,0,1
110,111,4,4,2,7,6,0,1,10,0,1
110,111,4,4,3,8,7,0,1,10,0,1
